-- phpMyAdmin SQL Dump
-- version 4.4.15.9
-- https://www.phpmyadmin.net
--
-- Anamakine: localhost
-- Üretim Zamanı: 24 May 2019, 08:55:38
-- Sunucu sürümü: 5.6.37
-- PHP Sürümü: 5.6.31

SET SQL_MODE = "NO_AUTO_VALUE_ON_ZERO";
SET time_zone = "+00:00";


/*!40101 SET @OLD_CHARACTER_SET_CLIENT=@@CHARACTER_SET_CLIENT */;
/*!40101 SET @OLD_CHARACTER_SET_RESULTS=@@CHARACTER_SET_RESULTS */;
/*!40101 SET @OLD_COLLATION_CONNECTION=@@COLLATION_CONNECTION */;
/*!40101 SET NAMES utf8mb4 */;

--
-- Veritabanı: `aleyna_buse_hisim`
--

-- --------------------------------------------------------

--
-- Tablo için tablo yapısı `citys`
--

CREATE TABLE IF NOT EXISTS `citys` (
  `city_id` int(11) NOT NULL,
  `cityname` varchar(255) NOT NULL,
  `district_id` int(11) NOT NULL
) ENGINE=InnoDB AUTO_INCREMENT=163 DEFAULT CHARSET=latin5;

--
-- Tablo döküm verisi `citys`
--

INSERT INTO `citys` (`city_id`, `cityname`, `district_id`) VALUES
(1, 'ADANA', 1),
(2, 'ADIYAMAN', 2),
(3, 'AFYONKARAHİSAR', 3),
(4, 'AĞRI', 4),
(5, 'AMASYA', 5),
(6, 'ANKARA', 6),
(7, 'ANTALYA', 1),
(8, 'ARTVİN', 5),
(9, 'AYDIN', 3),
(10, 'BALIKESİR', 7),
(11, 'BİLECİK', 7),
(12, 'BİNGÖL', 4),
(13, 'BİTLİS', 4),
(14, 'BOLU', 5),
(15, 'BURDUR', 1),
(16, 'BURSA', 7),
(17, 'ÇANAKKALE', 7),
(18, 'ÇANKIRI', 6),
(19, 'ÇORUM', 5),
(20, 'DENİZLİ', 3),
(21, 'DİYARBAKIR', 2),
(22, 'EDİRNE', 7),
(23, 'ELAZIĞ', 4),
(24, 'ERZİNCAN', 4),
(25, 'ERZURUM', 4),
(26, 'ESKİŞEHİR', 6),
(27, 'GAZİANTEP', 2),
(28, 'GİRESUN', 5),
(29, 'GÜMÜŞHANE', 5),
(30, 'HAKKARİ', 4),
(31, 'HATAY', 1),
(32, 'ISPARTA', 1),
(33, 'MERSİN', 1),
(34, 'İSTANBUL', 7),
(35, 'İZMİR', 3),
(36, 'KARS', 4),
(37, 'KASTAMONU', 5),
(38, 'KAYSERİ', 6),
(39, 'KIRKLARELİ', 7),
(40, 'KIRŞEHİR', 6),
(41, 'KOCAELİ', 7),
(42, 'KONYA', 6),
(43, 'KÜTAHYA', 3),
(44, 'MALATYA', 4),
(45, 'MANİSA', 3),
(46, 'KAHRAMANMARAŞ', 1),
(47, 'MARDİN', 2),
(48, 'MUĞLA', 3),
(49, 'MUŞ', 4),
(50, 'NEVŞEHİR', 6),
(51, 'NİĞDE', 6),
(52, 'ORDU', 5),
(53, 'RİZE', 5),
(54, 'SAKARYA', 7),
(55, 'SAMSUN', 5),
(56, 'SİİRT', 2),
(57, 'SİNOP', 5),
(58, 'SİVAS', 6),
(59, 'TEKİRDAĞ', 7),
(60, 'TOKAT', 5),
(61, 'TRABZON', 5),
(62, 'TUNCELİ', 4),
(63, 'ŞANLIURFA', 2),
(64, 'UŞAK', 3),
(65, 'VAN', 4),
(66, 'YOZGAT', 6),
(67, 'ZONGULDAK', 5),
(68, 'AKSARAY', 6),
(69, 'BAYBURT', 5),
(70, 'KARAMAN', 6),
(71, 'KIRIKKALE', 6),
(72, 'BATMAN', 2),
(73, 'ŞIRNAK', 2),
(74, 'BARTIN', 5),
(75, 'ARDAHAN', 4),
(76, 'IĞDIR', 4),
(77, 'YALOVA', 7),
(78, 'KARABÜK', 5),
(79, 'KİLİS', 2),
(80, 'OSMANİYE', 1),
(81, 'DÜZCE', 5),
(82, 'ADANA', 1),
(83, 'ADIYAMAN', 2),
(84, 'AFYONKARAHİSAR', 3),
(85, 'AĞRI', 4),
(86, 'AMASYA', 5),
(87, 'ANKARA', 6),
(88, 'ANTALYA', 1),
(89, 'ARTVİN', 5),
(90, 'AYDIN', 3),
(91, 'BALIKESİR', 7),
(92, 'BİLECİK', 7),
(93, 'BİNGÖL', 4),
(94, 'BİTLİS', 4),
(95, 'BOLU', 5),
(96, 'BURDUR', 1),
(97, 'BURSA', 7),
(98, 'ÇANAKKALE', 7),
(99, 'ÇANKIRI', 6),
(100, 'ÇORUM', 5),
(101, 'DENİZLİ', 3),
(102, 'DİYARBAKIR', 2),
(103, 'EDİRNE', 7),
(104, 'ELAZIĞ', 4),
(105, 'ERZİNCAN', 4),
(106, 'ERZURUM', 4),
(107, 'ESKİŞEHİR', 6),
(108, 'GAZİANTEP', 2),
(109, 'GİRESUN', 5),
(110, 'GÜMÜŞHANE', 5),
(111, 'HAKKARİ', 4),
(112, 'HATAY', 1),
(113, 'ISPARTA', 1),
(114, 'MERSİN', 1),
(115, 'İSTANBUL', 7),
(116, 'İZMİR', 3),
(117, 'KARS', 4),
(118, 'KASTAMONU', 5),
(119, 'KAYSERİ', 6),
(120, 'KIRKLARELİ', 7),
(121, 'KIRŞEHİR', 6),
(122, 'KOCAELİ', 7),
(123, 'KONYA', 6),
(124, 'KÜTAHYA', 3),
(125, 'MALATYA', 4),
(126, 'MANİSA', 3),
(127, 'KAHRAMANMARAŞ', 1),
(128, 'MARDİN', 2),
(129, 'MUĞLA', 3),
(130, 'MUŞ', 4),
(131, 'NEVŞEHİR', 6),
(132, 'NİĞDE', 6),
(133, 'ORDU', 5),
(134, 'RİZE', 5),
(135, 'SAKARYA', 7),
(136, 'SAMSUN', 5),
(137, 'SİİRT', 2),
(138, 'SİNOP', 5),
(139, 'SİVAS', 6),
(140, 'TEKİRDAĞ', 7),
(141, 'TOKAT', 5),
(142, 'TRABZON', 5),
(143, 'TUNCELİ', 4),
(144, 'ŞANLIURFA', 2),
(145, 'UŞAK', 3),
(146, 'VAN', 4),
(147, 'YOZGAT', 6),
(148, 'ZONGULDAK', 5),
(149, 'AKSARAY', 6),
(150, 'BAYBURT', 5),
(151, 'KARAMAN', 6),
(152, 'KIRIKKALE', 6),
(153, 'BATMAN', 2),
(154, 'ŞIRNAK', 2),
(155, 'BARTIN', 5),
(156, 'ARDAHAN', 4),
(157, 'IĞDIR', 4),
(158, 'YALOVA', 7),
(159, 'KARABÜK', 5),
(160, 'KİLİS', 2),
(161, 'OSMANİYE', 1),
(162, 'DÜZCE', 5);

-- --------------------------------------------------------

--
-- Tablo için tablo yapısı `customers`
--

CREATE TABLE IF NOT EXISTS `customers` (
  `customer_id` int(11) NOT NULL,
  `customer_name` varchar(255) NOT NULL
) ENGINE=InnoDB AUTO_INCREMENT=3241 DEFAULT CHARSET=latin5;

--
-- Tablo döküm verisi `customers`
--

INSERT INTO `customers` (`customer_id`, `customer_name`) VALUES
(1, 'KASIM SEVİMLİ'),
(2, 'TUNCAY BÜYÜKKAL'),
(3, 'ÖZGÜR EROĞLU'),
(4, 'MÜJDAT DEMİRTAŞ'),
(5, 'ASLI ÇAVLI'),
(6, 'MAHMUT ESAT EROĞLU'),
(7, 'FULYA YAVUZ SEZGİN'),
(8, 'HASAN ÇİÇEK'),
(9, 'DAMLA DOĞAN'),
(10, 'TUBA AVCU'),
(11, 'SERAY DOĞAN'),
(12, 'ŞENAY ŞEN'),
(13, 'YAVUZ SELİM KANKILIÇ'),
(14, 'EMİR KAAN ŞAHİN'),
(15, 'MUSTAFA ULAŞ ZAİM'),
(16, 'MEHMET DENİZ OLGEN'),
(17, 'HASAN ALTIN'),
(18, 'EVRE SARIKAYA'),
(19, 'OĞUZ KAĞAN PAKSOY'),
(20, 'ERKİN DENİZ'),
(21, 'SELİM KARDAŞ'),
(22, 'AYHAN ÇOBAN'),
(23, 'BARIŞ KÖKSAL'),
(24, 'EZGİ GİZEM TEOMAN'),
(25, 'İBRAHİM İPEK'),
(26, 'ÜMRAN AK'),
(27, 'BURAK İNSELÖZ'),
(28, 'KADİR GÜMÜRDÜ'),
(29, 'ASUMAN TAYFUR'),
(30, 'MEHTAP ÖZMEN'),
(31, 'YAŞAR BARBAROS ÖZGÜR'),
(32, 'CAHİT ZEYLİ'),
(33, 'ERDEM ÖRENÇ'),
(34, 'SELMA KAHRAMAN'),
(35, 'MEHMET EMRAH KAYA'),
(36, 'NURAY ERAT'),
(37, 'EDİP GÜVENÇ KARADUMAN'),
(38, 'SEVDA DÜZGÜN'),
(39, 'HİLAL TUNÇ'),
(40, 'HASAN CİNBİZ'),
(41, 'GÖZDE GİZEM KURALAY'),
(42, 'İBRAHİM BAKLACI'),
(43, 'TUBA KAYA'),
(44, 'ENNUR OCAK'),
(45, 'MÜŞERREF ALIM'),
(46, 'IŞIK KARAKOYUNLU'),
(47, 'SELAHATTİN KÖKSAL'),
(48, 'RÜŞTÜ SELVAN'),
(49, 'ZEHRA ÖZBEK'),
(50, 'ERDEM ÇİMEN'),
(51, 'ESRA DADALI'),
(52, 'MÜBERRA DEĞİRMENCİ'),
(53, 'HİKMET TAŞTEKİN'),
(54, 'GÖKMEN TOMBUL'),
(55, 'YAĞMUR ÖZCAN'),
(56, 'TAYYAR ALP DOĞAN'),
(57, 'FATİH BURULDAY'),
(58, 'KERİME RUMEYSA ZAİM'),
(59, 'MEDİHA KURT'),
(60, 'YUSUF KARAKAYA'),
(61, 'TAYFUN KÜTÜKOĞLU'),
(62, 'İPEK GÜZELKÜÇÜK'),
(63, 'TİMUÇİN GÖKTAŞ'),
(64, 'PINAR KAVUKOĞLU'),
(65, 'GÖZDE GİZEM KANKILIÇ'),
(66, 'YUSUF PAKSOY'),
(67, 'UMUT ÇİÇEK'),
(68, 'VOLKAN FİLİZAY'),
(69, 'TANSU KEVKİR'),
(70, 'HANDAN ÇEÇEN'),
(71, 'AYŞE KARABULUT'),
(72, 'ŞERİFE KOYUNCU'),
(73, 'DUYGU ALTAŞ'),
(74, 'EVRE UTLU'),
(75, 'YUSUF KAÇER'),
(76, 'FATİH KANNECİ'),
(77, 'SÜLEYMAN UZUN'),
(78, 'ALP DAĞ'),
(79, 'SERKAN ÖZCAN'),
(80, 'YASEMİN ŞENCAN'),
(81, 'TÜRKER TAŞ'),
(82, 'İREM KARAKOYUNLU'),
(83, 'ELİF NİHAL YILDIZ BULUT'),
(84, 'MEHMET ÖZBEK'),
(85, 'BARIŞ BAL'),
(86, 'KURTULUŞ ÇAVLI'),
(87, 'NECMİYE GÜL KANKILIÇ'),
(88, 'BİLGİN ÖZGÜR'),
(89, 'ŞEYMA MELİHA KOÇ'),
(90, 'SANEM GÖKÇEN MERVE YILDIZ'),
(91, 'DENİZ ARMAĞAN OLGEN'),
(92, 'HARUN SAYIN'),
(93, 'AHMET ORAK'),
(94, 'ŞÜKRÜ EROĞLU'),
(95, 'AKSEL DURSUN'),
(96, 'MERT KOCA'),
(97, 'YÜKSEL ŞAHİN'),
(98, 'NESLİHAN SÜMER'),
(99, 'TUTKU SEVİNÇ'),
(100, 'ERKİN ALTAŞ'),
(101, 'SELAHATTİN TAŞDELEN'),
(102, 'BİNNUR ŞAHİN'),
(103, 'NURCAN DEĞİRMENCİ'),
(104, 'EZGİ ATİLLA'),
(105, 'HACER KAYA'),
(106, 'FERHAT TEHLİ'),
(107, 'ÖMER DEMİR'),
(108, 'SERDAR BAL'),
(109, 'MEHMET HİLMİ VAROL'),
(110, 'HÜSEYİN KALKAN EREL'),
(111, 'BAKİ ÇELİK'),
(112, 'HAMDİYE BARAN'),
(113, 'EREM GÖKÇE'),
(114, 'AHMET KARA'),
(115, 'EMİR KAAN ZEYLİ'),
(116, 'İPEK KESKİN'),
(117, 'ERHAN BAŞAR'),
(118, 'MEHMET DENİZ TAŞDELEN'),
(119, 'NİLAY BAĞCI'),
(120, 'HİDAYET KELERCİOĞLU'),
(121, 'MEHMET EMRAH HAMDEMİRCİ'),
(122, 'EDA KOTTAŞ'),
(123, 'ÇAVLAN TURAN'),
(124, 'ÖZEN ÖZLEM GÜNEBAKAN'),
(125, 'YASEMİN ÇELİK'),
(126, 'YİĞİT TÜRKAY'),
(127, 'MEHMET ÖREN'),
(128, 'HASAN SÖKMEN'),
(129, 'TEKİN SEVEN'),
(130, 'ABİDE MERVE KÖKSAL'),
(131, 'CEYDA BERBER'),
(132, 'AHMET ERZURUM'),
(133, 'FUNDA VAROL'),
(134, 'UĞUR SÖKMEN'),
(135, 'BİLGİN TOKAT'),
(136, 'HAYRİYE AKAY'),
(137, 'URAL YAVUZ'),
(138, 'GÖKSEL SEVİMLİ'),
(139, 'TUNCAY BÜYÜKKAL'),
(140, 'ÖZGÜR EROĞLU'),
(141, 'MÜJDAT DEMİRTAŞ'),
(142, 'ASLI ÇAVLI'),
(143, 'MAHMUT ESAT EROĞLU'),
(144, 'FULYA YAVUZ SEZGİN'),
(145, 'HASAN ÇİÇEK'),
(146, 'DAMLA DOĞAN'),
(147, 'TUBA AVCU'),
(148, 'SERAY DOĞAN'),
(149, 'ŞENAY ŞEN'),
(150, 'YAVUZ SELİM KANKILIÇ'),
(151, 'EMİR KAAN ŞAHİN'),
(152, 'MUSTAFA ULAŞ ZAİM'),
(153, 'MEHMET DENİZ OLGEN'),
(154, 'HASAN ALTIN'),
(155, 'EVRE SARIKAYA'),
(156, 'OĞUZ KAĞAN PAKSOY'),
(157, 'ERKİN DENİZ'),
(158, 'SELİM KARDAŞ'),
(159, 'AYHAN ÇOBAN'),
(160, 'BARIŞ KÖKSAL'),
(161, 'EZGİ GİZEM TEOMAN'),
(162, 'İBRAHİM İPEK'),
(163, 'ÜMRAN AK'),
(164, 'BURAK İNSELÖZ'),
(165, 'KADİR GÜMÜRDÜ'),
(166, 'ASUMAN TAYFUR'),
(167, 'MEHTAP ÖZMEN'),
(168, 'YAŞAR BARBAROS ÖZGÜR'),
(169, 'CAHİT ZEYLİ'),
(170, 'ERDEM ÖRENÇ'),
(171, 'SELMA KAHRAMAN'),
(172, 'MEHMET EMRAH KAYA'),
(173, 'NURAY ERAT'),
(174, 'EDİP GÜVENÇ KARADUMAN'),
(175, 'SEVDA DÜZGÜN'),
(176, 'HİLAL TUNÇ'),
(177, 'HASAN CİNBİZ'),
(178, 'GÖZDE GİZEM KURALAY'),
(179, 'İBRAHİM BAKLACI'),
(180, 'TUBA KAYA'),
(181, 'ENNUR OCAK'),
(182, 'MÜŞERREF ALIM'),
(183, 'IŞIK KARAKOYUNLU'),
(184, 'SELAHATTİN KÖKSAL'),
(185, 'RÜŞTÜ SELVAN'),
(186, 'ZEHRA ÖZBEK'),
(187, 'ERDEM ÇİMEN'),
(188, 'ESRA DADALI'),
(189, 'MÜBERRA DEĞİRMENCİ'),
(190, 'HİKMET TAŞTEKİN'),
(191, 'GÖKMEN TOMBUL'),
(192, 'YAĞMUR ÖZCAN'),
(193, 'TAYYAR ALP DOĞAN'),
(194, 'FATİH BURULDAY'),
(195, 'KERİME RUMEYSA ZAİM'),
(196, 'MEDİHA KURT'),
(197, 'YUSUF KARAKAYA'),
(198, 'TAYFUN KÜTÜKOĞLU'),
(199, 'İPEK GÜZELKÜÇÜK'),
(200, 'TİMUÇİN GÖKTAŞ'),
(201, 'PINAR KAVUKOĞLU'),
(202, 'GÖZDE GİZEM KANKILIÇ'),
(203, 'YUSUF PAKSOY'),
(204, 'UMUT ÇİÇEK'),
(205, 'VOLKAN FİLİZAY'),
(206, 'TANSU KEVKİR'),
(207, 'HANDAN ÇEÇEN'),
(208, 'AYŞE KARABULUT'),
(209, 'ŞERİFE KOYUNCU'),
(210, 'DUYGU ALTAŞ'),
(211, 'EVRE UTLU'),
(212, 'YUSUF KAÇER'),
(213, 'FATİH KANNECİ'),
(214, 'SÜLEYMAN UZUN'),
(215, 'ALP DAĞ'),
(216, 'SERKAN ÖZCAN'),
(217, 'YASEMİN ŞENCAN'),
(218, 'TÜRKER TAŞ'),
(219, 'İREM KARAKOYUNLU'),
(220, 'ELİF NİHAL YILDIZ BULUT'),
(221, 'MEHMET ÖZBEK'),
(222, 'BARIŞ BAL'),
(223, 'KURTULUŞ ÇAVLI'),
(224, 'NECMİYE GÜL KANKILIÇ'),
(225, 'BİLGİN ÖZGÜR'),
(226, 'ŞEYMA MELİHA KOÇ'),
(227, 'SANEM GÖKÇEN MERVE YILDIZ'),
(228, 'DENİZ ARMAĞAN OLGEN'),
(229, 'HARUN SAYIN'),
(230, 'AHMET ORAK'),
(231, 'ŞÜKRÜ EROĞLU'),
(232, 'AKSEL DURSUN'),
(233, 'MERT KOCA'),
(234, 'YÜKSEL ŞAHİN'),
(235, 'NESLİHAN SÜMER'),
(236, 'TUTKU SEVİNÇ'),
(237, 'ERKİN ALTAŞ'),
(238, 'SELAHATTİN TAŞDELEN'),
(239, 'BİNNUR ŞAHİN'),
(240, 'NURCAN DEĞİRMENCİ'),
(241, 'EZGİ ATİLLA'),
(242, 'HACER KAYA'),
(243, 'FERHAT TEHLİ'),
(244, 'ÖMER DEMİR'),
(245, 'SERDAR BAL'),
(246, 'MEHMET HİLMİ VAROL'),
(247, 'HÜSEYİN KALKAN EREL'),
(248, 'BAKİ ÇELİK'),
(249, 'HAMDİYE BARAN'),
(250, 'EREM GÖKÇE'),
(251, 'AHMET KARA'),
(252, 'EMİR KAAN ZEYLİ'),
(253, 'İPEK KESKİN'),
(254, 'ERHAN BAŞAR'),
(255, 'MEHMET DENİZ TAŞDELEN'),
(256, 'NİLAY BAĞCI'),
(257, 'HİDAYET KELERCİOĞLU'),
(258, 'MEHMET EMRAH HAMDEMİRCİ'),
(259, 'EDA KOTTAŞ'),
(260, 'ÇAVLAN TURAN'),
(261, 'ÖZEN ÖZLEM GÜNEBAKAN'),
(262, 'YASEMİN ÇELİK'),
(263, 'YİĞİT TÜRKAY'),
(264, 'MEHMET ÖREN'),
(265, 'HASAN SÖKMEN'),
(266, 'TEKİN SEVEN'),
(267, 'ABİDE MERVE KÖKSAL'),
(268, 'CEYDA BERBER'),
(269, 'AHMET ERZURUM'),
(270, 'FUNDA VAROL'),
(271, 'UĞUR SÖKMEN'),
(272, 'BİLGİN TOKAT'),
(273, 'HAYRİYE AKAY'),
(274, 'URAL YAVUZ'),
(275, 'GÖKSEL SEVİMLİ'),
(276, 'TUNCAY BÜYÜKKAL'),
(277, 'ÖZGÜR EROĞLU'),
(278, 'MÜJDAT DEMİRTAŞ'),
(279, 'ASLI ÇAVLI'),
(280, 'MAHMUT ESAT EROĞLU'),
(281, 'FULYA YAVUZ SEZGİN'),
(282, 'HASAN ÇİÇEK'),
(283, 'DAMLA DOĞAN'),
(284, 'TUBA AVCU'),
(285, 'SERAY DOĞAN'),
(286, 'ŞENAY ŞEN'),
(287, 'YAVUZ SELİM KANKILIÇ'),
(288, 'EMİR KAAN ŞAHİN'),
(289, 'MUSTAFA ULAŞ ZAİM'),
(290, 'MEHMET DENİZ OLGEN'),
(291, 'HASAN ALTIN'),
(292, 'EVRE SARIKAYA'),
(293, 'OĞUZ KAĞAN PAKSOY'),
(294, 'ERKİN DENİZ'),
(295, 'SELİM KARDAŞ'),
(296, 'AYHAN ÇOBAN'),
(297, 'BARIŞ KÖKSAL'),
(298, 'EZGİ GİZEM TEOMAN'),
(299, 'İBRAHİM İPEK'),
(300, 'ÜMRAN AK'),
(301, 'BURAK İNSELÖZ'),
(302, 'KADİR GÜMÜRDÜ'),
(303, 'ASUMAN TAYFUR'),
(304, 'MEHTAP ÖZMEN'),
(305, 'YAŞAR BARBAROS ÖZGÜR'),
(306, 'CAHİT ZEYLİ'),
(307, 'ERDEM ÖRENÇ'),
(308, 'SELMA KAHRAMAN'),
(309, 'MEHMET EMRAH KAYA'),
(310, 'NURAY ERAT'),
(311, 'EDİP GÜVENÇ KARADUMAN'),
(312, 'SEVDA DÜZGÜN'),
(313, 'HİLAL TUNÇ'),
(314, 'HASAN CİNBİZ'),
(315, 'GÖZDE GİZEM KURALAY'),
(316, 'İBRAHİM BAKLACI'),
(317, 'TUBA KAYA'),
(318, 'ENNUR OCAK'),
(319, 'MÜŞERREF ALIM'),
(320, 'IŞIK KARAKOYUNLU'),
(321, 'SELAHATTİN KÖKSAL'),
(322, 'RÜŞTÜ SELVAN'),
(323, 'ZEHRA ÖZBEK'),
(324, 'ERDEM ÇİMEN'),
(325, 'ESRA DADALI'),
(326, 'MÜBERRA DEĞİRMENCİ'),
(327, 'HİKMET TAŞTEKİN'),
(328, 'GÖKMEN TOMBUL'),
(329, 'YAĞMUR ÖZCAN'),
(330, 'TAYYAR ALP DOĞAN'),
(331, 'FATİH BURULDAY'),
(332, 'KERİME RUMEYSA ZAİM'),
(333, 'MEDİHA KURT'),
(334, 'YUSUF KARAKAYA'),
(335, 'TAYFUN KÜTÜKOĞLU'),
(336, 'İPEK GÜZELKÜÇÜK'),
(337, 'TİMUÇİN GÖKTAŞ'),
(338, 'PINAR KAVUKOĞLU'),
(339, 'GÖZDE GİZEM KANKILIÇ'),
(340, 'YUSUF PAKSOY'),
(341, 'UMUT ÇİÇEK'),
(342, 'VOLKAN FİLİZAY'),
(343, 'TANSU KEVKİR'),
(344, 'HANDAN ÇEÇEN'),
(345, 'AYŞE KARABULUT'),
(346, 'ŞERİFE KOYUNCU'),
(347, 'DUYGU ALTAŞ'),
(348, 'EVRE UTLU'),
(349, 'YUSUF KAÇER'),
(350, 'FATİH KANNECİ'),
(351, 'SÜLEYMAN UZUN'),
(352, 'ALP DAĞ'),
(353, 'SERKAN ÖZCAN'),
(354, 'YASEMİN ŞENCAN'),
(355, 'TÜRKER TAŞ'),
(356, 'İREM KARAKOYUNLU'),
(357, 'ELİF NİHAL YILDIZ BULUT'),
(358, 'MEHMET ÖZBEK'),
(359, 'BARIŞ BAL'),
(360, 'KURTULUŞ ÇAVLI'),
(361, 'NECMİYE GÜL KANKILIÇ'),
(362, 'BİLGİN ÖZGÜR'),
(363, 'ŞEYMA MELİHA KOÇ'),
(364, 'SANEM GÖKÇEN MERVE YILDIZ'),
(365, 'DENİZ ARMAĞAN OLGEN'),
(366, 'HARUN SAYIN'),
(367, 'AHMET ORAK'),
(368, 'ŞÜKRÜ EROĞLU'),
(369, 'AKSEL DURSUN'),
(370, 'MERT KOCA'),
(371, 'YÜKSEL ŞAHİN'),
(372, 'NESLİHAN SÜMER'),
(373, 'TUTKU SEVİNÇ'),
(374, 'ERKİN ALTAŞ'),
(375, 'SELAHATTİN TAŞDELEN'),
(376, 'BİNNUR ŞAHİN'),
(377, 'NURCAN DEĞİRMENCİ'),
(378, 'EZGİ ATİLLA'),
(379, 'HACER KAYA'),
(380, 'FERHAT TEHLİ'),
(381, 'ÖMER DEMİR'),
(382, 'SERDAR BAL'),
(383, 'MEHMET HİLMİ VAROL'),
(384, 'HÜSEYİN KALKAN EREL'),
(385, 'BAKİ ÇELİK'),
(386, 'HAMDİYE BARAN'),
(387, 'EREM GÖKÇE'),
(388, 'AHMET KARA'),
(389, 'EMİR KAAN ZEYLİ'),
(390, 'İPEK KESKİN'),
(391, 'ERHAN BAŞAR'),
(392, 'MEHMET DENİZ TAŞDELEN'),
(393, 'NİLAY BAĞCI'),
(394, 'HİDAYET KELERCİOĞLU'),
(395, 'MEHMET EMRAH HAMDEMİRCİ'),
(396, 'EDA KOTTAŞ'),
(397, 'ÇAVLAN TURAN'),
(398, 'ÖZEN ÖZLEM GÜNEBAKAN'),
(399, 'YASEMİN ÇELİK'),
(400, 'YİĞİT TÜRKAY'),
(401, 'MEHMET ÖREN'),
(402, 'HASAN SÖKMEN'),
(403, 'TEKİN SEVEN'),
(404, 'ABİDE MERVE KÖKSAL'),
(405, 'CEYDA BERBER'),
(406, 'AHMET ERZURUM'),
(407, 'FUNDA VAROL'),
(408, 'UĞUR SÖKMEN'),
(409, 'BİLGİN TOKAT'),
(410, 'HAYRİYE AKAY'),
(411, 'URAL YAVUZ'),
(412, 'GÖKSEL SEVİMLİ'),
(413, 'TUNCAY BÜYÜKKAL'),
(414, 'ÖZGÜR EROĞLU'),
(415, 'MÜJDAT DEMİRTAŞ'),
(416, 'ASLI ÇAVLI'),
(417, 'MAHMUT ESAT EROĞLU'),
(418, 'FULYA YAVUZ SEZGİN'),
(419, 'HASAN ÇİÇEK'),
(420, 'DAMLA DOĞAN'),
(421, 'TUBA AVCU'),
(422, 'SERAY DOĞAN'),
(423, 'ŞENAY ŞEN'),
(424, 'YAVUZ SELİM KANKILIÇ'),
(425, 'EMİR KAAN ŞAHİN'),
(426, 'MUSTAFA ULAŞ ZAİM'),
(427, 'MEHMET DENİZ OLGEN'),
(428, 'HASAN ALTIN'),
(429, 'EVRE SARIKAYA'),
(430, 'OĞUZ KAĞAN PAKSOY'),
(431, 'ERKİN DENİZ'),
(432, 'SELİM KARDAŞ'),
(433, 'AYHAN ÇOBAN'),
(434, 'BARIŞ KÖKSAL'),
(435, 'EZGİ GİZEM TEOMAN'),
(436, 'İBRAHİM İPEK'),
(437, 'ÜMRAN AK'),
(438, 'BURAK İNSELÖZ'),
(439, 'KADİR GÜMÜRDÜ'),
(440, 'ASUMAN TAYFUR'),
(441, 'MEHTAP ÖZMEN'),
(442, 'YAŞAR BARBAROS ÖZGÜR'),
(443, 'CAHİT ZEYLİ'),
(444, 'ERDEM ÖRENÇ'),
(445, 'SELMA KAHRAMAN'),
(446, 'MEHMET EMRAH KAYA'),
(447, 'NURAY ERAT'),
(448, 'EDİP GÜVENÇ KARADUMAN'),
(449, 'SEVDA DÜZGÜN'),
(450, 'HİLAL TUNÇ'),
(451, 'HASAN CİNBİZ'),
(452, 'GÖZDE GİZEM KURALAY'),
(453, 'İBRAHİM BAKLACI'),
(454, 'TUBA KAYA'),
(455, 'ENNUR OCAK'),
(456, 'MÜŞERREF ALIM'),
(457, 'IŞIK KARAKOYUNLU'),
(458, 'SELAHATTİN KÖKSAL'),
(459, 'RÜŞTÜ SELVAN'),
(460, 'ZEHRA ÖZBEK'),
(461, 'ERDEM ÇİMEN'),
(462, 'ESRA DADALI'),
(463, 'MÜBERRA DEĞİRMENCİ'),
(464, 'HİKMET TAŞTEKİN'),
(465, 'GÖKMEN TOMBUL'),
(466, 'YAĞMUR ÖZCAN'),
(467, 'TAYYAR ALP DOĞAN'),
(468, 'FATİH BURULDAY'),
(469, 'KERİME RUMEYSA ZAİM'),
(470, 'MEDİHA KURT'),
(471, 'YUSUF KARAKAYA'),
(472, 'TAYFUN KÜTÜKOĞLU'),
(473, 'İPEK GÜZELKÜÇÜK'),
(474, 'TİMUÇİN GÖKTAŞ'),
(475, 'PINAR KAVUKOĞLU'),
(476, 'GÖZDE GİZEM KANKILIÇ'),
(477, 'YUSUF PAKSOY'),
(478, 'UMUT ÇİÇEK'),
(479, 'VOLKAN FİLİZAY'),
(480, 'TANSU KEVKİR'),
(481, 'HANDAN ÇEÇEN'),
(482, 'AYŞE KARABULUT'),
(483, 'ŞERİFE KOYUNCU'),
(484, 'DUYGU ALTAŞ'),
(485, 'EVRE UTLU'),
(486, 'YUSUF KAÇER'),
(487, 'FATİH KANNECİ'),
(488, 'SÜLEYMAN UZUN'),
(489, 'ALP DAĞ'),
(490, 'SERKAN ÖZCAN'),
(491, 'YASEMİN ŞENCAN'),
(492, 'TÜRKER TAŞ'),
(493, 'İREM KARAKOYUNLU'),
(494, 'ELİF NİHAL YILDIZ BULUT'),
(495, 'MEHMET ÖZBEK'),
(496, 'BARIŞ BAL'),
(497, 'KURTULUŞ ÇAVLI'),
(498, 'NECMİYE GÜL KANKILIÇ'),
(499, 'BİLGİN ÖZGÜR'),
(500, 'ŞEYMA MELİHA KOÇ'),
(501, 'SANEM GÖKÇEN MERVE YILDIZ'),
(502, 'DENİZ ARMAĞAN OLGEN'),
(503, 'HARUN SAYIN'),
(504, 'AHMET ORAK'),
(505, 'ŞÜKRÜ EROĞLU'),
(506, 'AKSEL DURSUN'),
(507, 'MERT KOCA'),
(508, 'YÜKSEL ŞAHİN'),
(509, 'NESLİHAN SÜMER'),
(510, 'TUTKU SEVİNÇ'),
(511, 'ERKİN ALTAŞ'),
(512, 'SELAHATTİN TAŞDELEN'),
(513, 'BİNNUR ŞAHİN'),
(514, 'NURCAN DEĞİRMENCİ'),
(515, 'EZGİ ATİLLA'),
(516, 'HACER KAYA'),
(517, 'FERHAT TEHLİ'),
(518, 'ÖMER DEMİR'),
(519, 'SERDAR BAL'),
(520, 'MEHMET HİLMİ VAROL'),
(521, 'HÜSEYİN KALKAN EREL'),
(522, 'BAKİ ÇELİK'),
(523, 'HAMDİYE BARAN'),
(524, 'EREM GÖKÇE'),
(525, 'AHMET KARA'),
(526, 'EMİR KAAN ZEYLİ'),
(527, 'İPEK KESKİN'),
(528, 'ERHAN BAŞAR'),
(529, 'MEHMET DENİZ TAŞDELEN'),
(530, 'NİLAY BAĞCI'),
(531, 'HİDAYET KELERCİOĞLU'),
(532, 'MEHMET EMRAH HAMDEMİRCİ'),
(533, 'EDA KOTTAŞ'),
(534, 'ÇAVLAN TURAN'),
(535, 'ÖZEN ÖZLEM GÜNEBAKAN'),
(536, 'YASEMİN ÇELİK'),
(537, 'YİĞİT TÜRKAY'),
(538, 'MEHMET ÖREN'),
(539, 'HASAN SÖKMEN'),
(540, 'TEKİN SEVEN'),
(541, 'ABİDE MERVE KÖKSAL'),
(542, 'CEYDA BERBER'),
(543, 'AHMET ERZURUM'),
(544, 'FUNDA VAROL'),
(545, 'UĞUR SÖKMEN'),
(546, 'BİLGİN TOKAT'),
(547, 'HAYRİYE AKAY'),
(548, 'URAL YAVUZ'),
(549, 'GÖKSEL SEVİMLİ'),
(550, 'TUNCAY BÜYÜKKAL'),
(551, 'ÖZGÜR EROĞLU'),
(552, 'MÜJDAT DEMİRTAŞ'),
(553, 'ASLI ÇAVLI'),
(554, 'MAHMUT ESAT EROĞLU'),
(555, 'FULYA YAVUZ SEZGİN'),
(556, 'HASAN ÇİÇEK'),
(557, 'DAMLA DOĞAN'),
(558, 'TUBA AVCU'),
(559, 'SERAY DOĞAN'),
(560, 'ŞENAY ŞEN'),
(561, 'YAVUZ SELİM KANKILIÇ'),
(562, 'EMİR KAAN ŞAHİN'),
(563, 'MUSTAFA ULAŞ ZAİM'),
(564, 'MEHMET DENİZ OLGEN'),
(565, 'HASAN ALTIN'),
(566, 'EVRE SARIKAYA'),
(567, 'OĞUZ KAĞAN PAKSOY'),
(568, 'ERKİN DENİZ'),
(569, 'SELİM KARDAŞ'),
(570, 'AYHAN ÇOBAN'),
(571, 'BARIŞ KÖKSAL'),
(572, 'EZGİ GİZEM TEOMAN'),
(573, 'İBRAHİM İPEK'),
(574, 'ÜMRAN AK'),
(575, 'BURAK İNSELÖZ'),
(576, 'KADİR GÜMÜRDÜ'),
(577, 'ASUMAN TAYFUR'),
(578, 'MEHTAP ÖZMEN'),
(579, 'YAŞAR BARBAROS ÖZGÜR'),
(580, 'CAHİT ZEYLİ'),
(581, 'ERDEM ÖRENÇ'),
(582, 'SELMA KAHRAMAN'),
(583, 'MEHMET EMRAH KAYA'),
(584, 'NURAY ERAT'),
(585, 'EDİP GÜVENÇ KARADUMAN'),
(586, 'SEVDA DÜZGÜN'),
(587, 'HİLAL TUNÇ'),
(588, 'HASAN CİNBİZ'),
(589, 'GÖZDE GİZEM KURALAY'),
(590, 'İBRAHİM BAKLACI'),
(591, 'TUBA KAYA'),
(592, 'ENNUR OCAK'),
(593, 'MÜŞERREF ALIM'),
(594, 'IŞIK KARAKOYUNLU'),
(595, 'SELAHATTİN KÖKSAL'),
(596, 'RÜŞTÜ SELVAN'),
(597, 'ZEHRA ÖZBEK'),
(598, 'ERDEM ÇİMEN'),
(599, 'ESRA DADALI'),
(600, 'MÜBERRA DEĞİRMENCİ'),
(601, 'HİKMET TAŞTEKİN'),
(602, 'GÖKMEN TOMBUL'),
(603, 'YAĞMUR ÖZCAN'),
(604, 'TAYYAR ALP DOĞAN'),
(605, 'FATİH BURULDAY'),
(606, 'KERİME RUMEYSA ZAİM'),
(607, 'MEDİHA KURT'),
(608, 'YUSUF KARAKAYA'),
(609, 'TAYFUN KÜTÜKOĞLU'),
(610, 'İPEK GÜZELKÜÇÜK'),
(611, 'TİMUÇİN GÖKTAŞ'),
(612, 'PINAR KAVUKOĞLU'),
(613, 'GÖZDE GİZEM KANKILIÇ'),
(614, 'YUSUF PAKSOY'),
(615, 'UMUT ÇİÇEK'),
(616, 'VOLKAN FİLİZAY'),
(617, 'TANSU KEVKİR'),
(618, 'HANDAN ÇEÇEN'),
(619, 'AYŞE KARABULUT'),
(620, 'ŞERİFE KOYUNCU'),
(621, 'DUYGU ALTAŞ'),
(622, 'EVRE UTLU'),
(623, 'YUSUF KAÇER'),
(624, 'FATİH KANNECİ'),
(625, 'SÜLEYMAN UZUN'),
(626, 'ALP DAĞ'),
(627, 'SERKAN ÖZCAN'),
(628, 'YASEMİN ŞENCAN'),
(629, 'TÜRKER TAŞ'),
(630, 'İREM KARAKOYUNLU'),
(631, 'ELİF NİHAL YILDIZ BULUT'),
(632, 'MEHMET ÖZBEK'),
(633, 'BARIŞ BAL'),
(634, 'KURTULUŞ ÇAVLI'),
(635, 'NECMİYE GÜL KANKILIÇ'),
(636, 'BİLGİN ÖZGÜR'),
(637, 'ŞEYMA MELİHA KOÇ'),
(638, 'SANEM GÖKÇEN MERVE YILDIZ'),
(639, 'DENİZ ARMAĞAN OLGEN'),
(640, 'HARUN SAYIN'),
(641, 'AHMET ORAK'),
(642, 'ŞÜKRÜ EROĞLU'),
(643, 'AKSEL DURSUN'),
(644, 'MERT KOCA'),
(645, 'YÜKSEL ŞAHİN'),
(646, 'NESLİHAN SÜMER'),
(647, 'TUTKU SEVİNÇ'),
(648, 'ERKİN ALTAŞ'),
(649, 'SELAHATTİN TAŞDELEN'),
(650, 'BİNNUR ŞAHİN'),
(651, 'NURCAN DEĞİRMENCİ'),
(652, 'EZGİ ATİLLA'),
(653, 'HACER KAYA'),
(654, 'FERHAT TEHLİ'),
(655, 'ÖMER DEMİR'),
(656, 'SERDAR BAL'),
(657, 'MEHMET HİLMİ VAROL'),
(658, 'HÜSEYİN KALKAN EREL'),
(659, 'BAKİ ÇELİK'),
(660, 'HAMDİYE BARAN'),
(661, 'EREM GÖKÇE'),
(662, 'AHMET KARA'),
(663, 'EMİR KAAN ZEYLİ'),
(664, 'İPEK KESKİN'),
(665, 'ERHAN BAŞAR'),
(666, 'MEHMET DENİZ TAŞDELEN'),
(667, 'NİLAY BAĞCI'),
(668, 'HİDAYET KELERCİOĞLU'),
(669, 'MEHMET EMRAH HAMDEMİRCİ'),
(670, 'EDA KOTTAŞ'),
(671, 'ÇAVLAN TURAN'),
(672, 'ÖZEN ÖZLEM GÜNEBAKAN'),
(673, 'YASEMİN ÇELİK'),
(674, 'YİĞİT TÜRKAY'),
(675, 'MEHMET ÖREN'),
(676, 'HASAN SÖKMEN'),
(677, 'TEKİN SEVEN'),
(678, 'ABİDE MERVE KÖKSAL'),
(679, 'CEYDA BERBER'),
(680, 'AHMET ERZURUM'),
(681, 'FUNDA VAROL'),
(682, 'UĞUR SÖKMEN'),
(683, 'BİLGİN TOKAT'),
(684, 'HAYRİYE AKAY'),
(685, 'URAL YAVUZ'),
(686, 'GÖKSEL SEVİMLİ'),
(687, 'TUNCAY BÜYÜKKAL'),
(688, 'ÖZGÜR EROĞLU'),
(689, 'MÜJDAT DEMİRTAŞ'),
(690, 'ASLI ÇAVLI'),
(691, 'MAHMUT ESAT EROĞLU'),
(692, 'FULYA YAVUZ SEZGİN'),
(693, 'HASAN ÇİÇEK'),
(694, 'DAMLA DOĞAN'),
(695, 'TUBA AVCU'),
(696, 'SERAY DOĞAN'),
(697, 'ŞENAY ŞEN'),
(698, 'YAVUZ SELİM KANKILIÇ'),
(699, 'EMİR KAAN ŞAHİN'),
(700, 'MUSTAFA ULAŞ ZAİM'),
(701, 'MEHMET DENİZ OLGEN'),
(702, 'HASAN ALTIN'),
(703, 'EVRE SARIKAYA'),
(704, 'OĞUZ KAĞAN PAKSOY'),
(705, 'ERKİN DENİZ'),
(706, 'SELİM KARDAŞ'),
(707, 'AYHAN ÇOBAN'),
(708, 'BARIŞ KÖKSAL'),
(709, 'EZGİ GİZEM TEOMAN'),
(710, 'İBRAHİM İPEK'),
(711, 'ÜMRAN AK'),
(712, 'BURAK İNSELÖZ'),
(713, 'KADİR GÜMÜRDÜ'),
(714, 'ASUMAN TAYFUR'),
(715, 'MEHTAP ÖZMEN'),
(716, 'YAŞAR BARBAROS ÖZGÜR'),
(717, 'CAHİT ZEYLİ'),
(718, 'ERDEM ÖRENÇ'),
(719, 'SELMA KAHRAMAN'),
(720, 'MEHMET EMRAH KAYA'),
(721, 'NURAY ERAT'),
(722, 'EDİP GÜVENÇ KARADUMAN'),
(723, 'SEVDA DÜZGÜN'),
(724, 'HİLAL TUNÇ'),
(725, 'HASAN CİNBİZ'),
(726, 'GÖZDE GİZEM KURALAY'),
(727, 'İBRAHİM BAKLACI'),
(728, 'TUBA KAYA'),
(729, 'ENNUR OCAK'),
(730, 'MÜŞERREF ALIM'),
(731, 'IŞIK KARAKOYUNLU'),
(732, 'SELAHATTİN KÖKSAL'),
(733, 'RÜŞTÜ SELVAN'),
(734, 'ZEHRA ÖZBEK'),
(735, 'ERDEM ÇİMEN'),
(736, 'ESRA DADALI'),
(737, 'MÜBERRA DEĞİRMENCİ'),
(738, 'HİKMET TAŞTEKİN'),
(739, 'GÖKMEN TOMBUL'),
(740, 'YAĞMUR ÖZCAN'),
(741, 'TAYYAR ALP DOĞAN'),
(742, 'FATİH BURULDAY'),
(743, 'KERİME RUMEYSA ZAİM'),
(744, 'MEDİHA KURT'),
(745, 'YUSUF KARAKAYA'),
(746, 'TAYFUN KÜTÜKOĞLU'),
(747, 'İPEK GÜZELKÜÇÜK'),
(748, 'TİMUÇİN GÖKTAŞ'),
(749, 'PINAR KAVUKOĞLU'),
(750, 'GÖZDE GİZEM KANKILIÇ'),
(751, 'YUSUF PAKSOY'),
(752, 'UMUT ÇİÇEK'),
(753, 'VOLKAN FİLİZAY'),
(754, 'TANSU KEVKİR'),
(755, 'HANDAN ÇEÇEN'),
(756, 'AYŞE KARABULUT'),
(757, 'ŞERİFE KOYUNCU'),
(758, 'DUYGU ALTAŞ'),
(759, 'EVRE UTLU'),
(760, 'YUSUF KAÇER'),
(761, 'FATİH KANNECİ'),
(762, 'SÜLEYMAN UZUN'),
(763, 'ALP DAĞ'),
(764, 'SERKAN ÖZCAN'),
(765, 'YASEMİN ŞENCAN'),
(766, 'TÜRKER TAŞ'),
(767, 'İREM KARAKOYUNLU'),
(768, 'ELİF NİHAL YILDIZ BULUT'),
(769, 'MEHMET ÖZBEK'),
(770, 'BARIŞ BAL'),
(771, 'KURTULUŞ ÇAVLI'),
(772, 'NECMİYE GÜL KANKILIÇ'),
(773, 'BİLGİN ÖZGÜR'),
(774, 'ŞEYMA MELİHA KOÇ'),
(775, 'SANEM GÖKÇEN MERVE YILDIZ'),
(776, 'DENİZ ARMAĞAN OLGEN'),
(777, 'HARUN SAYIN'),
(778, 'AHMET ORAK'),
(779, 'ŞÜKRÜ EROĞLU'),
(780, 'AKSEL DURSUN'),
(781, 'MERT KOCA'),
(782, 'YÜKSEL ŞAHİN'),
(783, 'NESLİHAN SÜMER'),
(784, 'TUTKU SEVİNÇ'),
(785, 'ERKİN ALTAŞ'),
(786, 'SELAHATTİN TAŞDELEN'),
(787, 'BİNNUR ŞAHİN'),
(788, 'NURCAN DEĞİRMENCİ'),
(789, 'EZGİ ATİLLA'),
(790, 'HACER KAYA'),
(791, 'FERHAT TEHLİ'),
(792, 'ÖMER DEMİR'),
(793, 'SERDAR BAL'),
(794, 'MEHMET HİLMİ VAROL'),
(795, 'HÜSEYİN KALKAN EREL'),
(796, 'BAKİ ÇELİK'),
(797, 'HAMDİYE BARAN'),
(798, 'EREM GÖKÇE'),
(799, 'AHMET KARA'),
(800, 'EMİR KAAN ZEYLİ'),
(801, 'İPEK KESKİN'),
(802, 'ERHAN BAŞAR'),
(803, 'MEHMET DENİZ TAŞDELEN'),
(804, 'NİLAY BAĞCI'),
(805, 'HİDAYET KELERCİOĞLU'),
(806, 'MEHMET EMRAH HAMDEMİRCİ'),
(807, 'EDA KOTTAŞ'),
(808, 'ÇAVLAN TURAN'),
(809, 'ÖZEN ÖZLEM GÜNEBAKAN'),
(810, 'YASEMİN ÇELİK'),
(811, 'YİĞİT TÜRKAY'),
(812, 'MEHMET ÖREN'),
(813, 'HASAN SÖKMEN'),
(814, 'TEKİN SEVEN'),
(815, 'ABİDE MERVE KÖKSAL'),
(816, 'CEYDA BERBER'),
(817, 'AHMET ERZURUM'),
(818, 'FUNDA VAROL'),
(819, 'UĞUR SÖKMEN'),
(820, 'BİLGİN TOKAT'),
(821, 'HAYRİYE AKAY'),
(822, 'URAL YAVUZ'),
(823, 'GÖKSEL SEVİMLİ'),
(824, 'TUNCAY BÜYÜKKAL'),
(825, 'ÖZGÜR EROĞLU'),
(826, 'MÜJDAT DEMİRTAŞ'),
(827, 'ASLI ÇAVLI'),
(828, 'MAHMUT ESAT EROĞLU'),
(829, 'FULYA YAVUZ SEZGİN'),
(830, 'HASAN ÇİÇEK'),
(831, 'DAMLA DOĞAN'),
(832, 'TUBA AVCU'),
(833, 'SERAY DOĞAN'),
(834, 'ŞENAY ŞEN'),
(835, 'YAVUZ SELİM KANKILIÇ'),
(836, 'EMİR KAAN ŞAHİN'),
(837, 'MUSTAFA ULAŞ ZAİM'),
(838, 'MEHMET DENİZ OLGEN'),
(839, 'HASAN ALTIN'),
(840, 'EVRE SARIKAYA'),
(841, 'OĞUZ KAĞAN PAKSOY'),
(842, 'ERKİN DENİZ'),
(843, 'SELİM KARDAŞ'),
(844, 'AYHAN ÇOBAN'),
(845, 'BARIŞ KÖKSAL'),
(846, 'EZGİ GİZEM TEOMAN'),
(847, 'İBRAHİM İPEK'),
(848, 'ÜMRAN AK'),
(849, 'BURAK İNSELÖZ'),
(850, 'KADİR GÜMÜRDÜ'),
(851, 'ASUMAN TAYFUR'),
(852, 'MEHTAP ÖZMEN'),
(853, 'YAŞAR BARBAROS ÖZGÜR'),
(854, 'CAHİT ZEYLİ'),
(855, 'ERDEM ÖRENÇ'),
(856, 'SELMA KAHRAMAN'),
(857, 'MEHMET EMRAH KAYA'),
(858, 'NURAY ERAT'),
(859, 'EDİP GÜVENÇ KARADUMAN'),
(860, 'SEVDA DÜZGÜN'),
(861, 'HİLAL TUNÇ'),
(862, 'HASAN CİNBİZ'),
(863, 'GÖZDE GİZEM KURALAY'),
(864, 'İBRAHİM BAKLACI'),
(865, 'TUBA KAYA'),
(866, 'ENNUR OCAK'),
(867, 'MÜŞERREF ALIM'),
(868, 'IŞIK KARAKOYUNLU'),
(869, 'SELAHATTİN KÖKSAL'),
(870, 'RÜŞTÜ SELVAN'),
(871, 'ZEHRA ÖZBEK'),
(872, 'ERDEM ÇİMEN'),
(873, 'ESRA DADALI'),
(874, 'MÜBERRA DEĞİRMENCİ'),
(875, 'HİKMET TAŞTEKİN'),
(876, 'GÖKMEN TOMBUL'),
(877, 'YAĞMUR ÖZCAN'),
(878, 'TAYYAR ALP DOĞAN'),
(879, 'FATİH BURULDAY'),
(880, 'KERİME RUMEYSA ZAİM'),
(881, 'MEDİHA KURT'),
(882, 'YUSUF KARAKAYA'),
(883, 'TAYFUN KÜTÜKOĞLU'),
(884, 'İPEK GÜZELKÜÇÜK'),
(885, 'TİMUÇİN GÖKTAŞ'),
(886, 'PINAR KAVUKOĞLU'),
(887, 'GÖZDE GİZEM KANKILIÇ'),
(888, 'YUSUF PAKSOY'),
(889, 'UMUT ÇİÇEK'),
(890, 'VOLKAN FİLİZAY'),
(891, 'TANSU KEVKİR'),
(892, 'HANDAN ÇEÇEN'),
(893, 'AYŞE KARABULUT'),
(894, 'ŞERİFE KOYUNCU'),
(895, 'DUYGU ALTAŞ'),
(896, 'EVRE UTLU'),
(897, 'YUSUF KAÇER'),
(898, 'FATİH KANNECİ'),
(899, 'SÜLEYMAN UZUN'),
(900, 'ALP DAĞ'),
(901, 'SERKAN ÖZCAN'),
(902, 'YASEMİN ŞENCAN'),
(903, 'TÜRKER TAŞ'),
(904, 'İREM KARAKOYUNLU'),
(905, 'ELİF NİHAL YILDIZ BULUT'),
(906, 'MEHMET ÖZBEK'),
(907, 'BARIŞ BAL'),
(908, 'KURTULUŞ ÇAVLI'),
(909, 'NECMİYE GÜL KANKILIÇ'),
(910, 'BİLGİN ÖZGÜR'),
(911, 'ŞEYMA MELİHA KOÇ'),
(912, 'SANEM GÖKÇEN MERVE YILDIZ'),
(913, 'DENİZ ARMAĞAN OLGEN'),
(914, 'HARUN SAYIN'),
(915, 'AHMET ORAK'),
(916, 'ŞÜKRÜ EROĞLU'),
(917, 'AKSEL DURSUN'),
(918, 'MERT KOCA'),
(919, 'YÜKSEL ŞAHİN'),
(920, 'NESLİHAN SÜMER'),
(921, 'TUTKU SEVİNÇ'),
(922, 'ERKİN ALTAŞ'),
(923, 'SELAHATTİN TAŞDELEN'),
(924, 'BİNNUR ŞAHİN'),
(925, 'NURCAN DEĞİRMENCİ'),
(926, 'EZGİ ATİLLA'),
(927, 'HACER KAYA'),
(928, 'FERHAT TEHLİ'),
(929, 'ÖMER DEMİR'),
(930, 'SERDAR BAL'),
(931, 'MEHMET HİLMİ VAROL'),
(932, 'HÜSEYİN KALKAN EREL'),
(933, 'BAKİ ÇELİK'),
(934, 'HAMDİYE BARAN'),
(935, 'EREM GÖKÇE'),
(936, 'AHMET KARA'),
(937, 'EMİR KAAN ZEYLİ'),
(938, 'İPEK KESKİN'),
(939, 'ERHAN BAŞAR'),
(940, 'MEHMET DENİZ TAŞDELEN'),
(941, 'NİLAY BAĞCI'),
(942, 'HİDAYET KELERCİOĞLU'),
(943, 'MEHMET EMRAH HAMDEMİRCİ'),
(944, 'EDA KOTTAŞ'),
(945, 'ÇAVLAN TURAN'),
(946, 'ÖZEN ÖZLEM GÜNEBAKAN'),
(947, 'YASEMİN ÇELİK'),
(948, 'YİĞİT TÜRKAY'),
(949, 'MEHMET ÖREN'),
(950, 'HASAN SÖKMEN'),
(951, 'TEKİN SEVEN'),
(952, 'ABİDE MERVE KÖKSAL'),
(953, 'CEYDA BERBER'),
(954, 'AHMET ERZURUM'),
(955, 'FUNDA VAROL'),
(956, 'UĞUR SÖKMEN'),
(957, 'BİLGİN TOKAT'),
(958, 'HAYRİYE AKAY'),
(959, 'URAL YAVUZ'),
(960, 'GÖKSEL SEVİMLİ'),
(961, 'TUNCAY BÜYÜKKAL'),
(962, 'ÖZGÜR EROĞLU'),
(963, 'MÜJDAT DEMİRTAŞ'),
(964, 'ASLI ÇAVLI'),
(965, 'MAHMUT ESAT EROĞLU'),
(966, 'FULYA YAVUZ SEZGİN'),
(967, 'HASAN ÇİÇEK'),
(968, 'DAMLA DOĞAN'),
(969, 'TUBA AVCU'),
(970, 'SERAY DOĞAN'),
(971, 'ŞENAY ŞEN'),
(972, 'YAVUZ SELİM KANKILIÇ'),
(973, 'EMİR KAAN ŞAHİN'),
(974, 'MUSTAFA ULAŞ ZAİM'),
(975, 'MEHMET DENİZ OLGEN'),
(976, 'HASAN ALTIN'),
(977, 'EVRE SARIKAYA'),
(978, 'OĞUZ KAĞAN PAKSOY'),
(979, 'ERKİN DENİZ'),
(980, 'SELİM KARDAŞ'),
(981, 'AYHAN ÇOBAN'),
(982, 'BARIŞ KÖKSAL'),
(983, 'EZGİ GİZEM TEOMAN'),
(984, 'İBRAHİM İPEK'),
(985, 'ÜMRAN AK'),
(986, 'BURAK İNSELÖZ'),
(987, 'KADİR GÜMÜRDÜ'),
(988, 'ASUMAN TAYFUR'),
(989, 'MEHTAP ÖZMEN'),
(990, 'YAŞAR BARBAROS ÖZGÜR'),
(991, 'CAHİT ZEYLİ'),
(992, 'ERDEM ÖRENÇ'),
(993, 'SELMA KAHRAMAN'),
(994, 'MEHMET EMRAH KAYA'),
(995, 'NURAY ERAT'),
(996, 'EDİP GÜVENÇ KARADUMAN'),
(997, 'SEVDA DÜZGÜN'),
(998, 'HİLAL TUNÇ'),
(999, 'HASAN CİNBİZ'),
(1000, 'GÖZDE GİZEM KURALAY'),
(1001, 'İBRAHİM BAKLACI'),
(1002, 'TUBA KAYA'),
(1003, 'ENNUR OCAK'),
(1004, 'MÜŞERREF ALIM'),
(1005, 'IŞIK KARAKOYUNLU'),
(1006, 'SELAHATTİN KÖKSAL'),
(1007, 'RÜŞTÜ SELVAN'),
(1008, 'ZEHRA ÖZBEK'),
(1009, 'ERDEM ÇİMEN'),
(1010, 'ESRA DADALI'),
(1011, 'MÜBERRA DEĞİRMENCİ'),
(1012, 'HİKMET TAŞTEKİN'),
(1013, 'GÖKMEN TOMBUL'),
(1014, 'YAĞMUR ÖZCAN'),
(1015, 'TAYYAR ALP DOĞAN'),
(1016, 'FATİH BURULDAY'),
(1017, 'KERİME RUMEYSA ZAİM'),
(1018, 'MEDİHA KURT'),
(1019, 'YUSUF KARAKAYA'),
(1020, 'TAYFUN KÜTÜKOĞLU'),
(1021, 'İPEK GÜZELKÜÇÜK'),
(1022, 'TİMUÇİN GÖKTAŞ'),
(1023, 'PINAR KAVUKOĞLU'),
(1024, 'GÖZDE GİZEM KANKILIÇ'),
(1025, 'YUSUF PAKSOY'),
(1026, 'UMUT ÇİÇEK'),
(1027, 'VOLKAN FİLİZAY'),
(1028, 'TANSU KEVKİR'),
(1029, 'HANDAN ÇEÇEN'),
(1030, 'AYŞE KARABULUT'),
(1031, 'ŞERİFE KOYUNCU'),
(1032, 'DUYGU ALTAŞ'),
(1033, 'EVRE UTLU'),
(1034, 'YUSUF KAÇER'),
(1035, 'FATİH KANNECİ'),
(1036, 'SÜLEYMAN UZUN'),
(1037, 'ALP DAĞ'),
(1038, 'SERKAN ÖZCAN'),
(1039, 'YASEMİN ŞENCAN'),
(1040, 'TÜRKER TAŞ'),
(1041, 'İREM KARAKOYUNLU'),
(1042, 'ELİF NİHAL YILDIZ BULUT'),
(1043, 'MEHMET ÖZBEK'),
(1044, 'BARIŞ BAL'),
(1045, 'KURTULUŞ ÇAVLI'),
(1046, 'NECMİYE GÜL KANKILIÇ'),
(1047, 'BİLGİN ÖZGÜR'),
(1048, 'ŞEYMA MELİHA KOÇ'),
(1049, 'SANEM GÖKÇEN MERVE YILDIZ'),
(1050, 'DENİZ ARMAĞAN OLGEN'),
(1051, 'HARUN SAYIN'),
(1052, 'AHMET ORAK'),
(1053, 'ŞÜKRÜ EROĞLU'),
(1054, 'AKSEL DURSUN'),
(1055, 'MERT KOCA'),
(1056, 'YÜKSEL ŞAHİN'),
(1057, 'NESLİHAN SÜMER'),
(1058, 'TUTKU SEVİNÇ'),
(1059, 'ERKİN ALTAŞ'),
(1060, 'SELAHATTİN TAŞDELEN'),
(1061, 'BİNNUR ŞAHİN'),
(1062, 'NURCAN DEĞİRMENCİ'),
(1063, 'EZGİ ATİLLA'),
(1064, 'HACER KAYA'),
(1065, 'FERHAT TEHLİ'),
(1066, 'ÖMER DEMİR'),
(1067, 'SERDAR BAL'),
(1068, 'MEHMET HİLMİ VAROL'),
(1069, 'HÜSEYİN KALKAN EREL'),
(1070, 'BAKİ ÇELİK'),
(1071, 'HAMDİYE BARAN'),
(1072, 'EREM GÖKÇE'),
(1073, 'AHMET KARA'),
(1074, 'EMİR KAAN ZEYLİ'),
(1075, 'İPEK KESKİN'),
(1076, 'ERHAN BAŞAR'),
(1077, 'MEHMET DENİZ TAŞDELEN'),
(1078, 'NİLAY BAĞCI'),
(1079, 'HİDAYET KELERCİOĞLU'),
(1080, 'MEHMET EMRAH HAMDEMİRCİ'),
(1081, 'EDA KOTTAŞ'),
(1082, 'ÇAVLAN TURAN'),
(1083, 'ÖZEN ÖZLEM GÜNEBAKAN'),
(1084, 'YASEMİN ÇELİK'),
(1085, 'YİĞİT TÜRKAY'),
(1086, 'MEHMET ÖREN'),
(1087, 'HASAN SÖKMEN'),
(1088, 'TEKİN SEVEN'),
(1089, 'ABİDE MERVE KÖKSAL'),
(1090, 'CEYDA BERBER'),
(1091, 'AHMET ERZURUM'),
(1092, 'FUNDA VAROL'),
(1093, 'UĞUR SÖKMEN'),
(1094, 'BİLGİN TOKAT'),
(1095, 'HAYRİYE AKAY'),
(1096, 'URAL YAVUZ'),
(1097, 'GÖKSEL SEVİMLİ'),
(1098, 'TUNCAY BÜYÜKKAL'),
(1099, 'ÖZGÜR EROĞLU'),
(1100, 'MÜJDAT DEMİRTAŞ'),
(1101, 'ASLI ÇAVLI'),
(1102, 'MAHMUT ESAT EROĞLU'),
(1103, 'FULYA YAVUZ SEZGİN'),
(1104, 'HASAN ÇİÇEK'),
(1105, 'DAMLA DOĞAN'),
(1106, 'TUBA AVCU'),
(1107, 'SERAY DOĞAN'),
(1108, 'ŞENAY ŞEN'),
(1109, 'YAVUZ SELİM KANKILIÇ'),
(1110, 'EMİR KAAN ŞAHİN'),
(1111, 'MUSTAFA ULAŞ ZAİM'),
(1112, 'MEHMET DENİZ OLGEN'),
(1113, 'HASAN ALTIN'),
(1114, 'EVRE SARIKAYA'),
(1115, 'OĞUZ KAĞAN PAKSOY'),
(1116, 'ERKİN DENİZ'),
(1117, 'SELİM KARDAŞ'),
(1118, 'AYHAN ÇOBAN'),
(1119, 'BARIŞ KÖKSAL'),
(1120, 'EZGİ GİZEM TEOMAN'),
(1121, 'İBRAHİM İPEK'),
(1122, 'ÜMRAN AK'),
(1123, 'BURAK İNSELÖZ'),
(1124, 'KADİR GÜMÜRDÜ'),
(1125, 'ASUMAN TAYFUR'),
(1126, 'MEHTAP ÖZMEN'),
(1127, 'YAŞAR BARBAROS ÖZGÜR'),
(1128, 'CAHİT ZEYLİ'),
(1129, 'ERDEM ÖRENÇ'),
(1130, 'SELMA KAHRAMAN'),
(1131, 'MEHMET EMRAH KAYA'),
(1132, 'NURAY ERAT'),
(1133, 'EDİP GÜVENÇ KARADUMAN'),
(1134, 'SEVDA DÜZGÜN'),
(1135, 'HİLAL TUNÇ'),
(1136, 'HASAN CİNBİZ'),
(1137, 'GÖZDE GİZEM KURALAY'),
(1138, 'İBRAHİM BAKLACI'),
(1139, 'TUBA KAYA'),
(1140, 'ENNUR OCAK'),
(1141, 'MÜŞERREF ALIM'),
(1142, 'IŞIK KARAKOYUNLU'),
(1143, 'SELAHATTİN KÖKSAL'),
(1144, 'RÜŞTÜ SELVAN'),
(1145, 'ZEHRA ÖZBEK'),
(1146, 'ERDEM ÇİMEN'),
(1147, 'ESRA DADALI'),
(1148, 'MÜBERRA DEĞİRMENCİ'),
(1149, 'HİKMET TAŞTEKİN'),
(1150, 'GÖKMEN TOMBUL'),
(1151, 'YAĞMUR ÖZCAN'),
(1152, 'TAYYAR ALP DOĞAN'),
(1153, 'FATİH BURULDAY'),
(1154, 'KERİME RUMEYSA ZAİM'),
(1155, 'MEDİHA KURT'),
(1156, 'YUSUF KARAKAYA'),
(1157, 'TAYFUN KÜTÜKOĞLU'),
(1158, 'İPEK GÜZELKÜÇÜK'),
(1159, 'TİMUÇİN GÖKTAŞ'),
(1160, 'PINAR KAVUKOĞLU'),
(1161, 'GÖZDE GİZEM KANKILIÇ'),
(1162, 'YUSUF PAKSOY'),
(1163, 'UMUT ÇİÇEK'),
(1164, 'VOLKAN FİLİZAY'),
(1165, 'TANSU KEVKİR'),
(1166, 'HANDAN ÇEÇEN'),
(1167, 'AYŞE KARABULUT'),
(1168, 'ŞERİFE KOYUNCU'),
(1169, 'DUYGU ALTAŞ'),
(1170, 'EVRE UTLU'),
(1171, 'YUSUF KAÇER'),
(1172, 'FATİH KANNECİ'),
(1173, 'SÜLEYMAN UZUN'),
(1174, 'ALP DAĞ'),
(1175, 'SERKAN ÖZCAN'),
(1176, 'YASEMİN ŞENCAN'),
(1177, 'TÜRKER TAŞ'),
(1178, 'İREM KARAKOYUNLU'),
(1179, 'ELİF NİHAL YILDIZ BULUT'),
(1180, 'MEHMET ÖZBEK'),
(1181, 'BARIŞ BAL'),
(1182, 'KURTULUŞ ÇAVLI'),
(1183, 'NECMİYE GÜL KANKILIÇ'),
(1184, 'BİLGİN ÖZGÜR'),
(1185, 'ŞEYMA MELİHA KOÇ'),
(1186, 'SANEM GÖKÇEN MERVE YILDIZ'),
(1187, 'DENİZ ARMAĞAN OLGEN'),
(1188, 'HARUN SAYIN'),
(1189, 'AHMET ORAK'),
(1190, 'ŞÜKRÜ EROĞLU'),
(1191, 'AKSEL DURSUN'),
(1192, 'MERT KOCA'),
(1193, 'YÜKSEL ŞAHİN'),
(1194, 'NESLİHAN SÜMER'),
(1195, 'TUTKU SEVİNÇ'),
(1196, 'ERKİN ALTAŞ'),
(1197, 'SELAHATTİN TAŞDELEN'),
(1198, 'BİNNUR ŞAHİN'),
(1199, 'NURCAN DEĞİRMENCİ'),
(1200, 'EZGİ ATİLLA'),
(1201, 'HACER KAYA'),
(1202, 'FERHAT TEHLİ'),
(1203, 'ÖMER DEMİR'),
(1204, 'SERDAR BAL'),
(1205, 'MEHMET HİLMİ VAROL'),
(1206, 'HÜSEYİN KALKAN EREL'),
(1207, 'BAKİ ÇELİK'),
(1208, 'HAMDİYE BARAN'),
(1209, 'EREM GÖKÇE'),
(1210, 'AHMET KARA'),
(1211, 'EMİR KAAN ZEYLİ'),
(1212, 'İPEK KESKİN'),
(1213, 'ERHAN BAŞAR'),
(1214, 'MEHMET DENİZ TAŞDELEN'),
(1215, 'NİLAY BAĞCI'),
(1216, 'HİDAYET KELERCİOĞLU'),
(1217, 'MEHMET EMRAH HAMDEMİRCİ'),
(1218, 'EDA KOTTAŞ'),
(1219, 'ÇAVLAN TURAN'),
(1220, 'ÖZEN ÖZLEM GÜNEBAKAN'),
(1221, 'YASEMİN ÇELİK'),
(1222, 'YİĞİT TÜRKAY'),
(1223, 'MEHMET ÖREN'),
(1224, 'HASAN SÖKMEN'),
(1225, 'TEKİN SEVEN'),
(1226, 'ABİDE MERVE KÖKSAL'),
(1227, 'CEYDA BERBER'),
(1228, 'AHMET ERZURUM'),
(1229, 'FUNDA VAROL'),
(1230, 'UĞUR SÖKMEN'),
(1231, 'BİLGİN TOKAT'),
(1232, 'HAYRİYE AKAY'),
(1233, 'URAL YAVUZ'),
(1234, 'GÖKSEL SEVİMLİ'),
(1235, 'TUNCAY BÜYÜKKAL'),
(1236, 'ÖZGÜR EROĞLU'),
(1237, 'MÜJDAT DEMİRTAŞ'),
(1238, 'ASLI ÇAVLI'),
(1239, 'MAHMUT ESAT EROĞLU'),
(1240, 'FULYA YAVUZ SEZGİN'),
(1241, 'HASAN ÇİÇEK'),
(1242, 'DAMLA DOĞAN'),
(1243, 'TUBA AVCU'),
(1244, 'SERAY DOĞAN'),
(1245, 'ŞENAY ŞEN'),
(1246, 'YAVUZ SELİM KANKILIÇ'),
(1247, 'EMİR KAAN ŞAHİN'),
(1248, 'MUSTAFA ULAŞ ZAİM'),
(1249, 'MEHMET DENİZ OLGEN'),
(1250, 'HASAN ALTIN'),
(1251, 'EVRE SARIKAYA'),
(1252, 'OĞUZ KAĞAN PAKSOY'),
(1253, 'ERKİN DENİZ'),
(1254, 'SELİM KARDAŞ'),
(1255, 'AYHAN ÇOBAN'),
(1256, 'BARIŞ KÖKSAL'),
(1257, 'EZGİ GİZEM TEOMAN'),
(1258, 'İBRAHİM İPEK'),
(1259, 'ÜMRAN AK'),
(1260, 'BURAK İNSELÖZ'),
(1261, 'KADİR GÜMÜRDÜ'),
(1262, 'ASUMAN TAYFUR'),
(1263, 'MEHTAP ÖZMEN'),
(1264, 'YAŞAR BARBAROS ÖZGÜR'),
(1265, 'CAHİT ZEYLİ'),
(1266, 'ERDEM ÖRENÇ'),
(1267, 'SELMA KAHRAMAN'),
(1268, 'MEHMET EMRAH KAYA'),
(1269, 'NURAY ERAT'),
(1270, 'EDİP GÜVENÇ KARADUMAN'),
(1271, 'SEVDA DÜZGÜN'),
(1272, 'HİLAL TUNÇ'),
(1273, 'HASAN CİNBİZ'),
(1274, 'GÖZDE GİZEM KURALAY'),
(1275, 'İBRAHİM BAKLACI'),
(1276, 'TUBA KAYA'),
(1277, 'ENNUR OCAK'),
(1278, 'MÜŞERREF ALIM'),
(1279, 'IŞIK KARAKOYUNLU'),
(1280, 'SELAHATTİN KÖKSAL'),
(1281, 'RÜŞTÜ SELVAN'),
(1282, 'ZEHRA ÖZBEK'),
(1283, 'ERDEM ÇİMEN'),
(1284, 'ESRA DADALI'),
(1285, 'MÜBERRA DEĞİRMENCİ'),
(1286, 'HİKMET TAŞTEKİN'),
(1287, 'GÖKMEN TOMBUL'),
(1288, 'YAĞMUR ÖZCAN'),
(1289, 'TAYYAR ALP DOĞAN'),
(1290, 'FATİH BURULDAY'),
(1291, 'KERİME RUMEYSA ZAİM'),
(1292, 'MEDİHA KURT'),
(1293, 'YUSUF KARAKAYA'),
(1294, 'TAYFUN KÜTÜKOĞLU'),
(1295, 'İPEK GÜZELKÜÇÜK'),
(1296, 'TİMUÇİN GÖKTAŞ'),
(1297, 'PINAR KAVUKOĞLU'),
(1298, 'GÖZDE GİZEM KANKILIÇ'),
(1299, 'YUSUF PAKSOY'),
(1300, 'UMUT ÇİÇEK'),
(1301, 'VOLKAN FİLİZAY'),
(1302, 'TANSU KEVKİR'),
(1303, 'HANDAN ÇEÇEN'),
(1304, 'AYŞE KARABULUT'),
(1305, 'ŞERİFE KOYUNCU'),
(1306, 'DUYGU ALTAŞ'),
(1307, 'EVRE UTLU'),
(1308, 'YUSUF KAÇER'),
(1309, 'FATİH KANNECİ'),
(1310, 'SÜLEYMAN UZUN'),
(1311, 'ALP DAĞ'),
(1312, 'SERKAN ÖZCAN'),
(1313, 'YASEMİN ŞENCAN'),
(1314, 'TÜRKER TAŞ'),
(1315, 'İREM KARAKOYUNLU'),
(1316, 'ELİF NİHAL YILDIZ BULUT'),
(1317, 'MEHMET ÖZBEK'),
(1318, 'BARIŞ BAL'),
(1319, 'KURTULUŞ ÇAVLI'),
(1320, 'NECMİYE GÜL KANKILIÇ'),
(1321, 'BİLGİN ÖZGÜR'),
(1322, 'ŞEYMA MELİHA KOÇ'),
(1323, 'SANEM GÖKÇEN MERVE YILDIZ'),
(1324, 'DENİZ ARMAĞAN OLGEN'),
(1325, 'HARUN SAYIN'),
(1326, 'AHMET ORAK'),
(1327, 'ŞÜKRÜ EROĞLU'),
(1328, 'AKSEL DURSUN'),
(1329, 'MERT KOCA'),
(1330, 'YÜKSEL ŞAHİN'),
(1331, 'NESLİHAN SÜMER'),
(1332, 'TUTKU SEVİNÇ'),
(1333, 'ERKİN ALTAŞ'),
(1334, 'SELAHATTİN TAŞDELEN'),
(1335, 'BİNNUR ŞAHİN'),
(1336, 'NURCAN DEĞİRMENCİ'),
(1337, 'EZGİ ATİLLA'),
(1338, 'HACER KAYA'),
(1339, 'FERHAT TEHLİ'),
(1340, 'ÖMER DEMİR'),
(1341, 'SERDAR BAL'),
(1342, 'MEHMET HİLMİ VAROL'),
(1343, 'HÜSEYİN KALKAN EREL'),
(1344, 'BAKİ ÇELİK'),
(1345, 'HAMDİYE BARAN'),
(1346, 'EREM GÖKÇE'),
(1347, 'AHMET KARA'),
(1348, 'EMİR KAAN ZEYLİ'),
(1349, 'İPEK KESKİN'),
(1350, 'ERHAN BAŞAR'),
(1351, 'MEHMET DENİZ TAŞDELEN'),
(1352, 'NİLAY BAĞCI'),
(1353, 'HİDAYET KELERCİOĞLU'),
(1354, 'MEHMET EMRAH HAMDEMİRCİ'),
(1355, 'EDA KOTTAŞ'),
(1356, 'ÇAVLAN TURAN'),
(1357, 'ÖZEN ÖZLEM GÜNEBAKAN'),
(1358, 'YASEMİN ÇELİK'),
(1359, 'YİĞİT TÜRKAY'),
(1360, 'MEHMET ÖREN'),
(1361, 'HASAN SÖKMEN'),
(1362, 'TEKİN SEVEN'),
(1363, 'ABİDE MERVE KÖKSAL'),
(1364, 'CEYDA BERBER'),
(1365, 'AHMET ERZURUM'),
(1366, 'FUNDA VAROL'),
(1367, 'UĞUR SÖKMEN'),
(1368, 'BİLGİN TOKAT'),
(1369, 'HAYRİYE AKAY'),
(1370, 'URAL YAVUZ'),
(1371, 'GÖKSEL SEVİMLİ'),
(1372, 'TUNCAY BÜYÜKKAL'),
(1373, 'ÖZGÜR EROĞLU'),
(1374, 'MÜJDAT DEMİRTAŞ'),
(1375, 'ASLI ÇAVLI'),
(1376, 'MAHMUT ESAT EROĞLU'),
(1377, 'FULYA YAVUZ SEZGİN'),
(1378, 'HASAN ÇİÇEK'),
(1379, 'DAMLA DOĞAN'),
(1380, 'TUBA AVCU'),
(1381, 'SERAY DOĞAN'),
(1382, 'ŞENAY ŞEN'),
(1383, 'YAVUZ SELİM KANKILIÇ'),
(1384, 'EMİR KAAN ŞAHİN'),
(1385, 'MUSTAFA ULAŞ ZAİM'),
(1386, 'MEHMET DENİZ OLGEN'),
(1387, 'HASAN ALTIN'),
(1388, 'EVRE SARIKAYA'),
(1389, 'OĞUZ KAĞAN PAKSOY'),
(1390, 'ERKİN DENİZ'),
(1391, 'SELİM KARDAŞ'),
(1392, 'AYHAN ÇOBAN'),
(1393, 'BARIŞ KÖKSAL'),
(1394, 'EZGİ GİZEM TEOMAN'),
(1395, 'İBRAHİM İPEK'),
(1396, 'ÜMRAN AK'),
(1397, 'BURAK İNSELÖZ'),
(1398, 'KADİR GÜMÜRDÜ'),
(1399, 'ASUMAN TAYFUR'),
(1400, 'MEHTAP ÖZMEN'),
(1401, 'YAŞAR BARBAROS ÖZGÜR'),
(1402, 'CAHİT ZEYLİ'),
(1403, 'ERDEM ÖRENÇ'),
(1404, 'SELMA KAHRAMAN'),
(1405, 'MEHMET EMRAH KAYA'),
(1406, 'NURAY ERAT'),
(1407, 'EDİP GÜVENÇ KARADUMAN'),
(1408, 'SEVDA DÜZGÜN'),
(1409, 'HİLAL TUNÇ'),
(1410, 'HASAN CİNBİZ'),
(1411, 'GÖZDE GİZEM KURALAY'),
(1412, 'İBRAHİM BAKLACI'),
(1413, 'TUBA KAYA'),
(1414, 'ENNUR OCAK'),
(1415, 'MÜŞERREF ALIM'),
(1416, 'IŞIK KARAKOYUNLU'),
(1417, 'SELAHATTİN KÖKSAL'),
(1418, 'RÜŞTÜ SELVAN'),
(1419, 'ZEHRA ÖZBEK'),
(1420, 'ERDEM ÇİMEN'),
(1421, 'ESRA DADALI'),
(1422, 'MÜBERRA DEĞİRMENCİ'),
(1423, 'HİKMET TAŞTEKİN'),
(1424, 'GÖKMEN TOMBUL'),
(1425, 'YAĞMUR ÖZCAN'),
(1426, 'TAYYAR ALP DOĞAN'),
(1427, 'FATİH BURULDAY'),
(1428, 'KERİME RUMEYSA ZAİM'),
(1429, 'MEDİHA KURT'),
(1430, 'YUSUF KARAKAYA'),
(1431, 'TAYFUN KÜTÜKOĞLU'),
(1432, 'İPEK GÜZELKÜÇÜK'),
(1433, 'TİMUÇİN GÖKTAŞ'),
(1434, 'PINAR KAVUKOĞLU'),
(1435, 'GÖZDE GİZEM KANKILIÇ'),
(1436, 'YUSUF PAKSOY'),
(1437, 'UMUT ÇİÇEK'),
(1438, 'VOLKAN FİLİZAY'),
(1439, 'TANSU KEVKİR'),
(1440, 'HANDAN ÇEÇEN'),
(1441, 'AYŞE KARABULUT'),
(1442, 'ŞERİFE KOYUNCU'),
(1443, 'DUYGU ALTAŞ'),
(1444, 'EVRE UTLU'),
(1445, 'YUSUF KAÇER'),
(1446, 'FATİH KANNECİ'),
(1447, 'SÜLEYMAN UZUN'),
(1448, 'ALP DAĞ'),
(1449, 'SERKAN ÖZCAN'),
(1450, 'YASEMİN ŞENCAN'),
(1451, 'TÜRKER TAŞ'),
(1452, 'İREM KARAKOYUNLU'),
(1453, 'ELİF NİHAL YILDIZ BULUT'),
(1454, 'MEHMET ÖZBEK'),
(1455, 'BARIŞ BAL'),
(1456, 'KURTULUŞ ÇAVLI'),
(1457, 'NECMİYE GÜL KANKILIÇ'),
(1458, 'BİLGİN ÖZGÜR'),
(1459, 'ŞEYMA MELİHA KOÇ'),
(1460, 'SANEM GÖKÇEN MERVE YILDIZ'),
(1461, 'DENİZ ARMAĞAN OLGEN'),
(1462, 'HARUN SAYIN'),
(1463, 'AHMET ORAK'),
(1464, 'ŞÜKRÜ EROĞLU'),
(1465, 'AKSEL DURSUN'),
(1466, 'MERT KOCA'),
(1467, 'YÜKSEL ŞAHİN'),
(1468, 'NESLİHAN SÜMER'),
(1469, 'TUTKU SEVİNÇ'),
(1470, 'ERKİN ALTAŞ'),
(1471, 'SELAHATTİN TAŞDELEN'),
(1472, 'BİNNUR ŞAHİN'),
(1473, 'NURCAN DEĞİRMENCİ'),
(1474, 'EZGİ ATİLLA'),
(1475, 'HACER KAYA'),
(1476, 'FERHAT TEHLİ'),
(1477, 'ÖMER DEMİR'),
(1478, 'SERDAR BAL'),
(1479, 'MEHMET HİLMİ VAROL'),
(1480, 'HÜSEYİN KALKAN EREL'),
(1481, 'BAKİ ÇELİK'),
(1482, 'HAMDİYE BARAN'),
(1483, 'EREM GÖKÇE'),
(1484, 'AHMET KARA'),
(1485, 'EMİR KAAN ZEYLİ'),
(1486, 'İPEK KESKİN'),
(1487, 'ERHAN BAŞAR'),
(1488, 'MEHMET DENİZ TAŞDELEN'),
(1489, 'NİLAY BAĞCI'),
(1490, 'HİDAYET KELERCİOĞLU'),
(1491, 'MEHMET EMRAH HAMDEMİRCİ'),
(1492, 'EDA KOTTAŞ'),
(1493, 'ÇAVLAN TURAN'),
(1494, 'ÖZEN ÖZLEM GÜNEBAKAN'),
(1495, 'YASEMİN ÇELİK'),
(1496, 'YİĞİT TÜRKAY'),
(1497, 'MEHMET ÖREN'),
(1498, 'HASAN SÖKMEN'),
(1499, 'TEKİN SEVEN'),
(1500, 'ABİDE MERVE KÖKSAL'),
(1501, 'CEYDA BERBER'),
(1502, 'AHMET ERZURUM'),
(1503, 'FUNDA VAROL'),
(1504, 'UĞUR SÖKMEN'),
(1505, 'BİLGİN TOKAT'),
(1506, 'HAYRİYE AKAY'),
(1507, 'URAL YAVUZ'),
(1508, 'GÖKSEL SEVİMLİ'),
(1509, 'TUNCAY BÜYÜKKAL'),
(1510, 'ÖZGÜR EROĞLU'),
(1511, 'MÜJDAT DEMİRTAŞ'),
(1512, 'ASLI ÇAVLI'),
(1513, 'MAHMUT ESAT EROĞLU'),
(1514, 'FULYA YAVUZ SEZGİN'),
(1515, 'HASAN ÇİÇEK'),
(1516, 'DAMLA DOĞAN'),
(1517, 'TUBA AVCU'),
(1518, 'SERAY DOĞAN'),
(1519, 'ŞENAY ŞEN'),
(1520, 'YAVUZ SELİM KANKILIÇ'),
(1521, 'EMİR KAAN ŞAHİN'),
(1522, 'MUSTAFA ULAŞ ZAİM'),
(1523, 'MEHMET DENİZ OLGEN'),
(1524, 'HASAN ALTIN'),
(1525, 'EVRE SARIKAYA'),
(1526, 'OĞUZ KAĞAN PAKSOY'),
(1527, 'ERKİN DENİZ'),
(1528, 'SELİM KARDAŞ'),
(1529, 'AYHAN ÇOBAN'),
(1530, 'BARIŞ KÖKSAL'),
(1531, 'EZGİ GİZEM TEOMAN'),
(1532, 'İBRAHİM İPEK'),
(1533, 'ÜMRAN AK'),
(1534, 'BURAK İNSELÖZ'),
(1535, 'KADİR GÜMÜRDÜ'),
(1536, 'ASUMAN TAYFUR'),
(1537, 'MEHTAP ÖZMEN'),
(1538, 'YAŞAR BARBAROS ÖZGÜR'),
(1539, 'CAHİT ZEYLİ'),
(1540, 'ERDEM ÖRENÇ'),
(1541, 'SELMA KAHRAMAN'),
(1542, 'MEHMET EMRAH KAYA'),
(1543, 'NURAY ERAT'),
(1544, 'EDİP GÜVENÇ KARADUMAN'),
(1545, 'SEVDA DÜZGÜN'),
(1546, 'HİLAL TUNÇ'),
(1547, 'HASAN CİNBİZ'),
(1548, 'GÖZDE GİZEM KURALAY'),
(1549, 'İBRAHİM BAKLACI'),
(1550, 'TUBA KAYA'),
(1551, 'ENNUR OCAK'),
(1552, 'MÜŞERREF ALIM'),
(1553, 'IŞIK KARAKOYUNLU'),
(1554, 'SELAHATTİN KÖKSAL'),
(1555, 'RÜŞTÜ SELVAN'),
(1556, 'ZEHRA ÖZBEK'),
(1557, 'ERDEM ÇİMEN'),
(1558, 'ESRA DADALI'),
(1559, 'MÜBERRA DEĞİRMENCİ'),
(1560, 'HİKMET TAŞTEKİN'),
(1561, 'GÖKMEN TOMBUL'),
(1562, 'YAĞMUR ÖZCAN'),
(1563, 'TAYYAR ALP DOĞAN'),
(1564, 'FATİH BURULDAY'),
(1565, 'KERİME RUMEYSA ZAİM'),
(1566, 'MEDİHA KURT'),
(1567, 'YUSUF KARAKAYA'),
(1568, 'TAYFUN KÜTÜKOĞLU'),
(1569, 'İPEK GÜZELKÜÇÜK'),
(1570, 'TİMUÇİN GÖKTAŞ'),
(1571, 'PINAR KAVUKOĞLU'),
(1572, 'GÖZDE GİZEM KANKILIÇ'),
(1573, 'YUSUF PAKSOY'),
(1574, 'UMUT ÇİÇEK'),
(1575, 'VOLKAN FİLİZAY'),
(1576, 'TANSU KEVKİR'),
(1577, 'HANDAN ÇEÇEN'),
(1578, 'AYŞE KARABULUT'),
(1579, 'ŞERİFE KOYUNCU'),
(1580, 'DUYGU ALTAŞ'),
(1581, 'EVRE UTLU'),
(1582, 'YUSUF KAÇER'),
(1583, 'FATİH KANNECİ'),
(1584, 'SÜLEYMAN UZUN'),
(1585, 'ALP DAĞ'),
(1586, 'SERKAN ÖZCAN'),
(1587, 'YASEMİN ŞENCAN'),
(1588, 'TÜRKER TAŞ'),
(1589, 'İREM KARAKOYUNLU'),
(1590, 'ELİF NİHAL YILDIZ BULUT'),
(1591, 'MEHMET ÖZBEK'),
(1592, 'BARIŞ BAL'),
(1593, 'KURTULUŞ ÇAVLI'),
(1594, 'NECMİYE GÜL KANKILIÇ'),
(1595, 'BİLGİN ÖZGÜR'),
(1596, 'ŞEYMA MELİHA KOÇ'),
(1597, 'SANEM GÖKÇEN MERVE YILDIZ'),
(1598, 'DENİZ ARMAĞAN OLGEN'),
(1599, 'HARUN SAYIN'),
(1600, 'AHMET ORAK'),
(1601, 'ŞÜKRÜ EROĞLU'),
(1602, 'AKSEL DURSUN'),
(1603, 'MERT KOCA'),
(1604, 'YÜKSEL ŞAHİN'),
(1605, 'NESLİHAN SÜMER'),
(1606, 'TUTKU SEVİNÇ'),
(1607, 'ERKİN ALTAŞ'),
(1608, 'SELAHATTİN TAŞDELEN'),
(1609, 'BİNNUR ŞAHİN'),
(1610, 'NURCAN DEĞİRMENCİ'),
(1611, 'EZGİ ATİLLA'),
(1612, 'HACER KAYA'),
(1613, 'FERHAT TEHLİ'),
(1614, 'ÖMER DEMİR'),
(1615, 'SERDAR BAL'),
(1616, 'MEHMET HİLMİ VAROL'),
(1617, 'HÜSEYİN KALKAN EREL'),
(1618, 'BAKİ ÇELİK'),
(1619, 'HAMDİYE BARAN'),
(1620, 'EREM GÖKÇE'),
(1621, 'ORHAN KOCA'),
(1622, 'YÜKSEL ŞAHİN'),
(1623, 'NESLİHAN SÜMER'),
(1624, 'TUTKU SEVİNÇ'),
(1625, 'ERKİN ALTAŞ'),
(1626, 'SELAHATTİN TAŞDELEN'),
(1627, 'BİNNUR ŞAHİN'),
(1628, 'NURCAN DEĞİRMENCİ'),
(1629, 'EZGİ ATİLLA'),
(1630, 'HACER KAYA'),
(1631, 'FERHAT TEHLİ'),
(1632, 'ÖMER DEMİR'),
(1633, 'SERDAR BAL'),
(1634, 'MEHMET HİLMİ VAROL'),
(1635, 'HÜSEYİN KALKAN EREL'),
(1636, 'BAKİ ÇELİK'),
(1637, 'HAMDİYE BARAN'),
(1638, 'EREM GÖKÇE'),
(1639, 'AHMET KARA'),
(1640, 'EMİR KAAN ZEYLİ'),
(1641, 'İPEK KESKİN'),
(1642, 'ERHAN BAŞAR'),
(1643, 'MEHMET DENİZ TAŞDELEN'),
(1644, 'NİLAY BAĞCI'),
(1645, 'HİDAYET KELERCİOĞLU'),
(1646, 'MEHMET EMRAH HAMDEMİRCİ'),
(1647, 'EDA KOTTAŞ'),
(1648, 'ÇAVLAN TURAN'),
(1649, 'ÖZEN ÖZLEM GÜNEBAKAN'),
(1650, 'YASEMİN ÇELİK'),
(1651, 'YİĞİT TÜRKAY'),
(1652, 'MEHMET ÖREN'),
(1653, 'HASAN SÖKMEN'),
(1654, 'TEKİN SEVEN'),
(1655, 'ABİDE MERVE KÖKSAL'),
(1656, 'CEYDA BERBER'),
(1657, 'AHMET ERZURUM'),
(1658, 'FUNDA VAROL'),
(1659, 'UĞUR SÖKMEN'),
(1660, 'BİLGİN TOKAT'),
(1661, 'HAYRİYE AKAY'),
(1662, 'URAL YAVUZ'),
(1663, 'GÖKSEL SEVİMLİ'),
(1664, 'TUNCAY BÜYÜKKAL'),
(1665, 'ÖZGÜR EROĞLU'),
(1666, 'MÜJDAT DEMİRTAŞ'),
(1667, 'ASLI ÇAVLI'),
(1668, 'MAHMUT ESAT EROĞLU'),
(1669, 'FULYA YAVUZ SEZGİN'),
(1670, 'HASAN ÇİÇEK'),
(1671, 'DAMLA DOĞAN'),
(1672, 'TUBA AVCU'),
(1673, 'SERAY DOĞAN'),
(1674, 'ŞENAY ŞEN'),
(1675, 'YAVUZ SELİM KANKILIÇ'),
(1676, 'EMİR KAAN ŞAHİN'),
(1677, 'MUSTAFA ULAŞ ZAİM'),
(1678, 'MEHMET DENİZ OLGEN'),
(1679, 'HASAN ALTIN'),
(1680, 'EVRE SARIKAYA'),
(1681, 'OĞUZ KAĞAN PAKSOY'),
(1682, 'ERKİN DENİZ'),
(1683, 'SELİM KARDAŞ'),
(1684, 'AYHAN ÇOBAN'),
(1685, 'BARIŞ KÖKSAL'),
(1686, 'EZGİ GİZEM TEOMAN'),
(1687, 'İBRAHİM İPEK'),
(1688, 'ÜMRAN AK'),
(1689, 'BURAK İNSELÖZ'),
(1690, 'KADİR GÜMÜRDÜ'),
(1691, 'ASUMAN TAYFUR'),
(1692, 'MEHTAP ÖZMEN'),
(1693, 'YAŞAR BARBAROS ÖZGÜR'),
(1694, 'CAHİT ZEYLİ'),
(1695, 'ERDEM ÖRENÇ'),
(1696, 'SELMA KAHRAMAN'),
(1697, 'MEHMET EMRAH KAYA'),
(1698, 'NURAY ERAT'),
(1699, 'EDİP GÜVENÇ KARADUMAN'),
(1700, 'SEVDA DÜZGÜN'),
(1701, 'HİLAL TUNÇ'),
(1702, 'HASAN CİNBİZ'),
(1703, 'GÖZDE GİZEM KURALAY'),
(1704, 'İBRAHİM BAKLACI'),
(1705, 'TUBA KAYA'),
(1706, 'ENNUR OCAK'),
(1707, 'MÜŞERREF ALIM'),
(1708, 'IŞIK KARAKOYUNLU'),
(1709, 'SELAHATTİN KÖKSAL'),
(1710, 'RÜŞTÜ SELVAN'),
(1711, 'ZEHRA ÖZBEK'),
(1712, 'ERDEM ÇİMEN'),
(1713, 'ESRA DADALI'),
(1714, 'MÜBERRA DEĞİRMENCİ'),
(1715, 'HİKMET TAŞTEKİN'),
(1716, 'GÖKMEN TOMBUL'),
(1717, 'YAĞMUR ÖZCAN'),
(1718, 'TAYYAR ALP DOĞAN'),
(1719, 'FATİH BURULDAY'),
(1720, 'KERİME RUMEYSA ZAİM'),
(1721, 'MEDİHA KURT'),
(1722, 'YUSUF KARAKAYA'),
(1723, 'TAYFUN KÜTÜKOĞLU'),
(1724, 'İPEK GÜZELKÜÇÜK'),
(1725, 'TİMUÇİN GÖKTAŞ'),
(1726, 'PINAR KAVUKOĞLU'),
(1727, 'GÖZDE GİZEM KANKILIÇ'),
(1728, 'YUSUF PAKSOY'),
(1729, 'UMUT ÇİÇEK'),
(1730, 'VOLKAN FİLİZAY'),
(1731, 'TANSU KEVKİR'),
(1732, 'HANDAN ÇEÇEN'),
(1733, 'AYŞE KARABULUT'),
(1734, 'ŞERİFE KOYUNCU'),
(1735, 'DUYGU ALTAŞ'),
(1736, 'EVRE UTLU'),
(1737, 'YUSUF KAÇER'),
(1738, 'FATİH KANNECİ'),
(1739, 'SÜLEYMAN UZUN'),
(1740, 'ALP DAĞ'),
(1741, 'SERKAN ÖZCAN'),
(1742, 'YASEMİN ŞENCAN'),
(1743, 'TÜRKER TAŞ'),
(1744, 'İREM KARAKOYUNLU'),
(1745, 'ELİF NİHAL YILDIZ BULUT'),
(1746, 'MEHMET ÖZBEK'),
(1747, 'BARIŞ BAL'),
(1748, 'KURTULUŞ ÇAVLI'),
(1749, 'NECMİYE GÜL KANKILIÇ'),
(1750, 'BİLGİN ÖZGÜR'),
(1751, 'ŞEYMA MELİHA KOÇ'),
(1752, 'SANEM GÖKÇEN MERVE YILDIZ'),
(1753, 'DENİZ ARMAĞAN OLGEN'),
(1754, 'HARUN SAYIN'),
(1755, 'AHMET ORAK'),
(1756, 'ŞÜKRÜ EROĞLU'),
(1757, 'AKSEL DURSUN'),
(1758, 'MERT KOCA'),
(1759, 'YÜKSEL ŞAHİN'),
(1760, 'NESLİHAN SÜMER'),
(1761, 'TUTKU SEVİNÇ'),
(1762, 'ERKİN ALTAŞ'),
(1763, 'SELAHATTİN TAŞDELEN'),
(1764, 'BİNNUR ŞAHİN'),
(1765, 'NURCAN DEĞİRMENCİ'),
(1766, 'EZGİ ATİLLA'),
(1767, 'HACER KAYA'),
(1768, 'FERHAT TEHLİ'),
(1769, 'ÖMER DEMİR'),
(1770, 'SERDAR BAL'),
(1771, 'MEHMET HİLMİ VAROL'),
(1772, 'HÜSEYİN KALKAN EREL'),
(1773, 'BAKİ ÇELİK'),
(1774, 'HAMDİYE BARAN'),
(1775, 'EREM GÖKÇE'),
(1776, 'AHMET KARA'),
(1777, 'EMİR KAAN ZEYLİ'),
(1778, 'İPEK KESKİN'),
(1779, 'ERHAN BAŞAR'),
(1780, 'MEHMET DENİZ TAŞDELEN'),
(1781, 'NİLAY BAĞCI'),
(1782, 'HİDAYET KELERCİOĞLU'),
(1783, 'MEHMET EMRAH HAMDEMİRCİ'),
(1784, 'EDA KOTTAŞ'),
(1785, 'ÇAVLAN TURAN'),
(1786, 'ÖZEN ÖZLEM GÜNEBAKAN'),
(1787, 'YASEMİN ÇELİK'),
(1788, 'YİĞİT TÜRKAY'),
(1789, 'MEHMET ÖREN'),
(1790, 'HASAN SÖKMEN'),
(1791, 'TEKİN SEVEN'),
(1792, 'ABİDE MERVE KÖKSAL'),
(1793, 'CEYDA BERBER'),
(1794, 'AHMET ERZURUM'),
(1795, 'FUNDA VAROL'),
(1796, 'UĞUR SÖKMEN'),
(1797, 'BİLGİN TOKAT'),
(1798, 'HAYRİYE AKAY'),
(1799, 'URAL YAVUZ'),
(1800, 'GÖKSEL SEVİMLİ'),
(1801, 'TUNCAY BÜYÜKKAL'),
(1802, 'ÖZGÜR EROĞLU'),
(1803, 'MÜJDAT DEMİRTAŞ'),
(1804, 'ASLI ÇAVLI'),
(1805, 'MAHMUT ESAT EROĞLU'),
(1806, 'FULYA YAVUZ SEZGİN'),
(1807, 'HASAN ÇİÇEK'),
(1808, 'DAMLA DOĞAN'),
(1809, 'TUBA AVCU'),
(1810, 'SERAY DOĞAN'),
(1811, 'ŞENAY ŞEN'),
(1812, 'YAVUZ SELİM KANKILIÇ'),
(1813, 'EMİR KAAN ŞAHİN'),
(1814, 'MUSTAFA ULAŞ ZAİM'),
(1815, 'MEHMET DENİZ OLGEN'),
(1816, 'HASAN ALTIN'),
(1817, 'EVRE SARIKAYA'),
(1818, 'OĞUZ KAĞAN PAKSOY'),
(1819, 'ERKİN DENİZ'),
(1820, 'SELİM KARDAŞ'),
(1821, 'AYHAN ÇOBAN'),
(1822, 'BARIŞ KÖKSAL'),
(1823, 'EZGİ GİZEM TEOMAN'),
(1824, 'İBRAHİM İPEK'),
(1825, 'ÜMRAN AK'),
(1826, 'BURAK İNSELÖZ'),
(1827, 'KADİR GÜMÜRDÜ'),
(1828, 'ASUMAN TAYFUR'),
(1829, 'MEHTAP ÖZMEN'),
(1830, 'YAŞAR BARBAROS ÖZGÜR'),
(1831, 'CAHİT ZEYLİ'),
(1832, 'ERDEM ÖRENÇ'),
(1833, 'SELMA KAHRAMAN'),
(1834, 'MEHMET EMRAH KAYA'),
(1835, 'NURAY ERAT'),
(1836, 'EDİP GÜVENÇ KARADUMAN'),
(1837, 'SEVDA DÜZGÜN'),
(1838, 'HİLAL TUNÇ'),
(1839, 'HASAN CİNBİZ'),
(1840, 'GÖZDE GİZEM KURALAY'),
(1841, 'İBRAHİM BAKLACI'),
(1842, 'TUBA KAYA'),
(1843, 'ENNUR OCAK'),
(1844, 'MÜŞERREF ALIM'),
(1845, 'IŞIK KARAKOYUNLU'),
(1846, 'SELAHATTİN KÖKSAL'),
(1847, 'RÜŞTÜ SELVAN'),
(1848, 'ZEHRA ÖZBEK'),
(1849, 'ERDEM ÇİMEN'),
(1850, 'ESRA DADALI'),
(1851, 'MÜBERRA DEĞİRMENCİ'),
(1852, 'HİKMET TAŞTEKİN'),
(1853, 'GÖKMEN TOMBUL'),
(1854, 'YAĞMUR ÖZCAN'),
(1855, 'TAYYAR ALP DOĞAN'),
(1856, 'FATİH BURULDAY'),
(1857, 'KERİME RUMEYSA ZAİM'),
(1858, 'MEDİHA KURT'),
(1859, 'YUSUF KARAKAYA'),
(1860, 'TAYFUN KÜTÜKOĞLU'),
(1861, 'İPEK GÜZELKÜÇÜK'),
(1862, 'TİMUÇİN GÖKTAŞ'),
(1863, 'PINAR KAVUKOĞLU'),
(1864, 'GÖZDE GİZEM KANKILIÇ'),
(1865, 'YUSUF PAKSOY'),
(1866, 'UMUT ÇİÇEK'),
(1867, 'VOLKAN FİLİZAY'),
(1868, 'TANSU KEVKİR'),
(1869, 'HANDAN ÇEÇEN'),
(1870, 'AYŞE KARABULUT'),
(1871, 'ŞERİFE KOYUNCU'),
(1872, 'DUYGU ALTAŞ'),
(1873, 'EVRE UTLU'),
(1874, 'YUSUF KAÇER'),
(1875, 'FATİH KANNECİ'),
(1876, 'SÜLEYMAN UZUN'),
(1877, 'ALP DAĞ'),
(1878, 'SERKAN ÖZCAN'),
(1879, 'YASEMİN ŞENCAN'),
(1880, 'TÜRKER TAŞ'),
(1881, 'İREM KARAKOYUNLU'),
(1882, 'ELİF NİHAL YILDIZ BULUT'),
(1883, 'MEHMET ÖZBEK'),
(1884, 'BARIŞ BAL'),
(1885, 'KURTULUŞ ÇAVLI'),
(1886, 'NECMİYE GÜL KANKILIÇ'),
(1887, 'BİLGİN ÖZGÜR'),
(1888, 'ŞEYMA MELİHA KOÇ'),
(1889, 'SANEM GÖKÇEN MERVE YILDIZ'),
(1890, 'DENİZ ARMAĞAN OLGEN'),
(1891, 'HARUN SAYIN'),
(1892, 'AHMET ORAK'),
(1893, 'ŞÜKRÜ EROĞLU'),
(1894, 'AKSEL DURSUN'),
(1895, 'MERT KOCA'),
(1896, 'YÜKSEL ŞAHİN'),
(1897, 'NESLİHAN SÜMER'),
(1898, 'TUTKU SEVİNÇ'),
(1899, 'ERKİN ALTAŞ'),
(1900, 'SELAHATTİN TAŞDELEN'),
(1901, 'BİNNUR ŞAHİN'),
(1902, 'NURCAN DEĞİRMENCİ'),
(1903, 'EZGİ ATİLLA'),
(1904, 'HACER KAYA'),
(1905, 'FERHAT TEHLİ'),
(1906, 'ÖMER DEMİR'),
(1907, 'SERDAR BAL'),
(1908, 'MEHMET HİLMİ VAROL'),
(1909, 'HÜSEYİN KALKAN EREL'),
(1910, 'BAKİ ÇELİK'),
(1911, 'HAMDİYE BARAN'),
(1912, 'EREM GÖKÇE'),
(1913, 'AHMET KARA'),
(1914, 'EMİR KAAN ZEYLİ'),
(1915, 'İPEK KESKİN'),
(1916, 'ERHAN BAŞAR'),
(1917, 'MEHMET DENİZ TAŞDELEN'),
(1918, 'NİLAY BAĞCI'),
(1919, 'HİDAYET KELERCİOĞLU'),
(1920, 'MEHMET EMRAH HAMDEMİRCİ'),
(1921, 'EDA KOTTAŞ'),
(1922, 'ÇAVLAN TURAN'),
(1923, 'ÖZEN ÖZLEM GÜNEBAKAN'),
(1924, 'YASEMİN ÇELİK'),
(1925, 'YİĞİT TÜRKAY'),
(1926, 'MEHMET ÖREN'),
(1927, 'HASAN SÖKMEN'),
(1928, 'TEKİN SEVEN'),
(1929, 'ABİDE MERVE KÖKSAL'),
(1930, 'CEYDA BERBER'),
(1931, 'AHMET ERZURUM'),
(1932, 'FUNDA VAROL'),
(1933, 'UĞUR SÖKMEN'),
(1934, 'BİLGİN TOKAT'),
(1935, 'HAYRİYE AKAY'),
(1936, 'URAL YAVUZ'),
(1937, 'GÖKSEL SEVİMLİ'),
(1938, 'TUNCAY BÜYÜKKAL'),
(1939, 'ÖZGÜR EROĞLU'),
(1940, 'MÜJDAT DEMİRTAŞ'),
(1941, 'ASLI ÇAVLI'),
(1942, 'MAHMUT ESAT EROĞLU'),
(1943, 'FULYA YAVUZ SEZGİN'),
(1944, 'HASAN ÇİÇEK'),
(1945, 'DAMLA DOĞAN'),
(1946, 'TUBA AVCU'),
(1947, 'SERAY DOĞAN'),
(1948, 'ŞENAY ŞEN'),
(1949, 'YAVUZ SELİM KANKILIÇ'),
(1950, 'EMİR KAAN ŞAHİN'),
(1951, 'MUSTAFA ULAŞ ZAİM'),
(1952, 'MEHMET DENİZ OLGEN'),
(1953, 'HASAN ALTIN'),
(1954, 'EVRE SARIKAYA'),
(1955, 'OĞUZ KAĞAN PAKSOY'),
(1956, 'ERKİN DENİZ'),
(1957, 'SELİM KARDAŞ'),
(1958, 'AYHAN ÇOBAN'),
(1959, 'BARIŞ KÖKSAL'),
(1960, 'EZGİ GİZEM TEOMAN'),
(1961, 'İBRAHİM İPEK'),
(1962, 'ÜMRAN AK'),
(1963, 'BURAK İNSELÖZ'),
(1964, 'KADİR GÜMÜRDÜ'),
(1965, 'ASUMAN TAYFUR'),
(1966, 'MEHTAP ÖZMEN'),
(1967, 'YAŞAR BARBAROS ÖZGÜR'),
(1968, 'CAHİT ZEYLİ'),
(1969, 'ERDEM ÖRENÇ'),
(1970, 'SELMA KAHRAMAN'),
(1971, 'MEHMET EMRAH KAYA'),
(1972, 'NURAY ERAT'),
(1973, 'EDİP GÜVENÇ KARADUMAN'),
(1974, 'SEVDA DÜZGÜN'),
(1975, 'HİLAL TUNÇ'),
(1976, 'HASAN CİNBİZ'),
(1977, 'GÖZDE GİZEM KURALAY'),
(1978, 'İBRAHİM BAKLACI'),
(1979, 'TUBA KAYA'),
(1980, 'ENNUR OCAK'),
(1981, 'MÜŞERREF ALIM'),
(1982, 'IŞIK KARAKOYUNLU'),
(1983, 'SELAHATTİN KÖKSAL'),
(1984, 'RÜŞTÜ SELVAN'),
(1985, 'ZEHRA ÖZBEK'),
(1986, 'ERDEM ÇİMEN'),
(1987, 'ESRA DADALI'),
(1988, 'MÜBERRA DEĞİRMENCİ'),
(1989, 'HİKMET TAŞTEKİN'),
(1990, 'GÖKMEN TOMBUL'),
(1991, 'YAĞMUR ÖZCAN'),
(1992, 'TAYYAR ALP DOĞAN'),
(1993, 'FATİH BURULDAY'),
(1994, 'KERİME RUMEYSA ZAİM'),
(1995, 'MEDİHA KURT'),
(1996, 'YUSUF KARAKAYA'),
(1997, 'TAYFUN KÜTÜKOĞLU'),
(1998, 'İPEK GÜZELKÜÇÜK'),
(1999, 'TİMUÇİN GÖKTAŞ'),
(2000, 'PINAR KAVUKOĞLU'),
(2001, 'GÖZDE GİZEM KANKILIÇ'),
(2002, 'YUSUF PAKSOY'),
(2003, 'UMUT ÇİÇEK'),
(2004, 'VOLKAN FİLİZAY'),
(2005, 'TANSU KEVKİR'),
(2006, 'HANDAN ÇEÇEN'),
(2007, 'AYŞE KARABULUT'),
(2008, 'ŞERİFE KOYUNCU'),
(2009, 'DUYGU ALTAŞ'),
(2010, 'EVRE UTLU'),
(2011, 'YUSUF KAÇER'),
(2012, 'FATİH KANNECİ'),
(2013, 'SÜLEYMAN UZUN'),
(2014, 'ALP DAĞ'),
(2015, 'SERKAN ÖZCAN'),
(2016, 'YASEMİN ŞENCAN'),
(2017, 'TÜRKER TAŞ'),
(2018, 'İREM KARAKOYUNLU'),
(2019, 'ELİF NİHAL YILDIZ BULUT'),
(2020, 'MEHMET ÖZBEK'),
(2021, 'BARIŞ BAL'),
(2022, 'KURTULUŞ ÇAVLI'),
(2023, 'NECMİYE GÜL KANKILIÇ'),
(2024, 'BİLGİN ÖZGÜR'),
(2025, 'ŞEYMA MELİHA KOÇ'),
(2026, 'SANEM GÖKÇEN MERVE YILDIZ'),
(2027, 'DENİZ ARMAĞAN OLGEN'),
(2028, 'HARUN SAYIN'),
(2029, 'AHMET ORAK'),
(2030, 'ŞÜKRÜ EROĞLU'),
(2031, 'AKSEL DURSUN'),
(2032, 'MERT KOCA'),
(2033, 'YÜKSEL ŞAHİN'),
(2034, 'NESLİHAN SÜMER'),
(2035, 'TUTKU SEVİNÇ'),
(2036, 'ERKİN ALTAŞ'),
(2037, 'SELAHATTİN TAŞDELEN'),
(2038, 'BİNNUR ŞAHİN'),
(2039, 'NURCAN DEĞİRMENCİ'),
(2040, 'EZGİ ATİLLA'),
(2041, 'HACER KAYA'),
(2042, 'FERHAT TEHLİ'),
(2043, 'ÖMER DEMİR'),
(2044, 'SERDAR BAL'),
(2045, 'MEHMET HİLMİ VAROL'),
(2046, 'HÜSEYİN KALKAN EREL'),
(2047, 'BAKİ ÇELİK'),
(2048, 'HAMDİYE BARAN'),
(2049, 'EREM GÖKÇE'),
(2050, 'AHMET KARA'),
(2051, 'EMİR KAAN ZEYLİ'),
(2052, 'İPEK KESKİN'),
(2053, 'ERHAN BAŞAR'),
(2054, 'MEHMET DENİZ TAŞDELEN'),
(2055, 'NİLAY BAĞCI'),
(2056, 'HİDAYET KELERCİOĞLU'),
(2057, 'MEHMET EMRAH HAMDEMİRCİ'),
(2058, 'EDA KOTTAŞ'),
(2059, 'ÇAVLAN TURAN'),
(2060, 'ÖZEN ÖZLEM GÜNEBAKAN'),
(2061, 'YASEMİN ÇELİK'),
(2062, 'YİĞİT TÜRKAY'),
(2063, 'MEHMET ÖREN'),
(2064, 'HASAN SÖKMEN'),
(2065, 'TEKİN SEVEN'),
(2066, 'ABİDE MERVE KÖKSAL'),
(2067, 'CEYDA BERBER'),
(2068, 'AHMET ERZURUM'),
(2069, 'FUNDA VAROL'),
(2070, 'UĞUR SÖKMEN'),
(2071, 'BİLGİN TOKAT'),
(2072, 'HAYRİYE AKAY'),
(2073, 'URAL YAVUZ'),
(2074, 'GÖKSEL SEVİMLİ'),
(2075, 'TUNCAY BÜYÜKKAL'),
(2076, 'ÖZGÜR EROĞLU'),
(2077, 'MÜJDAT DEMİRTAŞ'),
(2078, 'ASLI ÇAVLI'),
(2079, 'MAHMUT ESAT EROĞLU'),
(2080, 'FULYA YAVUZ SEZGİN'),
(2081, 'HASAN ÇİÇEK'),
(2082, 'DAMLA DOĞAN'),
(2083, 'TUBA AVCU'),
(2084, 'SERAY DOĞAN'),
(2085, 'ŞENAY ŞEN'),
(2086, 'YAVUZ SELİM KANKILIÇ'),
(2087, 'EMİR KAAN ŞAHİN'),
(2088, 'MUSTAFA ULAŞ ZAİM'),
(2089, 'MEHMET DENİZ OLGEN'),
(2090, 'HASAN ALTIN'),
(2091, 'EVRE SARIKAYA'),
(2092, 'OĞUZ KAĞAN PAKSOY'),
(2093, 'ERKİN DENİZ'),
(2094, 'SELİM KARDAŞ'),
(2095, 'AYHAN ÇOBAN'),
(2096, 'BARIŞ KÖKSAL'),
(2097, 'EZGİ GİZEM TEOMAN'),
(2098, 'İBRAHİM İPEK'),
(2099, 'ÜMRAN AK'),
(2100, 'BURAK İNSELÖZ'),
(2101, 'KADİR GÜMÜRDÜ'),
(2102, 'ASUMAN TAYFUR'),
(2103, 'MEHTAP ÖZMEN'),
(2104, 'YAŞAR BARBAROS ÖZGÜR'),
(2105, 'CAHİT ZEYLİ'),
(2106, 'ERDEM ÖRENÇ'),
(2107, 'SELMA KAHRAMAN'),
(2108, 'MEHMET EMRAH KAYA'),
(2109, 'NURAY ERAT'),
(2110, 'EDİP GÜVENÇ KARADUMAN'),
(2111, 'SEVDA DÜZGÜN'),
(2112, 'HİLAL TUNÇ'),
(2113, 'HASAN CİNBİZ'),
(2114, 'GÖZDE GİZEM KURALAY'),
(2115, 'İBRAHİM BAKLACI'),
(2116, 'TUBA KAYA'),
(2117, 'ENNUR OCAK'),
(2118, 'MÜŞERREF ALIM'),
(2119, 'IŞIK KARAKOYUNLU'),
(2120, 'SELAHATTİN KÖKSAL'),
(2121, 'RÜŞTÜ SELVAN'),
(2122, 'ZEHRA ÖZBEK'),
(2123, 'ERDEM ÇİMEN'),
(2124, 'ESRA DADALI'),
(2125, 'MÜBERRA DEĞİRMENCİ'),
(2126, 'HİKMET TAŞTEKİN'),
(2127, 'GÖKMEN TOMBUL'),
(2128, 'YAĞMUR ÖZCAN'),
(2129, 'TAYYAR ALP DOĞAN'),
(2130, 'FATİH BURULDAY'),
(2131, 'KERİME RUMEYSA ZAİM'),
(2132, 'MEDİHA KURT'),
(2133, 'YUSUF KARAKAYA'),
(2134, 'TAYFUN KÜTÜKOĞLU'),
(2135, 'İPEK GÜZELKÜÇÜK'),
(2136, 'TİMUÇİN GÖKTAŞ'),
(2137, 'PINAR KAVUKOĞLU'),
(2138, 'GÖZDE GİZEM KANKILIÇ'),
(2139, 'YUSUF PAKSOY'),
(2140, 'UMUT ÇİÇEK'),
(2141, 'VOLKAN FİLİZAY'),
(2142, 'TANSU KEVKİR'),
(2143, 'HANDAN ÇEÇEN'),
(2144, 'AYŞE KARABULUT'),
(2145, 'ŞERİFE KOYUNCU'),
(2146, 'DUYGU ALTAŞ'),
(2147, 'EVRE UTLU'),
(2148, 'YUSUF KAÇER'),
(2149, 'FATİH KANNECİ'),
(2150, 'SÜLEYMAN UZUN'),
(2151, 'ALP DAĞ'),
(2152, 'SERKAN ÖZCAN'),
(2153, 'YASEMİN ŞENCAN'),
(2154, 'TÜRKER TAŞ'),
(2155, 'İREM KARAKOYUNLU'),
(2156, 'ELİF NİHAL YILDIZ BULUT'),
(2157, 'MEHMET ÖZBEK'),
(2158, 'BARIŞ BAL'),
(2159, 'KURTULUŞ ÇAVLI'),
(2160, 'NECMİYE GÜL KANKILIÇ'),
(2161, 'BİLGİN ÖZGÜR'),
(2162, 'ŞEYMA MELİHA KOÇ'),
(2163, 'SANEM GÖKÇEN MERVE YILDIZ'),
(2164, 'DENİZ ARMAĞAN OLGEN'),
(2165, 'HARUN SAYIN'),
(2166, 'AHMET ORAK'),
(2167, 'ŞÜKRÜ EROĞLU'),
(2168, 'AKSEL DURSUN'),
(2169, 'MERT KOCA'),
(2170, 'YÜKSEL ŞAHİN'),
(2171, 'NESLİHAN SÜMER'),
(2172, 'TUTKU SEVİNÇ'),
(2173, 'ERKİN ALTAŞ'),
(2174, 'SELAHATTİN TAŞDELEN'),
(2175, 'BİNNUR ŞAHİN'),
(2176, 'NURCAN DEĞİRMENCİ'),
(2177, 'EZGİ ATİLLA'),
(2178, 'HACER KAYA');
INSERT INTO `customers` (`customer_id`, `customer_name`) VALUES
(2179, 'FERHAT TEHLİ'),
(2180, 'ÖMER DEMİR'),
(2181, 'SERDAR BAL'),
(2182, 'MEHMET HİLMİ VAROL'),
(2183, 'HÜSEYİN KALKAN EREL'),
(2184, 'BAKİ ÇELİK'),
(2185, 'HAMDİYE BARAN'),
(2186, 'EREM GÖKÇE'),
(2187, 'AHMET KARA'),
(2188, 'EMİR KAAN ZEYLİ'),
(2189, 'İPEK KESKİN'),
(2190, 'ERHAN BAŞAR'),
(2191, 'MEHMET DENİZ TAŞDELEN'),
(2192, 'NİLAY BAĞCI'),
(2193, 'HİDAYET KELERCİOĞLU'),
(2194, 'MEHMET EMRAH HAMDEMİRCİ'),
(2195, 'EDA KOTTAŞ'),
(2196, 'ÇAVLAN TURAN'),
(2197, 'ÖZEN ÖZLEM GÜNEBAKAN'),
(2198, 'YASEMİN ÇELİK'),
(2199, 'YİĞİT TÜRKAY'),
(2200, 'MEHMET ÖREN'),
(2201, 'HASAN SÖKMEN'),
(2202, 'TEKİN SEVEN'),
(2203, 'ABİDE MERVE KÖKSAL'),
(2204, 'CEYDA BERBER'),
(2205, 'AHMET ERZURUM'),
(2206, 'FUNDA VAROL'),
(2207, 'UĞUR SÖKMEN'),
(2208, 'BİLGİN TOKAT'),
(2209, 'HAYRİYE AKAY'),
(2210, 'URAL YAVUZ'),
(2211, 'GÖKSEL SEVİMLİ'),
(2212, 'TUNCAY BÜYÜKKAL'),
(2213, 'ÖZGÜR EROĞLU'),
(2214, 'MÜJDAT DEMİRTAŞ'),
(2215, 'ASLI ÇAVLI'),
(2216, 'MAHMUT ESAT EROĞLU'),
(2217, 'FULYA YAVUZ SEZGİN'),
(2218, 'HASAN ÇİÇEK'),
(2219, 'DAMLA DOĞAN'),
(2220, 'TUBA AVCU'),
(2221, 'SERAY DOĞAN'),
(2222, 'ŞENAY ŞEN'),
(2223, 'YAVUZ SELİM KANKILIÇ'),
(2224, 'EMİR KAAN ŞAHİN'),
(2225, 'MUSTAFA ULAŞ ZAİM'),
(2226, 'MEHMET DENİZ OLGEN'),
(2227, 'HASAN ALTIN'),
(2228, 'EVRE SARIKAYA'),
(2229, 'OĞUZ KAĞAN PAKSOY'),
(2230, 'ERKİN DENİZ'),
(2231, 'SELİM KARDAŞ'),
(2232, 'AYHAN ÇOBAN'),
(2233, 'BARIŞ KÖKSAL'),
(2234, 'EZGİ GİZEM TEOMAN'),
(2235, 'İBRAHİM İPEK'),
(2236, 'ÜMRAN AK'),
(2237, 'BURAK İNSELÖZ'),
(2238, 'KADİR GÜMÜRDÜ'),
(2239, 'ASUMAN TAYFUR'),
(2240, 'MEHTAP ÖZMEN'),
(2241, 'YAŞAR BARBAROS ÖZGÜR'),
(2242, 'CAHİT ZEYLİ'),
(2243, 'ERDEM ÖRENÇ'),
(2244, 'SELMA KAHRAMAN'),
(2245, 'MEHMET EMRAH KAYA'),
(2246, 'NURAY ERAT'),
(2247, 'EDİP GÜVENÇ KARADUMAN'),
(2248, 'SEVDA DÜZGÜN'),
(2249, 'HİLAL TUNÇ'),
(2250, 'HASAN CİNBİZ'),
(2251, 'GÖZDE GİZEM KURALAY'),
(2252, 'İBRAHİM BAKLACI'),
(2253, 'TUBA KAYA'),
(2254, 'ENNUR OCAK'),
(2255, 'MÜŞERREF ALIM'),
(2256, 'IŞIK KARAKOYUNLU'),
(2257, 'SELAHATTİN KÖKSAL'),
(2258, 'RÜŞTÜ SELVAN'),
(2259, 'ZEHRA ÖZBEK'),
(2260, 'ERDEM ÇİMEN'),
(2261, 'ESRA DADALI'),
(2262, 'MÜBERRA DEĞİRMENCİ'),
(2263, 'HİKMET TAŞTEKİN'),
(2264, 'GÖKMEN TOMBUL'),
(2265, 'YAĞMUR ÖZCAN'),
(2266, 'TAYYAR ALP DOĞAN'),
(2267, 'FATİH BURULDAY'),
(2268, 'KERİME RUMEYSA ZAİM'),
(2269, 'MEDİHA KURT'),
(2270, 'YUSUF KARAKAYA'),
(2271, 'TAYFUN KÜTÜKOĞLU'),
(2272, 'İPEK GÜZELKÜÇÜK'),
(2273, 'TİMUÇİN GÖKTAŞ'),
(2274, 'PINAR KAVUKOĞLU'),
(2275, 'GÖZDE GİZEM KANKILIÇ'),
(2276, 'YUSUF PAKSOY'),
(2277, 'UMUT ÇİÇEK'),
(2278, 'VOLKAN FİLİZAY'),
(2279, 'TANSU KEVKİR'),
(2280, 'HANDAN ÇEÇEN'),
(2281, 'AYŞE KARABULUT'),
(2282, 'ŞERİFE KOYUNCU'),
(2283, 'DUYGU ALTAŞ'),
(2284, 'EVRE UTLU'),
(2285, 'YUSUF KAÇER'),
(2286, 'FATİH KANNECİ'),
(2287, 'SÜLEYMAN UZUN'),
(2288, 'ALP DAĞ'),
(2289, 'SERKAN ÖZCAN'),
(2290, 'YASEMİN ŞENCAN'),
(2291, 'TÜRKER TAŞ'),
(2292, 'İREM KARAKOYUNLU'),
(2293, 'ELİF NİHAL YILDIZ BULUT'),
(2294, 'MEHMET ÖZBEK'),
(2295, 'BARIŞ BAL'),
(2296, 'KURTULUŞ ÇAVLI'),
(2297, 'NECMİYE GÜL KANKILIÇ'),
(2298, 'BİLGİN ÖZGÜR'),
(2299, 'ŞEYMA MELİHA KOÇ'),
(2300, 'SANEM GÖKÇEN MERVE YILDIZ'),
(2301, 'DENİZ ARMAĞAN OLGEN'),
(2302, 'HARUN SAYIN'),
(2303, 'AHMET ORAK'),
(2304, 'ŞÜKRÜ EROĞLU'),
(2305, 'AKSEL DURSUN'),
(2306, 'MERT KOCA'),
(2307, 'YÜKSEL ŞAHİN'),
(2308, 'NESLİHAN SÜMER'),
(2309, 'TUTKU SEVİNÇ'),
(2310, 'ERKİN ALTAŞ'),
(2311, 'SELAHATTİN TAŞDELEN'),
(2312, 'BİNNUR ŞAHİN'),
(2313, 'NURCAN DEĞİRMENCİ'),
(2314, 'EZGİ ATİLLA'),
(2315, 'HACER KAYA'),
(2316, 'FERHAT TEHLİ'),
(2317, 'ÖMER DEMİR'),
(2318, 'SERDAR BAL'),
(2319, 'MEHMET HİLMİ VAROL'),
(2320, 'HÜSEYİN KALKAN EREL'),
(2321, 'BAKİ ÇELİK'),
(2322, 'HAMDİYE BARAN'),
(2323, 'EREM GÖKÇE'),
(2324, 'AHMET KARA'),
(2325, 'EMİR KAAN ZEYLİ'),
(2326, 'İPEK KESKİN'),
(2327, 'ERHAN BAŞAR'),
(2328, 'MEHMET DENİZ TAŞDELEN'),
(2329, 'NİLAY BAĞCI'),
(2330, 'HİDAYET KELERCİOĞLU'),
(2331, 'MEHMET EMRAH HAMDEMİRCİ'),
(2332, 'EDA KOTTAŞ'),
(2333, 'ÇAVLAN TURAN'),
(2334, 'ÖZEN ÖZLEM GÜNEBAKAN'),
(2335, 'YASEMİN ÇELİK'),
(2336, 'YİĞİT TÜRKAY'),
(2337, 'MEHMET ÖREN'),
(2338, 'HASAN SÖKMEN'),
(2339, 'TEKİN SEVEN'),
(2340, 'ABİDE MERVE KÖKSAL'),
(2341, 'CEYDA BERBER'),
(2342, 'AHMET ERZURUM'),
(2343, 'FUNDA VAROL'),
(2344, 'UĞUR SÖKMEN'),
(2345, 'BİLGİN TOKAT'),
(2346, 'HAYRİYE AKAY'),
(2347, 'URAL YAVUZ'),
(2348, 'GÖKSEL SEVİMLİ'),
(2349, 'TUNCAY BÜYÜKKAL'),
(2350, 'ÖZGÜR EROĞLU'),
(2351, 'MÜJDAT DEMİRTAŞ'),
(2352, 'ASLI ÇAVLI'),
(2353, 'MAHMUT ESAT EROĞLU'),
(2354, 'FULYA YAVUZ SEZGİN'),
(2355, 'HASAN ÇİÇEK'),
(2356, 'DAMLA DOĞAN'),
(2357, 'TUBA AVCU'),
(2358, 'SERAY DOĞAN'),
(2359, 'ŞENAY ŞEN'),
(2360, 'YAVUZ SELİM KANKILIÇ'),
(2361, 'EMİR KAAN ŞAHİN'),
(2362, 'MUSTAFA ULAŞ ZAİM'),
(2363, 'MEHMET DENİZ OLGEN'),
(2364, 'HASAN ALTIN'),
(2365, 'EVRE SARIKAYA'),
(2366, 'OĞUZ KAĞAN PAKSOY'),
(2367, 'ERKİN DENİZ'),
(2368, 'SELİM KARDAŞ'),
(2369, 'AYHAN ÇOBAN'),
(2370, 'BARIŞ KÖKSAL'),
(2371, 'EZGİ GİZEM TEOMAN'),
(2372, 'İBRAHİM İPEK'),
(2373, 'ÜMRAN AK'),
(2374, 'BURAK İNSELÖZ'),
(2375, 'KADİR GÜMÜRDÜ'),
(2376, 'ASUMAN TAYFUR'),
(2377, 'MEHTAP ÖZMEN'),
(2378, 'YAŞAR BARBAROS ÖZGÜR'),
(2379, 'CAHİT ZEYLİ'),
(2380, 'ERDEM ÖRENÇ'),
(2381, 'SELMA KAHRAMAN'),
(2382, 'MEHMET EMRAH KAYA'),
(2383, 'NURAY ERAT'),
(2384, 'EDİP GÜVENÇ KARADUMAN'),
(2385, 'SEVDA DÜZGÜN'),
(2386, 'HİLAL TUNÇ'),
(2387, 'HASAN CİNBİZ'),
(2388, 'GÖZDE GİZEM KURALAY'),
(2389, 'İBRAHİM BAKLACI'),
(2390, 'TUBA KAYA'),
(2391, 'ENNUR OCAK'),
(2392, 'MÜŞERREF ALIM'),
(2393, 'IŞIK KARAKOYUNLU'),
(2394, 'SELAHATTİN KÖKSAL'),
(2395, 'RÜŞTÜ SELVAN'),
(2396, 'ZEHRA ÖZBEK'),
(2397, 'ERDEM ÇİMEN'),
(2398, 'ESRA DADALI'),
(2399, 'MÜBERRA DEĞİRMENCİ'),
(2400, 'HİKMET TAŞTEKİN'),
(2401, 'GÖKMEN TOMBUL'),
(2402, 'YAĞMUR ÖZCAN'),
(2403, 'TAYYAR ALP DOĞAN'),
(2404, 'FATİH BURULDAY'),
(2405, 'KERİME RUMEYSA ZAİM'),
(2406, 'MEDİHA KURT'),
(2407, 'YUSUF KARAKAYA'),
(2408, 'TAYFUN KÜTÜKOĞLU'),
(2409, 'İPEK GÜZELKÜÇÜK'),
(2410, 'TİMUÇİN GÖKTAŞ'),
(2411, 'PINAR KAVUKOĞLU'),
(2412, 'GÖZDE GİZEM KANKILIÇ'),
(2413, 'YUSUF PAKSOY'),
(2414, 'UMUT ÇİÇEK'),
(2415, 'VOLKAN FİLİZAY'),
(2416, 'TANSU KEVKİR'),
(2417, 'HANDAN ÇEÇEN'),
(2418, 'AYŞE KARABULUT'),
(2419, 'ŞERİFE KOYUNCU'),
(2420, 'DUYGU ALTAŞ'),
(2421, 'EVRE UTLU'),
(2422, 'YUSUF KAÇER'),
(2423, 'FATİH KANNECİ'),
(2424, 'SÜLEYMAN UZUN'),
(2425, 'ALP DAĞ'),
(2426, 'SERKAN ÖZCAN'),
(2427, 'YASEMİN ŞENCAN'),
(2428, 'TÜRKER TAŞ'),
(2429, 'İREM KARAKOYUNLU'),
(2430, 'ELİF NİHAL YILDIZ BULUT'),
(2431, 'MEHMET ÖZBEK'),
(2432, 'BARIŞ BAL'),
(2433, 'KURTULUŞ ÇAVLI'),
(2434, 'NECMİYE GÜL KANKILIÇ'),
(2435, 'BİLGİN ÖZGÜR'),
(2436, 'ŞEYMA MELİHA KOÇ'),
(2437, 'SANEM GÖKÇEN MERVE YILDIZ'),
(2438, 'DENİZ ARMAĞAN OLGEN'),
(2439, 'HARUN SAYIN'),
(2440, 'AHMET ORAK'),
(2441, 'ŞÜKRÜ EROĞLU'),
(2442, 'AKSEL DURSUN'),
(2443, 'MERT KOCA'),
(2444, 'YÜKSEL ŞAHİN'),
(2445, 'NESLİHAN SÜMER'),
(2446, 'TUTKU SEVİNÇ'),
(2447, 'ERKİN ALTAŞ'),
(2448, 'SELAHATTİN TAŞDELEN'),
(2449, 'BİNNUR ŞAHİN'),
(2450, 'NURCAN DEĞİRMENCİ'),
(2451, 'EZGİ ATİLLA'),
(2452, 'HACER KAYA'),
(2453, 'FERHAT TEHLİ'),
(2454, 'ÖMER DEMİR'),
(2455, 'SERDAR BAL'),
(2456, 'MEHMET HİLMİ VAROL'),
(2457, 'HÜSEYİN KALKAN EREL'),
(2458, 'BAKİ ÇELİK'),
(2459, 'HAMDİYE BARAN'),
(2460, 'EREM GÖKÇE'),
(2461, 'AHMET KARA'),
(2462, 'EMİR KAAN ZEYLİ'),
(2463, 'İPEK KESKİN'),
(2464, 'ERHAN BAŞAR'),
(2465, 'MEHMET DENİZ TAŞDELEN'),
(2466, 'NİLAY BAĞCI'),
(2467, 'HİDAYET KELERCİOĞLU'),
(2468, 'MEHMET EMRAH HAMDEMİRCİ'),
(2469, 'EDA KOTTAŞ'),
(2470, 'ÇAVLAN TURAN'),
(2471, 'ÖZEN ÖZLEM GÜNEBAKAN'),
(2472, 'YASEMİN ÇELİK'),
(2473, 'YİĞİT TÜRKAY'),
(2474, 'MEHMET ÖREN'),
(2475, 'HASAN SÖKMEN'),
(2476, 'TEKİN SEVEN'),
(2477, 'ABİDE MERVE KÖKSAL'),
(2478, 'CEYDA BERBER'),
(2479, 'AHMET ERZURUM'),
(2480, 'FUNDA VAROL'),
(2481, 'UĞUR SÖKMEN'),
(2482, 'BİLGİN TOKAT'),
(2483, 'HAYRİYE AKAY'),
(2484, 'URAL YAVUZ'),
(2485, 'GÖKSEL SEVİMLİ'),
(2486, 'TUNCAY BÜYÜKKAL'),
(2487, 'ÖZGÜR EROĞLU'),
(2488, 'MÜJDAT DEMİRTAŞ'),
(2489, 'ASLI ÇAVLI'),
(2490, 'MAHMUT ESAT EROĞLU'),
(2491, 'FULYA YAVUZ SEZGİN'),
(2492, 'HASAN ÇİÇEK'),
(2493, 'DAMLA DOĞAN'),
(2494, 'TUBA AVCU'),
(2495, 'SERAY DOĞAN'),
(2496, 'ŞENAY ŞEN'),
(2497, 'YAVUZ SELİM KANKILIÇ'),
(2498, 'EMİR KAAN ŞAHİN'),
(2499, 'MUSTAFA ULAŞ ZAİM'),
(2500, 'MEHMET DENİZ OLGEN'),
(2501, 'HASAN ALTIN'),
(2502, 'EVRE SARIKAYA'),
(2503, 'OĞUZ KAĞAN PAKSOY'),
(2504, 'ERKİN DENİZ'),
(2505, 'SELİM KARDAŞ'),
(2506, 'AYHAN ÇOBAN'),
(2507, 'BARIŞ KÖKSAL'),
(2508, 'EZGİ GİZEM TEOMAN'),
(2509, 'İBRAHİM İPEK'),
(2510, 'ÜMRAN AK'),
(2511, 'BURAK İNSELÖZ'),
(2512, 'KADİR GÜMÜRDÜ'),
(2513, 'ASUMAN TAYFUR'),
(2514, 'MEHTAP ÖZMEN'),
(2515, 'YAŞAR BARBAROS ÖZGÜR'),
(2516, 'CAHİT ZEYLİ'),
(2517, 'ERDEM ÖRENÇ'),
(2518, 'SELMA KAHRAMAN'),
(2519, 'MEHMET EMRAH KAYA'),
(2520, 'NURAY ERAT'),
(2521, 'EDİP GÜVENÇ KARADUMAN'),
(2522, 'SEVDA DÜZGÜN'),
(2523, 'HİLAL TUNÇ'),
(2524, 'HASAN CİNBİZ'),
(2525, 'GÖZDE GİZEM KURALAY'),
(2526, 'İBRAHİM BAKLACI'),
(2527, 'TUBA KAYA'),
(2528, 'ENNUR OCAK'),
(2529, 'MÜŞERREF ALIM'),
(2530, 'IŞIK KARAKOYUNLU'),
(2531, 'SELAHATTİN KÖKSAL'),
(2532, 'RÜŞTÜ SELVAN'),
(2533, 'ZEHRA ÖZBEK'),
(2534, 'ERDEM ÇİMEN'),
(2535, 'ESRA DADALI'),
(2536, 'MÜBERRA DEĞİRMENCİ'),
(2537, 'HİKMET TAŞTEKİN'),
(2538, 'GÖKMEN TOMBUL'),
(2539, 'YAĞMUR ÖZCAN'),
(2540, 'TAYYAR ALP DOĞAN'),
(2541, 'FATİH BURULDAY'),
(2542, 'KERİME RUMEYSA ZAİM'),
(2543, 'MEDİHA KURT'),
(2544, 'YUSUF KARAKAYA'),
(2545, 'TAYFUN KÜTÜKOĞLU'),
(2546, 'İPEK GÜZELKÜÇÜK'),
(2547, 'TİMUÇİN GÖKTAŞ'),
(2548, 'PINAR KAVUKOĞLU'),
(2549, 'GÖZDE GİZEM KANKILIÇ'),
(2550, 'YUSUF PAKSOY'),
(2551, 'UMUT ÇİÇEK'),
(2552, 'VOLKAN FİLİZAY'),
(2553, 'TANSU KEVKİR'),
(2554, 'HANDAN ÇEÇEN'),
(2555, 'AYŞE KARABULUT'),
(2556, 'ŞERİFE KOYUNCU'),
(2557, 'DUYGU ALTAŞ'),
(2558, 'EVRE UTLU'),
(2559, 'YUSUF KAÇER'),
(2560, 'FATİH KANNECİ'),
(2561, 'SÜLEYMAN UZUN'),
(2562, 'ALP DAĞ'),
(2563, 'SERKAN ÖZCAN'),
(2564, 'YASEMİN ŞENCAN'),
(2565, 'TÜRKER TAŞ'),
(2566, 'İREM KARAKOYUNLU'),
(2567, 'ELİF NİHAL YILDIZ BULUT'),
(2568, 'MEHMET ÖZBEK'),
(2569, 'BARIŞ BAL'),
(2570, 'KURTULUŞ ÇAVLI'),
(2571, 'NECMİYE GÜL KANKILIÇ'),
(2572, 'BİLGİN ÖZGÜR'),
(2573, 'ŞEYMA MELİHA KOÇ'),
(2574, 'SANEM GÖKÇEN MERVE YILDIZ'),
(2575, 'DENİZ ARMAĞAN OLGEN'),
(2576, 'HARUN SAYIN'),
(2577, 'AHMET ORAK'),
(2578, 'ŞÜKRÜ EROĞLU'),
(2579, 'AKSEL DURSUN'),
(2580, 'MERT KOCA'),
(2581, 'YÜKSEL ŞAHİN'),
(2582, 'NESLİHAN SÜMER'),
(2583, 'TUTKU SEVİNÇ'),
(2584, 'ERKİN ALTAŞ'),
(2585, 'SELAHATTİN TAŞDELEN'),
(2586, 'BİNNUR ŞAHİN'),
(2587, 'NURCAN DEĞİRMENCİ'),
(2588, 'EZGİ ATİLLA'),
(2589, 'HACER KAYA'),
(2590, 'FERHAT TEHLİ'),
(2591, 'ÖMER DEMİR'),
(2592, 'SERDAR BAL'),
(2593, 'MEHMET HİLMİ VAROL'),
(2594, 'HÜSEYİN KALKAN EREL'),
(2595, 'BAKİ ÇELİK'),
(2596, 'HAMDİYE BARAN'),
(2597, 'EREM GÖKÇE'),
(2598, 'AHMET KARA'),
(2599, 'EMİR KAAN ZEYLİ'),
(2600, 'İPEK KESKİN'),
(2601, 'ERHAN BAŞAR'),
(2602, 'MEHMET DENİZ TAŞDELEN'),
(2603, 'NİLAY BAĞCI'),
(2604, 'HİDAYET KELERCİOĞLU'),
(2605, 'MEHMET EMRAH HAMDEMİRCİ'),
(2606, 'EDA KOTTAŞ'),
(2607, 'ÇAVLAN TURAN'),
(2608, 'ÖZEN ÖZLEM GÜNEBAKAN'),
(2609, 'YASEMİN ÇELİK'),
(2610, 'YİĞİT TÜRKAY'),
(2611, 'MEHMET ÖREN'),
(2612, 'HASAN SÖKMEN'),
(2613, 'TEKİN SEVEN'),
(2614, 'ABİDE MERVE KÖKSAL'),
(2615, 'CEYDA BERBER'),
(2616, 'AHMET ERZURUM'),
(2617, 'FUNDA VAROL'),
(2618, 'UĞUR SÖKMEN'),
(2619, 'BİLGİN TOKAT'),
(2620, 'HAYRİYE AKAY'),
(2621, 'URAL YAVUZ'),
(2622, 'GÖKSEL SEVİMLİ'),
(2623, 'TUNCAY BÜYÜKKAL'),
(2624, 'ÖZGÜR EROĞLU'),
(2625, 'MÜJDAT DEMİRTAŞ'),
(2626, 'ASLI ÇAVLI'),
(2627, 'MAHMUT ESAT EROĞLU'),
(2628, 'FULYA YAVUZ SEZGİN'),
(2629, 'HASAN ÇİÇEK'),
(2630, 'DAMLA DOĞAN'),
(2631, 'TUBA AVCU'),
(2632, 'SERAY DOĞAN'),
(2633, 'ŞENAY ŞEN'),
(2634, 'YAVUZ SELİM KANKILIÇ'),
(2635, 'EMİR KAAN ŞAHİN'),
(2636, 'MUSTAFA ULAŞ ZAİM'),
(2637, 'MEHMET DENİZ OLGEN'),
(2638, 'HASAN ALTIN'),
(2639, 'EVRE SARIKAYA'),
(2640, 'OĞUZ KAĞAN PAKSOY'),
(2641, 'ERKİN DENİZ'),
(2642, 'SELİM KARDAŞ'),
(2643, 'AYHAN ÇOBAN'),
(2644, 'BARIŞ KÖKSAL'),
(2645, 'EZGİ GİZEM TEOMAN'),
(2646, 'İBRAHİM İPEK'),
(2647, 'ÜMRAN AK'),
(2648, 'BURAK İNSELÖZ'),
(2649, 'KADİR GÜMÜRDÜ'),
(2650, 'ASUMAN TAYFUR'),
(2651, 'MEHTAP ÖZMEN'),
(2652, 'YAŞAR BARBAROS ÖZGÜR'),
(2653, 'CAHİT ZEYLİ'),
(2654, 'ERDEM ÖRENÇ'),
(2655, 'SELMA KAHRAMAN'),
(2656, 'MEHMET EMRAH KAYA'),
(2657, 'NURAY ERAT'),
(2658, 'EDİP GÜVENÇ KARADUMAN'),
(2659, 'SEVDA DÜZGÜN'),
(2660, 'HİLAL TUNÇ'),
(2661, 'HASAN CİNBİZ'),
(2662, 'GÖZDE GİZEM KURALAY'),
(2663, 'İBRAHİM BAKLACI'),
(2664, 'TUBA KAYA'),
(2665, 'ENNUR OCAK'),
(2666, 'MÜŞERREF ALIM'),
(2667, 'IŞIK KARAKOYUNLU'),
(2668, 'SELAHATTİN KÖKSAL'),
(2669, 'RÜŞTÜ SELVAN'),
(2670, 'ZEHRA ÖZBEK'),
(2671, 'ERDEM ÇİMEN'),
(2672, 'ESRA DADALI'),
(2673, 'MÜBERRA DEĞİRMENCİ'),
(2674, 'HİKMET TAŞTEKİN'),
(2675, 'GÖKMEN TOMBUL'),
(2676, 'YAĞMUR ÖZCAN'),
(2677, 'TAYYAR ALP DOĞAN'),
(2678, 'FATİH BURULDAY'),
(2679, 'KERİME RUMEYSA ZAİM'),
(2680, 'MEDİHA KURT'),
(2681, 'YUSUF KARAKAYA'),
(2682, 'TAYFUN KÜTÜKOĞLU'),
(2683, 'İPEK GÜZELKÜÇÜK'),
(2684, 'TİMUÇİN GÖKTAŞ'),
(2685, 'PINAR KAVUKOĞLU'),
(2686, 'GÖZDE GİZEM KANKILIÇ'),
(2687, 'YUSUF PAKSOY'),
(2688, 'UMUT ÇİÇEK'),
(2689, 'VOLKAN FİLİZAY'),
(2690, 'TANSU KEVKİR'),
(2691, 'HANDAN ÇEÇEN'),
(2692, 'AYŞE KARABULUT'),
(2693, 'ŞERİFE KOYUNCU'),
(2694, 'DUYGU ALTAŞ'),
(2695, 'EVRE UTLU'),
(2696, 'YUSUF KAÇER'),
(2697, 'FATİH KANNECİ'),
(2698, 'SÜLEYMAN UZUN'),
(2699, 'ALP DAĞ'),
(2700, 'SERKAN ÖZCAN'),
(2701, 'YASEMİN ŞENCAN'),
(2702, 'TÜRKER TAŞ'),
(2703, 'İREM KARAKOYUNLU'),
(2704, 'ELİF NİHAL YILDIZ BULUT'),
(2705, 'MEHMET ÖZBEK'),
(2706, 'BARIŞ BAL'),
(2707, 'KURTULUŞ ÇAVLI'),
(2708, 'NECMİYE GÜL KANKILIÇ'),
(2709, 'BİLGİN ÖZGÜR'),
(2710, 'ŞEYMA MELİHA KOÇ'),
(2711, 'SANEM GÖKÇEN MERVE YILDIZ'),
(2712, 'DENİZ ARMAĞAN OLGEN'),
(2713, 'HARUN SAYIN'),
(2714, 'AHMET ORAK'),
(2715, 'ŞÜKRÜ EROĞLU'),
(2716, 'AKSEL DURSUN'),
(2717, 'MERT KOCA'),
(2718, 'YÜKSEL ŞAHİN'),
(2719, 'NESLİHAN SÜMER'),
(2720, 'TUTKU SEVİNÇ'),
(2721, 'ERKİN ALTAŞ'),
(2722, 'SELAHATTİN TAŞDELEN'),
(2723, 'BİNNUR ŞAHİN'),
(2724, 'NURCAN DEĞİRMENCİ'),
(2725, 'EZGİ ATİLLA'),
(2726, 'HACER KAYA'),
(2727, 'FERHAT TEHLİ'),
(2728, 'ÖMER DEMİR'),
(2729, 'SERDAR BAL'),
(2730, 'MEHMET HİLMİ VAROL'),
(2731, 'HÜSEYİN KALKAN EREL'),
(2732, 'BAKİ ÇELİK'),
(2733, 'HAMDİYE BARAN'),
(2734, 'EREM GÖKÇE'),
(2735, 'AHMET KARA'),
(2736, 'EMİR KAAN ZEYLİ'),
(2737, 'İPEK KESKİN'),
(2738, 'ERHAN BAŞAR'),
(2739, 'MEHMET DENİZ TAŞDELEN'),
(2740, 'NİLAY BAĞCI'),
(2741, 'HİDAYET KELERCİOĞLU'),
(2742, 'MEHMET EMRAH HAMDEMİRCİ'),
(2743, 'EDA KOTTAŞ'),
(2744, 'ÇAVLAN TURAN'),
(2745, 'ÖZEN ÖZLEM GÜNEBAKAN'),
(2746, 'YASEMİN ÇELİK'),
(2747, 'YİĞİT TÜRKAY'),
(2748, 'MEHMET ÖREN'),
(2749, 'HASAN SÖKMEN'),
(2750, 'TEKİN SEVEN'),
(2751, 'ABİDE MERVE KÖKSAL'),
(2752, 'CEYDA BERBER'),
(2753, 'AHMET ERZURUM'),
(2754, 'FUNDA VAROL'),
(2755, 'UĞUR SÖKMEN'),
(2756, 'BİLGİN TOKAT'),
(2757, 'HAYRİYE AKAY'),
(2758, 'URAL YAVUZ'),
(2759, 'GÖKSEL SEVİMLİ'),
(2760, 'TUNCAY BÜYÜKKAL'),
(2761, 'ÖZGÜR EROĞLU'),
(2762, 'MÜJDAT DEMİRTAŞ'),
(2763, 'ASLI ÇAVLI'),
(2764, 'MAHMUT ESAT EROĞLU'),
(2765, 'FULYA YAVUZ SEZGİN'),
(2766, 'HASAN ÇİÇEK'),
(2767, 'DAMLA DOĞAN'),
(2768, 'TUBA AVCU'),
(2769, 'SERAY DOĞAN'),
(2770, 'ŞENAY ŞEN'),
(2771, 'YAVUZ SELİM KANKILIÇ'),
(2772, 'EMİR KAAN ŞAHİN'),
(2773, 'MUSTAFA ULAŞ ZAİM'),
(2774, 'MEHMET DENİZ OLGEN'),
(2775, 'HASAN ALTIN'),
(2776, 'EVRE SARIKAYA'),
(2777, 'OĞUZ KAĞAN PAKSOY'),
(2778, 'ERKİN DENİZ'),
(2779, 'SELİM KARDAŞ'),
(2780, 'AYHAN ÇOBAN'),
(2781, 'BARIŞ KÖKSAL'),
(2782, 'EZGİ GİZEM TEOMAN'),
(2783, 'İBRAHİM İPEK'),
(2784, 'ÜMRAN AK'),
(2785, 'BURAK İNSELÖZ'),
(2786, 'KADİR GÜMÜRDÜ'),
(2787, 'ASUMAN TAYFUR'),
(2788, 'MEHTAP ÖZMEN'),
(2789, 'YAŞAR BARBAROS ÖZGÜR'),
(2790, 'CAHİT ZEYLİ'),
(2791, 'ERDEM ÖRENÇ'),
(2792, 'SELMA KAHRAMAN'),
(2793, 'MEHMET EMRAH KAYA'),
(2794, 'NURAY ERAT'),
(2795, 'EDİP GÜVENÇ KARADUMAN'),
(2796, 'SEVDA DÜZGÜN'),
(2797, 'HİLAL TUNÇ'),
(2798, 'HASAN CİNBİZ'),
(2799, 'GÖZDE GİZEM KURALAY'),
(2800, 'İBRAHİM BAKLACI'),
(2801, 'TUBA KAYA'),
(2802, 'ENNUR OCAK'),
(2803, 'MÜŞERREF ALIM'),
(2804, 'IŞIK KARAKOYUNLU'),
(2805, 'SELAHATTİN KÖKSAL'),
(2806, 'RÜŞTÜ SELVAN'),
(2807, 'ZEHRA ÖZBEK'),
(2808, 'ERDEM ÇİMEN'),
(2809, 'ESRA DADALI'),
(2810, 'MÜBERRA DEĞİRMENCİ'),
(2811, 'HİKMET TAŞTEKİN'),
(2812, 'GÖKMEN TOMBUL'),
(2813, 'YAĞMUR ÖZCAN'),
(2814, 'TAYYAR ALP DOĞAN'),
(2815, 'FATİH BURULDAY'),
(2816, 'KERİME RUMEYSA ZAİM'),
(2817, 'MEDİHA KURT'),
(2818, 'YUSUF KARAKAYA'),
(2819, 'TAYFUN KÜTÜKOĞLU'),
(2820, 'İPEK GÜZELKÜÇÜK'),
(2821, 'TİMUÇİN GÖKTAŞ'),
(2822, 'PINAR KAVUKOĞLU'),
(2823, 'GÖZDE GİZEM KANKILIÇ'),
(2824, 'YUSUF PAKSOY'),
(2825, 'UMUT ÇİÇEK'),
(2826, 'VOLKAN FİLİZAY'),
(2827, 'TANSU KEVKİR'),
(2828, 'HANDAN ÇEÇEN'),
(2829, 'AYŞE KARABULUT'),
(2830, 'ŞERİFE KOYUNCU'),
(2831, 'DUYGU ALTAŞ'),
(2832, 'EVRE UTLU'),
(2833, 'YUSUF KAÇER'),
(2834, 'FATİH KANNECİ'),
(2835, 'SÜLEYMAN UZUN'),
(2836, 'ALP DAĞ'),
(2837, 'SERKAN ÖZCAN'),
(2838, 'YASEMİN ŞENCAN'),
(2839, 'TÜRKER TAŞ'),
(2840, 'İREM KARAKOYUNLU'),
(2841, 'ELİF NİHAL YILDIZ BULUT'),
(2842, 'MEHMET ÖZBEK'),
(2843, 'BARIŞ BAL'),
(2844, 'KURTULUŞ ÇAVLI'),
(2845, 'NECMİYE GÜL KANKILIÇ'),
(2846, 'BİLGİN ÖZGÜR'),
(2847, 'ŞEYMA MELİHA KOÇ'),
(2848, 'SANEM GÖKÇEN MERVE YILDIZ'),
(2849, 'DENİZ ARMAĞAN OLGEN'),
(2850, 'HARUN SAYIN'),
(2851, 'AHMET ORAK'),
(2852, 'ŞÜKRÜ EROĞLU'),
(2853, 'AKSEL DURSUN'),
(2854, 'MERT KOCA'),
(2855, 'YÜKSEL ŞAHİN'),
(2856, 'NESLİHAN SÜMER'),
(2857, 'TUTKU SEVİNÇ'),
(2858, 'ERKİN ALTAŞ'),
(2859, 'SELAHATTİN TAŞDELEN'),
(2860, 'BİNNUR ŞAHİN'),
(2861, 'NURCAN DEĞİRMENCİ'),
(2862, 'EZGİ ATİLLA'),
(2863, 'HACER KAYA'),
(2864, 'FERHAT TEHLİ'),
(2865, 'ÖMER DEMİR'),
(2866, 'SERDAR BAL'),
(2867, 'MEHMET HİLMİ VAROL'),
(2868, 'HÜSEYİN KALKAN EREL'),
(2869, 'BAKİ ÇELİK'),
(2870, 'HAMDİYE BARAN'),
(2871, 'EREM GÖKÇE'),
(2872, 'AHMET KARA'),
(2873, 'EMİR KAAN ZEYLİ'),
(2874, 'İPEK KESKİN'),
(2875, 'ERHAN BAŞAR'),
(2876, 'MEHMET DENİZ TAŞDELEN'),
(2877, 'NİLAY BAĞCI'),
(2878, 'HİDAYET KELERCİOĞLU'),
(2879, 'MEHMET EMRAH HAMDEMİRCİ'),
(2880, 'EDA KOTTAŞ'),
(2881, 'ÇAVLAN TURAN'),
(2882, 'ÖZEN ÖZLEM GÜNEBAKAN'),
(2883, 'YASEMİN ÇELİK'),
(2884, 'YİĞİT TÜRKAY'),
(2885, 'MEHMET ÖREN'),
(2886, 'HASAN SÖKMEN'),
(2887, 'TEKİN SEVEN'),
(2888, 'ABİDE MERVE KÖKSAL'),
(2889, 'CEYDA BERBER'),
(2890, 'AHMET ERZURUM'),
(2891, 'FUNDA VAROL'),
(2892, 'UĞUR SÖKMEN'),
(2893, 'BİLGİN TOKAT'),
(2894, 'HAYRİYE AKAY'),
(2895, 'URAL YAVUZ'),
(2896, 'GÖKSEL SEVİMLİ'),
(2897, 'TUNCAY BÜYÜKKAL'),
(2898, 'ÖZGÜR EROĞLU'),
(2899, 'MÜJDAT DEMİRTAŞ'),
(2900, 'ASLI ÇAVLI'),
(2901, 'MAHMUT ESAT EROĞLU'),
(2902, 'FULYA YAVUZ SEZGİN'),
(2903, 'HASAN ÇİÇEK'),
(2904, 'DAMLA DOĞAN'),
(2905, 'TUBA AVCU'),
(2906, 'SERAY DOĞAN'),
(2907, 'ŞENAY ŞEN'),
(2908, 'YAVUZ SELİM KANKILIÇ'),
(2909, 'EMİR KAAN ŞAHİN'),
(2910, 'MUSTAFA ULAŞ ZAİM'),
(2911, 'MEHMET DENİZ OLGEN'),
(2912, 'HASAN ALTIN'),
(2913, 'EVRE SARIKAYA'),
(2914, 'OĞUZ KAĞAN PAKSOY'),
(2915, 'ERKİN DENİZ'),
(2916, 'SELİM KARDAŞ'),
(2917, 'AYHAN ÇOBAN'),
(2918, 'BARIŞ KÖKSAL'),
(2919, 'EZGİ GİZEM TEOMAN'),
(2920, 'İBRAHİM İPEK'),
(2921, 'ÜMRAN AK'),
(2922, 'BURAK İNSELÖZ'),
(2923, 'KADİR GÜMÜRDÜ'),
(2924, 'ASUMAN TAYFUR'),
(2925, 'MEHTAP ÖZMEN'),
(2926, 'YAŞAR BARBAROS ÖZGÜR'),
(2927, 'CAHİT ZEYLİ'),
(2928, 'ERDEM ÖRENÇ'),
(2929, 'SELMA KAHRAMAN'),
(2930, 'MEHMET EMRAH KAYA'),
(2931, 'NURAY ERAT'),
(2932, 'EDİP GÜVENÇ KARADUMAN'),
(2933, 'SEVDA DÜZGÜN'),
(2934, 'HİLAL TUNÇ'),
(2935, 'HASAN CİNBİZ'),
(2936, 'GÖZDE GİZEM KURALAY'),
(2937, 'İBRAHİM BAKLACI'),
(2938, 'TUBA KAYA'),
(2939, 'ENNUR OCAK'),
(2940, 'MÜŞERREF ALIM'),
(2941, 'IŞIK KARAKOYUNLU'),
(2942, 'SELAHATTİN KÖKSAL'),
(2943, 'RÜŞTÜ SELVAN'),
(2944, 'ZEHRA ÖZBEK'),
(2945, 'ERDEM ÇİMEN'),
(2946, 'ESRA DADALI'),
(2947, 'MÜBERRA DEĞİRMENCİ'),
(2948, 'HİKMET TAŞTEKİN'),
(2949, 'GÖKMEN TOMBUL'),
(2950, 'YAĞMUR ÖZCAN'),
(2951, 'TAYYAR ALP DOĞAN'),
(2952, 'FATİH BURULDAY'),
(2953, 'KERİME RUMEYSA ZAİM'),
(2954, 'MEDİHA KURT'),
(2955, 'YUSUF KARAKAYA'),
(2956, 'TAYFUN KÜTÜKOĞLU'),
(2957, 'İPEK GÜZELKÜÇÜK'),
(2958, 'TİMUÇİN GÖKTAŞ'),
(2959, 'PINAR KAVUKOĞLU'),
(2960, 'GÖZDE GİZEM KANKILIÇ'),
(2961, 'YUSUF PAKSOY'),
(2962, 'UMUT ÇİÇEK'),
(2963, 'VOLKAN FİLİZAY'),
(2964, 'TANSU KEVKİR'),
(2965, 'HANDAN ÇEÇEN'),
(2966, 'AYŞE KARABULUT'),
(2967, 'ŞERİFE KOYUNCU'),
(2968, 'DUYGU ALTAŞ'),
(2969, 'EVRE UTLU'),
(2970, 'YUSUF KAÇER'),
(2971, 'FATİH KANNECİ'),
(2972, 'SÜLEYMAN UZUN'),
(2973, 'ALP DAĞ'),
(2974, 'SERKAN ÖZCAN'),
(2975, 'YASEMİN ŞENCAN'),
(2976, 'TÜRKER TAŞ'),
(2977, 'İREM KARAKOYUNLU'),
(2978, 'ELİF NİHAL YILDIZ BULUT'),
(2979, 'MEHMET ÖZBEK'),
(2980, 'BARIŞ BAL'),
(2981, 'KURTULUŞ ÇAVLI'),
(2982, 'NECMİYE GÜL KANKILIÇ'),
(2983, 'BİLGİN ÖZGÜR'),
(2984, 'ŞEYMA MELİHA KOÇ'),
(2985, 'SANEM GÖKÇEN MERVE YILDIZ'),
(2986, 'DENİZ ARMAĞAN OLGEN'),
(2987, 'HARUN SAYIN'),
(2988, 'AHMET ORAK'),
(2989, 'ŞÜKRÜ EROĞLU'),
(2990, 'AKSEL DURSUN'),
(2991, 'MERT KOCA'),
(2992, 'YÜKSEL ŞAHİN'),
(2993, 'NESLİHAN SÜMER'),
(2994, 'TUTKU SEVİNÇ'),
(2995, 'ERKİN ALTAŞ'),
(2996, 'SELAHATTİN TAŞDELEN'),
(2997, 'BİNNUR ŞAHİN'),
(2998, 'NURCAN DEĞİRMENCİ'),
(2999, 'EZGİ ATİLLA'),
(3000, 'HACER KAYA'),
(3001, 'FERHAT TEHLİ'),
(3002, 'ÖMER DEMİR'),
(3003, 'SERDAR BAL'),
(3004, 'MEHMET HİLMİ VAROL'),
(3005, 'HÜSEYİN KALKAN EREL'),
(3006, 'BAKİ ÇELİK'),
(3007, 'HAMDİYE BARAN'),
(3008, 'EREM GÖKÇE'),
(3009, 'AHMET KARA'),
(3010, 'EMİR KAAN ZEYLİ'),
(3011, 'İPEK KESKİN'),
(3012, 'ERHAN BAŞAR'),
(3013, 'MEHMET DENİZ TAŞDELEN'),
(3014, 'NİLAY BAĞCI'),
(3015, 'HİDAYET KELERCİOĞLU'),
(3016, 'MEHMET EMRAH HAMDEMİRCİ'),
(3017, 'EDA KOTTAŞ'),
(3018, 'ÇAVLAN TURAN'),
(3019, 'ÖZEN ÖZLEM GÜNEBAKAN'),
(3020, 'YASEMİN ÇELİK'),
(3021, 'YİĞİT TÜRKAY'),
(3022, 'MEHMET ÖREN'),
(3023, 'HASAN SÖKMEN'),
(3024, 'TEKİN SEVEN'),
(3025, 'ABİDE MERVE KÖKSAL'),
(3026, 'CEYDA BERBER'),
(3027, 'AHMET ERZURUM'),
(3028, 'FUNDA VAROL'),
(3029, 'UĞUR SÖKMEN'),
(3030, 'BİLGİN TOKAT'),
(3031, 'HAYRİYE AKAY'),
(3032, 'URAL YAVUZ'),
(3033, 'GÖKSEL SEVİMLİ'),
(3034, 'TUNCAY BÜYÜKKAL'),
(3035, 'ÖZGÜR EROĞLU'),
(3036, 'MÜJDAT DEMİRTAŞ'),
(3037, 'ASLI ÇAVLI'),
(3038, 'MAHMUT ESAT EROĞLU'),
(3039, 'FULYA YAVUZ SEZGİN'),
(3040, 'HASAN ÇİÇEK'),
(3041, 'DAMLA DOĞAN'),
(3042, 'TUBA AVCU'),
(3043, 'SERAY DOĞAN'),
(3044, 'ŞENAY ŞEN'),
(3045, 'YAVUZ SELİM KANKILIÇ'),
(3046, 'EMİR KAAN ŞAHİN'),
(3047, 'MUSTAFA ULAŞ ZAİM'),
(3048, 'MEHMET DENİZ OLGEN'),
(3049, 'HASAN ALTIN'),
(3050, 'EVRE SARIKAYA'),
(3051, 'OĞUZ KAĞAN PAKSOY'),
(3052, 'ERKİN DENİZ'),
(3053, 'SELİM KARDAŞ'),
(3054, 'AYHAN ÇOBAN'),
(3055, 'BARIŞ KÖKSAL'),
(3056, 'EZGİ GİZEM TEOMAN'),
(3057, 'İBRAHİM İPEK'),
(3058, 'ÜMRAN AK'),
(3059, 'BURAK İNSELÖZ'),
(3060, 'KADİR GÜMÜRDÜ'),
(3061, 'ASUMAN TAYFUR'),
(3062, 'MEHTAP ÖZMEN'),
(3063, 'YAŞAR BARBAROS ÖZGÜR'),
(3064, 'CAHİT ZEYLİ'),
(3065, 'ERDEM ÖRENÇ'),
(3066, 'SELMA KAHRAMAN'),
(3067, 'MEHMET EMRAH KAYA'),
(3068, 'NURAY ERAT'),
(3069, 'EDİP GÜVENÇ KARADUMAN'),
(3070, 'SEVDA DÜZGÜN'),
(3071, 'HİLAL TUNÇ'),
(3072, 'HASAN CİNBİZ'),
(3073, 'GÖZDE GİZEM KURALAY'),
(3074, 'İBRAHİM BAKLACI'),
(3075, 'TUBA KAYA'),
(3076, 'ENNUR OCAK'),
(3077, 'MÜŞERREF ALIM'),
(3078, 'IŞIK KARAKOYUNLU'),
(3079, 'SELAHATTİN KÖKSAL'),
(3080, 'RÜŞTÜ SELVAN'),
(3081, 'ZEHRA ÖZBEK'),
(3082, 'ERDEM ÇİMEN'),
(3083, 'ESRA DADALI'),
(3084, 'MÜBERRA DEĞİRMENCİ'),
(3085, 'HİKMET TAŞTEKİN'),
(3086, 'GÖKMEN TOMBUL'),
(3087, 'YAĞMUR ÖZCAN'),
(3088, 'TAYYAR ALP DOĞAN'),
(3089, 'FATİH BURULDAY'),
(3090, 'KERİME RUMEYSA ZAİM'),
(3091, 'MEDİHA KURT'),
(3092, 'YUSUF KARAKAYA'),
(3093, 'TAYFUN KÜTÜKOĞLU'),
(3094, 'İPEK GÜZELKÜÇÜK'),
(3095, 'TİMUÇİN GÖKTAŞ'),
(3096, 'PINAR KAVUKOĞLU'),
(3097, 'GÖZDE GİZEM KANKILIÇ'),
(3098, 'YUSUF PAKSOY'),
(3099, 'UMUT ÇİÇEK'),
(3100, 'VOLKAN FİLİZAY'),
(3101, 'TANSU KEVKİR'),
(3102, 'HANDAN ÇEÇEN'),
(3103, 'AYŞE KARABULUT'),
(3104, 'ŞERİFE KOYUNCU'),
(3105, 'DUYGU ALTAŞ'),
(3106, 'EVRE UTLU'),
(3107, 'YUSUF KAÇER'),
(3108, 'FATİH KANNECİ'),
(3109, 'SÜLEYMAN UZUN'),
(3110, 'ALP DAĞ'),
(3111, 'SERKAN ÖZCAN'),
(3112, 'YASEMİN ŞENCAN'),
(3113, 'TÜRKER TAŞ'),
(3114, 'İREM KARAKOYUNLU'),
(3115, 'ELİF NİHAL YILDIZ BULUT'),
(3116, 'MEHMET ÖZBEK'),
(3117, 'BARIŞ BAL'),
(3118, 'KURTULUŞ ÇAVLI'),
(3119, 'NECMİYE GÜL KANKILIÇ'),
(3120, 'BİLGİN ÖZGÜR'),
(3121, 'ŞEYMA MELİHA KOÇ'),
(3122, 'SANEM GÖKÇEN MERVE YILDIZ'),
(3123, 'DENİZ ARMAĞAN OLGEN'),
(3124, 'HARUN SAYIN'),
(3125, 'AHMET ORAK'),
(3126, 'ŞÜKRÜ EROĞLU'),
(3127, 'AKSEL DURSUN'),
(3128, 'MERT KOCA'),
(3129, 'YÜKSEL ŞAHİN'),
(3130, 'NESLİHAN SÜMER'),
(3131, 'TUTKU SEVİNÇ'),
(3132, 'ERKİN ALTAŞ'),
(3133, 'SELAHATTİN TAŞDELEN'),
(3134, 'BİNNUR ŞAHİN'),
(3135, 'NURCAN DEĞİRMENCİ'),
(3136, 'EZGİ ATİLLA'),
(3137, 'HACER KAYA'),
(3138, 'FERHAT TEHLİ'),
(3139, 'ÖMER DEMİR'),
(3140, 'SERDAR BAL'),
(3141, 'MEHMET HİLMİ VAROL'),
(3142, 'HÜSEYİN KALKAN EREL'),
(3143, 'BAKİ ÇELİK'),
(3144, 'HAMDİYE BARAN'),
(3145, 'EREM GÖKÇE'),
(3146, 'AHMET KARA'),
(3147, 'EMİR KAAN ZEYLİ'),
(3148, 'İPEK KESKİN'),
(3149, 'ERHAN BAŞAR'),
(3150, 'MEHMET DENİZ TAŞDELEN'),
(3151, 'NİLAY BAĞCI'),
(3152, 'HİDAYET KELERCİOĞLU'),
(3153, 'MEHMET EMRAH HAMDEMİRCİ'),
(3154, 'EDA KOTTAŞ'),
(3155, 'ÇAVLAN TURAN'),
(3156, 'ÖZEN ÖZLEM GÜNEBAKAN'),
(3157, 'YASEMİN ÇELİK'),
(3158, 'YİĞİT TÜRKAY'),
(3159, 'MEHMET ÖREN'),
(3160, 'HASAN SÖKMEN'),
(3161, 'TEKİN SEVEN'),
(3162, 'ABİDE MERVE KÖKSAL'),
(3163, 'CEYDA BERBER'),
(3164, 'AHMET ERZURUM'),
(3165, 'FUNDA VAROL'),
(3166, 'UĞUR SÖKMEN'),
(3167, 'BİLGİN TOKAT'),
(3168, 'HAYRİYE AKAY'),
(3169, 'URAL YAVUZ'),
(3170, 'GÖKSEL SEVİMLİ'),
(3171, 'TUNCAY BÜYÜKKAL'),
(3172, 'ÖZGÜR EROĞLU'),
(3173, 'MÜJDAT DEMİRTAŞ'),
(3174, 'ASLI ÇAVLI'),
(3175, 'MAHMUT ESAT EROĞLU'),
(3176, 'FULYA YAVUZ SEZGİN'),
(3177, 'HASAN ÇİÇEK'),
(3178, 'DAMLA DOĞAN'),
(3179, 'TUBA AVCU'),
(3180, 'SERAY DOĞAN'),
(3181, 'ŞENAY ŞEN'),
(3182, 'YAVUZ SELİM KANKILIÇ'),
(3183, 'EMİR KAAN ŞAHİN'),
(3184, 'MUSTAFA ULAŞ ZAİM'),
(3185, 'MEHMET DENİZ OLGEN'),
(3186, 'HASAN ALTIN'),
(3187, 'EVRE SARIKAYA'),
(3188, 'OĞUZ KAĞAN PAKSOY'),
(3189, 'ERKİN DENİZ'),
(3190, 'SELİM KARDAŞ'),
(3191, 'AYHAN ÇOBAN'),
(3192, 'BARIŞ KÖKSAL'),
(3193, 'EZGİ GİZEM TEOMAN'),
(3194, 'İBRAHİM İPEK'),
(3195, 'ÜMRAN AK'),
(3196, 'BURAK İNSELÖZ'),
(3197, 'KADİR GÜMÜRDÜ'),
(3198, 'ASUMAN TAYFUR'),
(3199, 'MEHTAP ÖZMEN'),
(3200, 'YAŞAR BARBAROS ÖZGÜR'),
(3201, 'CAHİT ZEYLİ'),
(3202, 'ERDEM ÖRENÇ'),
(3203, 'SELMA KAHRAMAN'),
(3204, 'MEHMET EMRAH KAYA'),
(3205, 'NURAY ERAT'),
(3206, 'EDİP GÜVENÇ KARADUMAN'),
(3207, 'SEVDA DÜZGÜN'),
(3208, 'HİLAL TUNÇ'),
(3209, 'HASAN CİNBİZ'),
(3210, 'GÖZDE GİZEM KURALAY'),
(3211, 'İBRAHİM BAKLACI'),
(3212, 'TUBA KAYA'),
(3213, 'ENNUR OCAK'),
(3214, 'MÜŞERREF ALIM'),
(3215, 'IŞIK KARAKOYUNLU'),
(3216, 'SELAHATTİN KÖKSAL'),
(3217, 'RÜŞTÜ SELVAN'),
(3218, 'ZEHRA ÖZBEK'),
(3219, 'ERDEM ÇİMEN'),
(3220, 'ESRA DADALI'),
(3221, 'MÜBERRA DEĞİRMENCİ'),
(3222, 'HİKMET TAŞTEKİN'),
(3223, 'GÖKMEN TOMBUL'),
(3224, 'YAĞMUR ÖZCAN'),
(3225, 'TAYYAR ALP DOĞAN'),
(3226, 'FATİH BURULDAY'),
(3227, 'KERİME RUMEYSA ZAİM'),
(3228, 'MEDİHA KURT'),
(3229, 'YUSUF KARAKAYA'),
(3230, 'TAYFUN KÜTÜKOĞLU'),
(3231, 'İPEK GÜZELKÜÇÜK'),
(3232, 'TİMUÇİN GÖKTAŞ'),
(3233, 'PINAR KAVUKOĞLU'),
(3234, 'GÖZDE GİZEM KANKILIÇ'),
(3235, 'YUSUF PAKSOY'),
(3236, 'UMUT ÇİÇEK'),
(3237, 'VOLKAN FİLİZAY'),
(3238, 'TANSU KEVKİR'),
(3239, 'HANDAN ÇEÇEN'),
(3240, 'AYŞE KARABULUT');

-- --------------------------------------------------------

--
-- Tablo için tablo yapısı `districts`
--

CREATE TABLE IF NOT EXISTS `districts` (
  `district_id` int(11) NOT NULL,
  `district_name` varchar(255) NOT NULL
) ENGINE=InnoDB AUTO_INCREMENT=15 DEFAULT CHARSET=latin5;

--
-- Tablo döküm verisi `districts`
--

INSERT INTO `districts` (`district_id`, `district_name`) VALUES
(1, 'Akdeniz'),
(2, 'Güneydoğu Anadolu'),
(3, 'Ege'),
(4, 'Doğu Anadolu'),
(5, 'Karadeniz'),
(6, 'İç Anadolu'),
(7, 'Marmara'),
(8, 'Akdeniz'),
(9, 'Güneydoğu Anadolu'),
(10, 'Ege'),
(11, 'Doğu Anadolu'),
(12, 'Karadeniz'),
(13, 'İç Anadolu'),
(14, 'Marmara');

-- --------------------------------------------------------

--
-- Tablo için tablo yapısı `markets`
--

CREATE TABLE IF NOT EXISTS `markets` (
  `market_id` int(11) NOT NULL,
  `market_name` varchar(255) NOT NULL
) ENGINE=InnoDB AUTO_INCREMENT=21 DEFAULT CHARSET=latin5;

--
-- Tablo döküm verisi `markets`
--

INSERT INTO `markets` (`market_id`, `market_name`) VALUES
(1, 'Macro Center'),
(2, 'BIM'),
(3, 'ŞOK'),
(4, 'A-101'),
(5, 'Migros'),
(6, 'Carrefoursa'),
(7, 'Happy Center'),
(8, 'Üçler Market'),
(9, 'Özdilek'),
(10, 'Onur Market'),
(11, 'Macro Center'),
(12, 'BIM'),
(13, 'ŞOK'),
(14, 'A-101'),
(15, 'Migros'),
(16, 'Carrefoursa'),
(17, 'Happy Center'),
(18, 'Üçler Market'),
(19, 'Özdilek'),
(20, 'Onur Market');

-- --------------------------------------------------------

--
-- Tablo için tablo yapısı `mid_table`
--

CREATE TABLE IF NOT EXISTS `mid_table` (
  `mid_id` int(11) NOT NULL,
  `city_id` int(11) NOT NULL,
  `market_id` int(11) NOT NULL
) ENGINE=InnoDB AUTO_INCREMENT=811 DEFAULT CHARSET=latin5;

--
-- Tablo döküm verisi `mid_table`
--

INSERT INTO `mid_table` (`mid_id`, `city_id`, `market_id`) VALUES
(1, 1, 9),
(2, 1, 3),
(3, 1, 2),
(4, 1, 4),
(5, 1, 7),
(6, 2, 9),
(7, 2, 1),
(8, 2, 4),
(9, 2, 6),
(10, 2, 10),
(11, 3, 4),
(12, 3, 8),
(13, 3, 7),
(14, 3, 2),
(15, 3, 3),
(16, 4, 3),
(17, 4, 9),
(18, 4, 8),
(19, 4, 1),
(20, 4, 4),
(21, 5, 8),
(22, 5, 10),
(23, 5, 6),
(24, 5, 1),
(25, 5, 3),
(26, 6, 5),
(27, 6, 1),
(28, 6, 6),
(29, 6, 7),
(30, 6, 8),
(31, 7, 9),
(32, 7, 8),
(33, 7, 7),
(34, 7, 6),
(35, 7, 2),
(36, 8, 1),
(37, 8, 6),
(38, 8, 10),
(39, 8, 8),
(40, 8, 7),
(41, 9, 10),
(42, 9, 6),
(43, 9, 7),
(44, 9, 2),
(45, 9, 3),
(46, 10, 1),
(47, 10, 7),
(48, 10, 5),
(49, 10, 10),
(50, 10, 9),
(51, 11, 3),
(52, 11, 4),
(53, 11, 9),
(54, 11, 1),
(55, 11, 8),
(56, 12, 6),
(57, 12, 2),
(58, 12, 1),
(59, 12, 8),
(60, 12, 7),
(61, 13, 1),
(62, 13, 6),
(63, 13, 8),
(64, 13, 10),
(65, 13, 5),
(66, 14, 9),
(67, 14, 5),
(68, 14, 6),
(69, 14, 1),
(70, 14, 3),
(71, 15, 9),
(72, 15, 5),
(73, 15, 10),
(74, 15, 6),
(75, 15, 4),
(76, 16, 2),
(77, 16, 8),
(78, 16, 9),
(79, 16, 5),
(80, 16, 1),
(81, 17, 2),
(82, 17, 10),
(83, 17, 1),
(84, 17, 7),
(85, 17, 9),
(86, 18, 4),
(87, 18, 3),
(88, 18, 1),
(89, 18, 5),
(90, 18, 7),
(91, 19, 4),
(92, 19, 2),
(93, 19, 3),
(94, 19, 10),
(95, 19, 8),
(96, 20, 8),
(97, 20, 7),
(98, 20, 2),
(99, 20, 3),
(100, 20, 4),
(101, 21, 8),
(102, 21, 4),
(103, 21, 10),
(104, 21, 7),
(105, 21, 9),
(106, 22, 3),
(107, 22, 7),
(108, 22, 6),
(109, 22, 5),
(110, 22, 8),
(111, 23, 5),
(112, 23, 8),
(113, 23, 7),
(114, 23, 10),
(115, 23, 4),
(116, 24, 6),
(117, 24, 3),
(118, 24, 7),
(119, 24, 4),
(120, 24, 9),
(121, 25, 2),
(122, 25, 3),
(123, 25, 9),
(124, 25, 1),
(125, 25, 10),
(126, 26, 10),
(127, 26, 6),
(128, 26, 9),
(129, 26, 2),
(130, 26, 5),
(131, 27, 4),
(132, 27, 2),
(133, 27, 3),
(134, 27, 10),
(135, 27, 7),
(136, 28, 7),
(137, 28, 3),
(138, 28, 6),
(139, 28, 4),
(140, 28, 5),
(141, 29, 1),
(142, 29, 4),
(143, 29, 5),
(144, 29, 7),
(145, 29, 10),
(146, 30, 10),
(147, 30, 4),
(148, 30, 3),
(149, 30, 9),
(150, 30, 7),
(151, 31, 5),
(152, 31, 7),
(153, 31, 3),
(154, 31, 9),
(155, 31, 8),
(156, 32, 7),
(157, 32, 8),
(158, 32, 1),
(159, 32, 9),
(160, 32, 4),
(161, 33, 3),
(162, 33, 2),
(163, 33, 1),
(164, 33, 10),
(165, 33, 4),
(166, 34, 7),
(167, 34, 1),
(168, 34, 10),
(169, 34, 3),
(170, 34, 2),
(171, 35, 9),
(172, 35, 5),
(173, 35, 2),
(174, 35, 4),
(175, 35, 7),
(176, 36, 3),
(177, 36, 4),
(178, 36, 5),
(179, 36, 10),
(180, 36, 9),
(181, 37, 2),
(182, 37, 5),
(183, 37, 6),
(184, 37, 10),
(185, 37, 7),
(186, 38, 10),
(187, 38, 8),
(188, 38, 6),
(189, 38, 9),
(190, 38, 3),
(191, 39, 10),
(192, 39, 9),
(193, 39, 4),
(194, 39, 3),
(195, 39, 6),
(196, 40, 6),
(197, 40, 4),
(198, 40, 8),
(199, 40, 3),
(200, 40, 7),
(201, 41, 8),
(202, 41, 2),
(203, 41, 5),
(204, 41, 4),
(205, 41, 6),
(206, 42, 8),
(207, 42, 3),
(208, 42, 7),
(209, 42, 9),
(210, 42, 10),
(211, 43, 4),
(212, 43, 2),
(213, 43, 7),
(214, 43, 5),
(215, 43, 6),
(216, 44, 8),
(217, 44, 1),
(218, 44, 2),
(219, 44, 10),
(220, 44, 6),
(221, 45, 1),
(222, 45, 9),
(223, 45, 4),
(224, 45, 3),
(225, 45, 5),
(226, 46, 9),
(227, 46, 10),
(228, 46, 3),
(229, 46, 6),
(230, 46, 4),
(231, 47, 1),
(232, 47, 8),
(233, 47, 7),
(234, 47, 10),
(235, 47, 3),
(236, 48, 10),
(237, 48, 4),
(238, 48, 9),
(239, 48, 6),
(240, 48, 2),
(241, 49, 3),
(242, 49, 1),
(243, 49, 10),
(244, 49, 2),
(245, 49, 7),
(246, 50, 10),
(247, 50, 7),
(248, 50, 5),
(249, 50, 1),
(250, 50, 9),
(251, 51, 4),
(252, 51, 7),
(253, 51, 10),
(254, 51, 2),
(255, 51, 9),
(256, 52, 1),
(257, 52, 6),
(258, 52, 2),
(259, 52, 3),
(260, 52, 5),
(261, 53, 10),
(262, 53, 2),
(263, 53, 3),
(264, 53, 7),
(265, 53, 6),
(266, 54, 9),
(267, 54, 7),
(268, 54, 2),
(269, 54, 6),
(270, 54, 1),
(271, 55, 5),
(272, 55, 6),
(273, 55, 3),
(274, 55, 1),
(275, 55, 8),
(276, 56, 8),
(277, 56, 3),
(278, 56, 7),
(279, 56, 10),
(280, 56, 6),
(281, 57, 6),
(282, 57, 4),
(283, 57, 1),
(284, 57, 10),
(285, 57, 3),
(286, 58, 3),
(287, 58, 4),
(288, 58, 9),
(289, 58, 5),
(290, 58, 1),
(291, 59, 5),
(292, 59, 8),
(293, 59, 9),
(294, 59, 10),
(295, 59, 2),
(296, 60, 8),
(297, 60, 4),
(298, 60, 7),
(299, 60, 2),
(300, 60, 6),
(301, 61, 4),
(302, 61, 9),
(303, 61, 3),
(304, 61, 7),
(305, 61, 1),
(306, 62, 10),
(307, 62, 7),
(308, 62, 9),
(309, 62, 5),
(310, 62, 3),
(311, 63, 5),
(312, 63, 3),
(313, 63, 7),
(314, 63, 4),
(315, 63, 10),
(316, 64, 5),
(317, 64, 4),
(318, 64, 6),
(319, 64, 7),
(320, 64, 1),
(321, 65, 4),
(322, 65, 10),
(323, 65, 8),
(324, 65, 3),
(325, 65, 7),
(326, 66, 5),
(327, 66, 2),
(328, 66, 10),
(329, 66, 4),
(330, 66, 1),
(331, 67, 8),
(332, 67, 4),
(333, 67, 9),
(334, 67, 6),
(335, 67, 5),
(336, 68, 3),
(337, 68, 2),
(338, 68, 7),
(339, 68, 4),
(340, 68, 10),
(341, 69, 7),
(342, 69, 4),
(343, 69, 8),
(344, 69, 1),
(345, 69, 5),
(346, 70, 6),
(347, 70, 9),
(348, 70, 5),
(349, 70, 10),
(350, 70, 2),
(351, 71, 4),
(352, 71, 2),
(353, 71, 8),
(354, 71, 9),
(355, 71, 6),
(356, 72, 4),
(357, 72, 8),
(358, 72, 2),
(359, 72, 7),
(360, 72, 10),
(361, 73, 10),
(362, 73, 9),
(363, 73, 8),
(364, 73, 3),
(365, 73, 4),
(366, 74, 10),
(367, 74, 8),
(368, 74, 3),
(369, 74, 5),
(370, 74, 1),
(371, 75, 4),
(372, 75, 6),
(373, 75, 5),
(374, 75, 9),
(375, 75, 10),
(376, 76, 5),
(377, 76, 7),
(378, 76, 3),
(379, 76, 2),
(380, 76, 8),
(381, 77, 4),
(382, 77, 6),
(383, 77, 5),
(384, 77, 9),
(385, 77, 7),
(386, 78, 8),
(387, 78, 2),
(388, 78, 1),
(389, 78, 4),
(390, 78, 5),
(391, 79, 6),
(392, 79, 4),
(393, 79, 8),
(394, 79, 9),
(395, 79, 10),
(396, 80, 6),
(397, 80, 7),
(398, 80, 9),
(399, 80, 5),
(400, 80, 10),
(401, 81, 1),
(402, 81, 2),
(403, 81, 10),
(404, 81, 4),
(405, 81, 3),
(406, 1, 8),
(407, 1, 3),
(408, 1, 9),
(409, 1, 7),
(410, 1, 1),
(411, 2, 10),
(412, 2, 4),
(413, 2, 3),
(414, 2, 5),
(415, 2, 6),
(416, 3, 10),
(417, 3, 8),
(418, 3, 3),
(419, 3, 4),
(420, 3, 7),
(421, 4, 7),
(422, 4, 3),
(423, 4, 10),
(424, 4, 2),
(425, 4, 1),
(426, 5, 7),
(427, 5, 6),
(428, 5, 9),
(429, 5, 2),
(430, 5, 3),
(431, 6, 3),
(432, 6, 10),
(433, 6, 6),
(434, 6, 7),
(435, 6, 4),
(436, 7, 10),
(437, 7, 1),
(438, 7, 2),
(439, 7, 3),
(440, 7, 8),
(441, 8, 3),
(442, 8, 8),
(443, 8, 2),
(444, 8, 7),
(445, 8, 9),
(446, 9, 6),
(447, 9, 4),
(448, 9, 8),
(449, 9, 7),
(450, 9, 9),
(451, 10, 9),
(452, 10, 7),
(453, 10, 1),
(454, 10, 5),
(455, 10, 3),
(456, 11, 6),
(457, 11, 1),
(458, 11, 9),
(459, 11, 10),
(460, 11, 7),
(461, 12, 10),
(462, 12, 1),
(463, 12, 8),
(464, 12, 4),
(465, 12, 5),
(466, 13, 9),
(467, 13, 7),
(468, 13, 5),
(469, 13, 4),
(470, 13, 6),
(471, 14, 9),
(472, 14, 3),
(473, 14, 5),
(474, 14, 1),
(475, 14, 4),
(476, 15, 6),
(477, 15, 2),
(478, 15, 4),
(479, 15, 3),
(480, 15, 8),
(481, 16, 1),
(482, 16, 7),
(483, 16, 6),
(484, 16, 9),
(485, 16, 2),
(486, 17, 1),
(487, 17, 2),
(488, 17, 8),
(489, 17, 3),
(490, 17, 4),
(491, 18, 5),
(492, 18, 7),
(493, 18, 3),
(494, 18, 10),
(495, 18, 6),
(496, 19, 8),
(497, 19, 1),
(498, 19, 3),
(499, 19, 7),
(500, 19, 5),
(501, 20, 10),
(502, 20, 9),
(503, 20, 4),
(504, 20, 8),
(505, 20, 5),
(506, 21, 10),
(507, 21, 4),
(508, 21, 3),
(509, 21, 1),
(510, 21, 7),
(511, 22, 10),
(512, 22, 4),
(513, 22, 1),
(514, 22, 6),
(515, 22, 8),
(516, 23, 2),
(517, 23, 9),
(518, 23, 1),
(519, 23, 4),
(520, 23, 6),
(521, 24, 8),
(522, 24, 7),
(523, 24, 1),
(524, 24, 5),
(525, 24, 2),
(526, 25, 5),
(527, 25, 3),
(528, 25, 10),
(529, 25, 1),
(530, 25, 8),
(531, 26, 9),
(532, 26, 6),
(533, 26, 4),
(534, 26, 5),
(535, 26, 2),
(536, 27, 1),
(537, 27, 10),
(538, 27, 5),
(539, 27, 3),
(540, 27, 4),
(541, 28, 7),
(542, 28, 3),
(543, 28, 8),
(544, 28, 2),
(545, 28, 9),
(546, 29, 3),
(547, 29, 1),
(548, 29, 5),
(549, 29, 7),
(550, 29, 10),
(551, 30, 9),
(552, 30, 10),
(553, 30, 1),
(554, 30, 4),
(555, 30, 2),
(556, 31, 5),
(557, 31, 9),
(558, 31, 10),
(559, 31, 1),
(560, 31, 6),
(561, 32, 6),
(562, 32, 9),
(563, 32, 5),
(564, 32, 10),
(565, 32, 8),
(566, 33, 9),
(567, 33, 5),
(568, 33, 3),
(569, 33, 8),
(570, 33, 7),
(571, 34, 9),
(572, 34, 7),
(573, 34, 5),
(574, 34, 10),
(575, 34, 4),
(576, 35, 8),
(577, 35, 7),
(578, 35, 6),
(579, 35, 2),
(580, 35, 5),
(581, 36, 2),
(582, 36, 5),
(583, 36, 3),
(584, 36, 10),
(585, 36, 8),
(586, 37, 6),
(587, 37, 2),
(588, 37, 8),
(589, 37, 10),
(590, 37, 9),
(591, 38, 3),
(592, 38, 2),
(593, 38, 6),
(594, 38, 7),
(595, 38, 10),
(596, 39, 7),
(597, 39, 10),
(598, 39, 2),
(599, 39, 9),
(600, 39, 4),
(601, 40, 10),
(602, 40, 5),
(603, 40, 8),
(604, 40, 3),
(605, 40, 7),
(606, 41, 9),
(607, 41, 10),
(608, 41, 4),
(609, 41, 8),
(610, 41, 2),
(611, 42, 2),
(612, 42, 9),
(613, 42, 10),
(614, 42, 4),
(615, 42, 8),
(616, 43, 5),
(617, 43, 7),
(618, 43, 9),
(619, 43, 2),
(620, 43, 10),
(621, 44, 1),
(622, 44, 7),
(623, 44, 6),
(624, 44, 9),
(625, 44, 10),
(626, 45, 10),
(627, 45, 5),
(628, 45, 9),
(629, 45, 3),
(630, 45, 6),
(631, 46, 4),
(632, 46, 9),
(633, 46, 7),
(634, 46, 5),
(635, 46, 10),
(636, 47, 10),
(637, 47, 6),
(638, 47, 7),
(639, 47, 3),
(640, 47, 9),
(641, 48, 9),
(642, 48, 1),
(643, 48, 10),
(644, 48, 7),
(645, 48, 4),
(646, 49, 3),
(647, 49, 4),
(648, 49, 6),
(649, 49, 1),
(650, 49, 2),
(651, 50, 4),
(652, 50, 3),
(653, 50, 5),
(654, 50, 9),
(655, 50, 2),
(656, 51, 8),
(657, 51, 1),
(658, 51, 4),
(659, 51, 3),
(660, 51, 2),
(661, 52, 6),
(662, 52, 10),
(663, 52, 8),
(664, 52, 9),
(665, 52, 2),
(666, 53, 10),
(667, 53, 3),
(668, 53, 7),
(669, 53, 9),
(670, 53, 4),
(671, 54, 7),
(672, 54, 2),
(673, 54, 4),
(674, 54, 9),
(675, 54, 3),
(676, 55, 2),
(677, 55, 3),
(678, 55, 4),
(679, 55, 8),
(680, 55, 9),
(681, 56, 3),
(682, 56, 4),
(683, 56, 8),
(684, 56, 7),
(685, 56, 9),
(686, 57, 3),
(687, 57, 5),
(688, 57, 8),
(689, 57, 4),
(690, 57, 2),
(691, 58, 5),
(692, 58, 4),
(693, 58, 9),
(694, 58, 3),
(695, 58, 1),
(696, 59, 7),
(697, 59, 6),
(698, 59, 9),
(699, 59, 4),
(700, 59, 3),
(701, 60, 7),
(702, 60, 5),
(703, 60, 8),
(704, 60, 1),
(705, 60, 6),
(706, 61, 6),
(707, 61, 8),
(708, 61, 5),
(709, 61, 10),
(710, 61, 1),
(711, 62, 3),
(712, 62, 4),
(713, 62, 6),
(714, 62, 5),
(715, 62, 9),
(716, 63, 8),
(717, 63, 10),
(718, 63, 5),
(719, 63, 2),
(720, 63, 3),
(721, 64, 7),
(722, 64, 8),
(723, 64, 1),
(724, 64, 5),
(725, 64, 3),
(726, 65, 2),
(727, 65, 3),
(728, 65, 8),
(729, 65, 4),
(730, 65, 1),
(731, 66, 3),
(732, 66, 2),
(733, 66, 8),
(734, 66, 7),
(735, 66, 10),
(736, 67, 4),
(737, 67, 5),
(738, 67, 2),
(739, 67, 3),
(740, 67, 10),
(741, 68, 5),
(742, 68, 3),
(743, 68, 2),
(744, 68, 9),
(745, 68, 8),
(746, 69, 6),
(747, 69, 1),
(748, 69, 7),
(749, 69, 9),
(750, 69, 4),
(751, 70, 9),
(752, 70, 6),
(753, 70, 3),
(754, 70, 4),
(755, 70, 1),
(756, 71, 2),
(757, 71, 1),
(758, 71, 4),
(759, 71, 9),
(760, 71, 5),
(761, 72, 9),
(762, 72, 8),
(763, 72, 2),
(764, 72, 10),
(765, 72, 6),
(766, 73, 3),
(767, 73, 6),
(768, 73, 2),
(769, 73, 10),
(770, 73, 1),
(771, 74, 5),
(772, 74, 8),
(773, 74, 4),
(774, 74, 3),
(775, 74, 2),
(776, 75, 2),
(777, 75, 9),
(778, 75, 4),
(779, 75, 1),
(780, 75, 5),
(781, 76, 1),
(782, 76, 2),
(783, 76, 10),
(784, 76, 9),
(785, 76, 3),
(786, 77, 4),
(787, 77, 9),
(788, 77, 8),
(789, 77, 6),
(790, 77, 2),
(791, 78, 3),
(792, 78, 7),
(793, 78, 6),
(794, 78, 2),
(795, 78, 1),
(796, 79, 7),
(797, 79, 4),
(798, 79, 9),
(799, 79, 1),
(800, 79, 8),
(801, 80, 5),
(802, 80, 10),
(803, 80, 2),
(804, 80, 7),
(805, 80, 9),
(806, 81, 2),
(807, 81, 10),
(808, 81, 5),
(809, 81, 8),
(810, 81, 9);

-- --------------------------------------------------------

--
-- Tablo için tablo yapısı `products`
--

CREATE TABLE IF NOT EXISTS `products` (
  `product_id` int(11) NOT NULL,
  `productname` varchar(255) NOT NULL,
  `product_cost` varchar(255) NOT NULL
) ENGINE=InnoDB AUTO_INCREMENT=401 DEFAULT CHARSET=latin5;

--
-- Tablo döküm verisi `products`
--

INSERT INTO `products` (`product_id`, `productname`, `product_cost`) VALUES
(1, 'Sek Plastik Şişe Günlük Süt', ' 10,95TL'),
(2, 'İçim Rahat Laktozsuz Süt', ' 3,70TL'),
(3, 'Pınar Organik Süt', ' 6,90TL'),
(4, 'İçim Çikolatalı Pastorize Şişe Süt', ' 5,50TL'),
(5, 'Sütaş Süzme Peynir', ' 10,45TL'),
(6, 'Pınar Labne', ' 7,20TL'),
(7, 'Tahsildaroğlu Çeçil Peyniri', ' 15,95TL'),
(8, 'Bahçıvan Tam Yağlı Taze Dilimli Tost Peyniri', ' 11,45TL'),
(9, 'Cihanser Kars Gravyer Peyniri', ' 21,75'),
(10, 'Sek Taze Peynir Sade', ' 6,95TL'),
(11, 'Torku Yoğurt', ' 15,50TL'),
(12, 'Sek Kaymaksız Yoğurt', ' 14,95TL'),
(13, 'Danone Activia Sade', ' 7,45TL'),
(14, 'İçim Süzme Yoğurt', ' 11,95TL'),
(15, 'Sütaş Geleneksel Tereyağı', ' 17,90TL'),
(16, 'Teremyağ Paket Margarin', ' 3,20TL'),
(17, 'Sek Paket Tereyağı', ' 19,25TL'),
(18, 'Becel Zeytinyağlı', ' 6,95TL'),
(19, 'Yumurtacım 15?li L Boy Yumurta', ' 6,95TL'),
(20, 'Keskinoğlu Free Range M 10?lu Yumurta', ' 8,95TL'),
(21, 'Cityfarm Organik 10?lu M Yumurta', ' 14,95TL'),
(22, 'Green Ranch 30?lu L Boy Yumurta', ' 9,90TL'),
(23, 'Marmarabirlik Extra Zeytin', ' 10,90TL'),
(24, 'Seleköy Doğal Salamura Zeytin', ' 41,90TL'),
(25, 'Fora Dilimli Siyah Zeytin', ' 7,90TL'),
(26, 'Çukurbahçe Gemlik Siyah Zeytin', ' 42,90TL'),
(27, 'Marmarabirlik Sade Zeytin Ezmesi', ' 7,90TL'),
(28, 'Carte D?or Dairy Selection Krem Karamel', ' 15,90TL'),
(29, 'Magnum Mini Beyaz', ' 19,90TL'),
(30, 'Magnum Double Karadut Böğürtlen', ' 5,50TL'),
(31, 'Alasko Frigo Bitter Çikolata Kaplı', ' 3,50TL'),
(32, 'Pernigotti  Vanilyalı Dondurma', ' 28,00TL'),
(33, 'Golf Maraşım Antep Fıstık Sade Keçi Sütlü', ' 10,49TL'),
(34, 'Algida Keyif Kakao-Vanilya', ' 6,99TL'),
(35, 'Koska Tost Kağıt Helva', ' 9,00TL'),
(36, 'Magnum Double Çikolata', ' 5,50TL'),
(37, 'Bravo Junior Belçika Çikolatalı', ' 19,90TL'),
(38, 'Eker Kaymak', ' 9,95TL'),
(39, 'Pınar Krema', ' 5,95TL'),
(40, 'Danette Çikolatalı Puding', ' 5,95TL'),
(41, 'Dr. Oetker Meyveli Sos', ' 2,50TL'),
(42, 'Carte D?or Hazır Sos Çikolatalı', ' 6,95TL'),
(43, 'İçim Kaymak', ' 11,95TL'),
(44, 'Eker Muzlu Puding, 2,25TL', ''),
(45, 'Dr. Oetker Krem Şanti Toz Karışım', ' 4,90TL'),
(46, 'Isola Bio Hindistan Cevizi Kreması', ' 27,99TL'),
(47, 'Nutella', ' 17,90TL'),
(48, 'Balparmak Çiçek Balı', ' 15,90TL'),
(49, 'Nestle Gold Flakes Ballı Mısır Gevreği', ' 8,95TL'),
(50, 'Nesquik Çikolatalı Kahvaltılık Gevrek', ' 11,95TL'),
(51, 'Nesfit Kırmızı Meyveli Kahvaltılık Gevrek', ' 14,75TL'),
(52, 'Tamek Portakal Reçeli', ' 8,90TL'),
(53, 'Koska Tahin Helvası', ' 27,95TL'),
(54, 'Kellogg?s Corn Flakes', ' 11,90TL'),
(55, 'Ülker Çokokrem', ' 9,55TL'),
(56, 'Ülker Kellogg?s Special K Karışık Meyveli', ' 12,35TL'),
(57, 'Sarelle Duo Sütlü Kakaolu Fındık Kreması', ' 9,55TL'),
(58, 'Arbella Burgu Makarna', ' 2,40TL'),
(59, 'Pastavilla Kelebek Makarna', ' 3,40TL'),
(60, 'Fizil Fiyonk Makarna', ' 3,20TL'),
(61, 'Pastavilla Kalem Makarna', ' 3,40TL'),
(62, 'Barilla Fusilli Burgu Makarna', ' 3,80TL'),
(63, 'Arbella Spaghetti Makarna', ' 2,40TL'),
(64, 'Barilla Tel Şehriye', ' 3,80TL'),
(65, 'Yayla Baldo Pirinç', ' 14,15TL'),
(66, 'Barilla Pipette Bukle Makarna', ' 3,80TL'),
(67, 'Pastavilla Erişte', ' 5,40TL'),
(68, 'Noba Kırmızı Mercimek', ' 7,75TL'),
(69, 'Barilla Linguine Yassı Spaghetti', ' 3,80TL'),
(70, 'Yayla Sarı Mercimek', ' 8,20TL'),
(71, 'Tarım Kredi Birlik Osmancık Pirinç', ' 22,40TL'),
(72, 'Barilla Castellane Makarna', ' 3,80TL'),
(73, 'Tarım Kredi Birlik Koçbaşı Nohut', ' 8,65TL'),
(74, 'Yudum Ayçiçek Yağı', ' 140,00TL'),
(75, 'Komili Akdeniz Lezzetleri Natürel Sızma Zeytinyağı', ' 63,95TL'),
(76, 'Tarım Kredi Birlik Ayçiçek Yağı', ' 36,50TL'),
(77, 'Sırma Mısır Yağı', ' 40,35TL'),
(78, 'Kırlangıç Natürel Zeytinyağı', ' 38,95TL'),
(79, 'Yudum Egemden Sızma Zeytinyağı', ' 33,95TL'),
(80, 'Komili Riviera Zeytinyağı', ' 18,95TL'),
(81, 'Kırlangıç Çökeltme Natürel Sızma Zeytinyağı', ' 38,95TL'),
(82, 'Tariş Pegoso 0.5 Asit Natürel Sızma Zeytinyağı', ' 37,50TL'),
(83, 'Teofarm Natürel Sızma Zeytinyağı', ' 37,95TL'),
(84, 'Billur Tuz Rafine İyotlu Sofra Tuzu', ' 1,80TL'),
(85, 'Arifoğlu Nane', ' 5,63TL'),
(86, 'Bağdat Hindistan Cevizi', ' 4,95TL'),
(87, 'Arifoğlu Susam', ' 4,88TL'),
(88, 'Efsina Kaya Tuzu', ' 12,75TL'),
(89, 'Baharat Dünyası Kimyon', ' 2,25TL'),
(90, 'Knorr Pane Harcı', ' 3,75TL'),
(91, 'Arifoğlu Karabiber', ' 4,91TL'),
(92, 'Bağdat Karabiber', ' 23,95TL'),
(93, 'Knorr Kajun Baharatlı Patates Çeşnisi', ' 9,90TL'),
(94, 'Müsan Acı Kırmızı Pul Biber', ' 12,95TL'),
(95, 'Knorr Hazır Çorba Kremalı Mantar', ' 2,75TL'),
(96, 'Fide İlikli Kemik Suyu', ' 7,50TL'),
(97, 'Knorr Çabuk Çorba Kıtırlı Domates', ' 1,45TL'),
(98, 'Knorr Hazır Çorba Şehriyeli Tavuk', ' 2,75TL'),
(99, 'Fide Tavuk Suyu', ' 7,50TL'),
(100, 'Anadolu Lezzetleri Seferhisar Sakızlı Tarhana', ' 21,95TL'),
(101, 'Bizim Mutfak Ezogelin Çorbası', ' 2,70TL'),
(102, 'Knorr Bulgurlu Analı Kızlı Çorbası', ' 5,45TL'),
(103, 'Bizim Mutfak Et Suyu Bulyon', ' 5,21TL'),
(104, 'Ülker Çikolatalı Gofret', ' 1,00TL'),
(105, 'Eti Karam Gurme Bitter Çikolatalı Gofret', ' 1,45TL'),
(106, 'Milka Beyaz Çikolata', ' 6,90TL'),
(107, 'Ülker Çokonat', ' 1,25TL'),
(108, '9 Kat Tat Fındıklı Gofret', ' 1,50TL'),
(109, 'Eti Hoşbeş', ' 2,95TL'),
(110, 'Eti Wanted Çikolatalı Karamelli Bar', ' 0,75TL'),
(111, 'Biscolata Minis Fındıklı Gofret', ' 5,75TL'),
(112, 'Kinder Joy', ' 3,50TL'),
(113, 'Ülker Baton Çikolata Sütlü', ' 2,25TL'),
(114, 'Dido Kare Çikolatlı Gofret', ' 2,50TL'),
(115, 'Nesquİk Beyaz Çikolata Dolgulu Sütlü Çikolata', ' 1,00TL'),
(116, 'Nestle Damak Antep Fıstıklı Kare Çikolata', ' 4,95TL'),
(117, 'Eti Karam Ekvador Bitter Çikolata', ' 11,95TL'),
(118, 'Kinder Surprise', ' 5,75TL'),
(119, 'Milka Fındıklı Çikolata', ' 6,90TL'),
(120, 'Eti Cicibebe Bisküvi', ' 15,95TL'),
(121, 'Oreo Bisküvi', ' 8,95TL'),
(122, 'Tadım Ay Çekirdeği', ' 5,50TL'),
(123, 'Ülker Pötibör Bisküvi', ' 5,25TL'),
(124, 'Eti Brownie Gold', ' 4,50TL'),
(125, 'Ülker Biskrem', ' 2,00TL'),
(126, 'Kinder Süt Dilimi', ' 5,30TL'),
(127, 'Eti Balık Kraker', ' 0,75TL'),
(128, 'Ruffels Originals', ' 7,00TL'),
(129, 'Eti Süt Burger', ' 1,35TL'),
(130, 'Lay?s Patates Cipsi', ' 3,95TL'),
(131, 'Eti Crax Peynirli Çukur Kraker', ' 1,50TL'),
(132, 'Pringles Klasik', ' 5,00TL'),
(133, 'Ülker Hanımeller Kurabiye', ' 4,75TL'),
(134, 'Tadım Çiğ Badem', ' 12,00TL'),
(135, 'Torku Tam Yulaflı Bisküvi', ' 4,25TL'),
(136, 'Tadım Festival 180G', ' 19,00TL'),
(137, 'Ülker Çokomel', ' 1,40TL'),
(138, 'Biskolata Pia', ' 2,95TL'),
(139, 'Superfresh Patates', ' 12,90TL'),
(140, 'Dardanel Fish Fingers', ' 16,90TL'),
(141, 'Feast Küp Soğan', ' 7,90TL'),
(142, 'Superfresh Taze Fasulye', ' 6,50TL'),
(143, 'Pınar Rulo Ispanaklı Börek', ' 11,95TL'),
(144, 'Feast Bezelye', ' 9,95TL'),
(145, 'Superfresh Ispanak', ' 7,95TL'),
(146, 'Darnanel Çıtır Sardalya', ' 22,95TL'),
(147, 'Tukaş Domates Salçası', ' 29,50TL'),
(148, 'Calve Mayonez', ' 14,75TL'),
(149, 'Tat Közlenmiş Patlıcan', ' 8,90TL'),
(150, 'Dardanel Ton Balığı', ' 22,90TL'),
(151, 'Berrak Salatalık Turşusu', ' 15,20TL'),
(152, 'Barilla Arabiatta Sosu', ' 11,50TL'),
(153, 'Kühne Nar Ekşisi', ' 18,71TL'),
(154, 'Tat Barbunya Pilaki', ' 6,65TL'),
(155, 'Teptip Hindistan Cevizi Sütü', ' 17,50TL'),
(156, 'Barilla Pesto Sicilinna Sosu', ' 11,50TL'),
(157, 'Dardanel Uskumru', ' 8,90TL'),
(158, 'Hellmanns Mayonez', ' 13,75TL'),
(159, 'Yayla Haşlanmış Fasulye', ' 9,25TL'),
(160, 'La Fiesta Çedar Peynirli Sos', ' 16,95TL'),
(161, 'Tat Ketçap', ' 6,45TL'),
(162, 'Barilla Basilico Makarna Sosu', ' 11,50TL'),
(163, 'Tariş Elma Sirkesi', ' 4,75TL'),
(164, 'Berrak Biberiye Turşusu', ' 7,25TL'),
(165, 'Jack Daniels Barbekü Sosu', ' 39,75TL'),
(166, 'Hellmanns Ranch Sos', ' 15,75TL'),
(167, 'Coca-Cola Şekersiz', ' 3,50TL'),
(168, 'Fanta Portakal', ' 4,25TL'),
(169, 'Sprite', ' 3,50TL'),
(170, 'Uludağ Gazoz', ' 12,30TL'),
(171, 'Schweppes Mandalina', ' 4,45TL'),
(172, 'Pepsi Max', ' 2,96TL'),
(173, 'Red Bull', ' 5,95TL'),
(174, 'Yedigün Mandalina', ' 4,95TL'),
(175, 'Çamlıcam Sade Gazoz', ' 3,45TL'),
(176, 'Lipton Ice Tea Şeftali', ' 4,95TL'),
(177, 'Cappy Portakal Suyu', ' 8,45TL'),
(178, 'Tropicana Karışık Meyve Suyu', ' 4,45TL'),
(179, 'Nescafe Xpress Latte', ' 6,45TL'),
(180, 'Exotic Portakal Suyu', ' 4,95TL'),
(181, 'Doğanay Şalgam', ' 6,45TL'),
(182, 'Starbucks Frappuccino Coffee', ' 12,90TL'),
(183, 'Uludağ Limonata', ' 3,95TL'),
(184, 'Fuse Tea Limon', ' 4,50TL'),
(185, 'Mehmet Efendi Türk Kahvesi', ' 18,90TL'),
(186, 'Lipton Yellow Label', ' 13,50TL'),
(187, 'Doğuş Filiz Çayı', ' 24,95TL'),
(188, 'Çaykur Tiryaki Çayı', ' 23,75TL'),
(189, 'Nescafe Gold', ' 37,45TL'),
(190, 'Nestle Coffee Mate', ' 14,95TL'),
(191, 'Lipton Earl Grey', ' 29,95TL'),
(192, 'Doğadan Yeşil Çay', ' 5,75'),
(193, 'Sırma Maden Suyu', ' 4,25TL'),
(194, 'Damla Minera', ' 5,95TL'),
(195, 'Uludağ Premium', ' 16,50TL'),
(196, 'Akmina Maden Suyu', ' 7,35TL'),
(197, 'Domestos Çamaşır Suyu', ' 6,95TL'),
(198, 'Bingo Matik', ' 18,90TL'),
(199, 'Perwoll Beyaz', ' 22,90TL'),
(200, 'Bingo Soft', ' 18,90TL'),
(201, 'Sek Plastik Şişe Günlük Süt', ' 10,95TL'),
(202, 'İçim Rahat Laktozsuz Süt', ' 3,70TL'),
(203, 'Pınar Organik Süt', ' 6,90TL'),
(204, 'İçim Çikolatalı Pastorize Şişe Süt', ' 5,50TL'),
(205, 'Sütaş Süzme Peynir', ' 10,45TL'),
(206, 'Pınar Labne', ' 7,20TL'),
(207, 'Tahsildaroğlu Çeçil Peyniri', ' 15,95TL'),
(208, 'Bahçıvan Tam Yağlı Taze Dilimli Tost Peyniri', ' 11,45TL'),
(209, 'Cihanser Kars Gravyer Peyniri', ' 21,75'),
(210, 'Sek Taze Peynir Sade', ' 6,95TL'),
(211, 'Torku Yoğurt', ' 15,50TL'),
(212, 'Sek Kaymaksız Yoğurt', ' 14,95TL'),
(213, 'Danone Activia Sade', ' 7,45TL'),
(214, 'İçim Süzme Yoğurt', ' 11,95TL'),
(215, 'Sütaş Geleneksel Tereyağı', ' 17,90TL'),
(216, 'Teremyağ Paket Margarin', ' 3,20TL'),
(217, 'Sek Paket Tereyağı', ' 19,25TL'),
(218, 'Becel Zeytinyağlı', ' 6,95TL'),
(219, 'Yumurtacım 15?li L Boy Yumurta', ' 6,95TL'),
(220, 'Keskinoğlu Free Range M 10?lu Yumurta', ' 8,95TL'),
(221, 'Cityfarm Organik 10?lu M Yumurta', ' 14,95TL'),
(222, 'Green Ranch 30?lu L Boy Yumurta', ' 9,90TL'),
(223, 'Marmarabirlik Extra Zeytin', ' 10,90TL'),
(224, 'Seleköy Doğal Salamura Zeytin', ' 41,90TL'),
(225, 'Fora Dilimli Siyah Zeytin', ' 7,90TL'),
(226, 'Çukurbahçe Gemlik Siyah Zeytin', ' 42,90TL'),
(227, 'Marmarabirlik Sade Zeytin Ezmesi', ' 7,90TL'),
(228, 'Carte D?or Dairy Selection Krem Karamel', ' 15,90TL'),
(229, 'Magnum Mini Beyaz', ' 19,90TL'),
(230, 'Magnum Double Karadut Böğürtlen', ' 5,50TL'),
(231, 'Alasko Frigo Bitter Çikolata Kaplı', ' 3,50TL'),
(232, 'Pernigotti  Vanilyalı Dondurma', ' 28,00TL'),
(233, 'Golf Maraşım Antep Fıstık Sade Keçi Sütlü', ' 10,49TL'),
(234, 'Algida Keyif Kakao-Vanilya', ' 6,99TL'),
(235, 'Koska Tost Kağıt Helva', ' 9,00TL'),
(236, 'Magnum Double Çikolata', ' 5,50TL'),
(237, 'Bravo Junior Belçika Çikolatalı', ' 19,90TL'),
(238, 'Eker Kaymak', ' 9,95TL'),
(239, 'Pınar Krema', ' 5,95TL'),
(240, 'Danette Çikolatalı Puding', ' 5,95TL'),
(241, 'Dr. Oetker Meyveli Sos', ' 2,50TL'),
(242, 'Carte D?or Hazır Sos Çikolatalı', ' 6,95TL'),
(243, 'İçim Kaymak', ' 11,95TL'),
(244, 'Eker Muzlu Puding, 2,25TL', ''),
(245, 'Dr. Oetker Krem Şanti Toz Karışım', ' 4,90TL'),
(246, 'Isola Bio Hindistan Cevizi Kreması', ' 27,99TL'),
(247, 'Nutella', ' 17,90TL'),
(248, 'Balparmak Çiçek Balı', ' 15,90TL'),
(249, 'Nestle Gold Flakes Ballı Mısır Gevreği', ' 8,95TL'),
(250, 'Nesquik Çikolatalı Kahvaltılık Gevrek', ' 11,95TL'),
(251, 'Nesfit Kırmızı Meyveli Kahvaltılık Gevrek', ' 14,75TL'),
(252, 'Tamek Portakal Reçeli', ' 8,90TL'),
(253, 'Koska Tahin Helvası', ' 27,95TL'),
(254, 'Kellogg?s Corn Flakes', ' 11,90TL'),
(255, 'Ülker Çokokrem', ' 9,55TL'),
(256, 'Ülker Kellogg?s Special K Karışık Meyveli', ' 12,35TL'),
(257, 'Sarelle Duo Sütlü Kakaolu Fındık Kreması', ' 9,55TL'),
(258, 'Arbella Burgu Makarna', ' 2,40TL'),
(259, 'Pastavilla Kelebek Makarna', ' 3,40TL'),
(260, 'Fizil Fiyonk Makarna', ' 3,20TL'),
(261, 'Pastavilla Kalem Makarna', ' 3,40TL'),
(262, 'Barilla Fusilli Burgu Makarna', ' 3,80TL'),
(263, 'Arbella Spaghetti Makarna', ' 2,40TL'),
(264, 'Barilla Tel Şehriye', ' 3,80TL'),
(265, 'Yayla Baldo Pirinç', ' 14,15TL'),
(266, 'Barilla Pipette Bukle Makarna', ' 3,80TL'),
(267, 'Pastavilla Erişte', ' 5,40TL'),
(268, 'Noba Kırmızı Mercimek', ' 7,75TL'),
(269, 'Barilla Linguine Yassı Spaghetti', ' 3,80TL'),
(270, 'Yayla Sarı Mercimek', ' 8,20TL'),
(271, 'Tarım Kredi Birlik Osmancık Pirinç', ' 22,40TL'),
(272, 'Barilla Castellane Makarna', ' 3,80TL'),
(273, 'Tarım Kredi Birlik Koçbaşı Nohut', ' 8,65TL'),
(274, 'Yudum Ayçiçek Yağı', ' 140,00TL'),
(275, 'Komili Akdeniz Lezzetleri Natürel Sızma Zeytinyağı', ' 63,95TL'),
(276, 'Tarım Kredi Birlik Ayçiçek Yağı', ' 36,50TL'),
(277, 'Sırma Mısır Yağı', ' 40,35TL'),
(278, 'Kırlangıç Natürel Zeytinyağı', ' 38,95TL'),
(279, 'Yudum Egemden Sızma Zeytinyağı', ' 33,95TL'),
(280, 'Komili Riviera Zeytinyağı', ' 18,95TL'),
(281, 'Kırlangıç Çökeltme Natürel Sızma Zeytinyağı', ' 38,95TL'),
(282, 'Tariş Pegoso 0.5 Asit Natürel Sızma Zeytinyağı', ' 37,50TL'),
(283, 'Teofarm Natürel Sızma Zeytinyağı', ' 37,95TL'),
(284, 'Billur Tuz Rafine İyotlu Sofra Tuzu', ' 1,80TL'),
(285, 'Arifoğlu Nane', ' 5,63TL'),
(286, 'Bağdat Hindistan Cevizi', ' 4,95TL'),
(287, 'Arifoğlu Susam', ' 4,88TL'),
(288, 'Efsina Kaya Tuzu', ' 12,75TL'),
(289, 'Baharat Dünyası Kimyon', ' 2,25TL'),
(290, 'Knorr Pane Harcı', ' 3,75TL'),
(291, 'Arifoğlu Karabiber', ' 4,91TL'),
(292, 'Bağdat Karabiber', ' 23,95TL'),
(293, 'Knorr Kajun Baharatlı Patates Çeşnisi', ' 9,90TL'),
(294, 'Müsan Acı Kırmızı Pul Biber', ' 12,95TL'),
(295, 'Knorr Hazır Çorba Kremalı Mantar', ' 2,75TL'),
(296, 'Fide İlikli Kemik Suyu', ' 7,50TL'),
(297, 'Knorr Çabuk Çorba Kıtırlı Domates', ' 1,45TL'),
(298, 'Knorr Hazır Çorba Şehriyeli Tavuk', ' 2,75TL'),
(299, 'Fide Tavuk Suyu', ' 7,50TL'),
(300, 'Anadolu Lezzetleri Seferhisar Sakızlı Tarhana', ' 21,95TL'),
(301, 'Bizim Mutfak Ezogelin Çorbası', ' 2,70TL'),
(302, 'Knorr Bulgurlu Analı Kızlı Çorbası', ' 5,45TL'),
(303, 'Bizim Mutfak Et Suyu Bulyon', ' 5,21TL'),
(304, 'Ülker Çikolatalı Gofret', ' 1,00TL'),
(305, 'Eti Karam Gurme Bitter Çikolatalı Gofret', ' 1,45TL'),
(306, 'Milka Beyaz Çikolata', ' 6,90TL'),
(307, 'Ülker Çokonat', ' 1,25TL'),
(308, '9 Kat Tat Fındıklı Gofret', ' 1,50TL'),
(309, 'Eti Hoşbeş', ' 2,95TL'),
(310, 'Eti Wanted Çikolatalı Karamelli Bar', ' 0,75TL'),
(311, 'Biscolata Minis Fındıklı Gofret', ' 5,75TL'),
(312, 'Kinder Joy', ' 3,50TL'),
(313, 'Ülker Baton Çikolata Sütlü', ' 2,25TL'),
(314, 'Dido Kare Çikolatlı Gofret', ' 2,50TL'),
(315, 'Nesquİk Beyaz Çikolata Dolgulu Sütlü Çikolata', ' 1,00TL'),
(316, 'Nestle Damak Antep Fıstıklı Kare Çikolata', ' 4,95TL'),
(317, 'Eti Karam Ekvador Bitter Çikolata', ' 11,95TL'),
(318, 'Kinder Surprise', ' 5,75TL'),
(319, 'Milka Fındıklı Çikolata', ' 6,90TL'),
(320, 'Eti Cicibebe Bisküvi', ' 15,95TL'),
(321, 'Oreo Bisküvi', ' 8,95TL'),
(322, 'Tadım Ay Çekirdeği', ' 5,50TL'),
(323, 'Ülker Pötibör Bisküvi', ' 5,25TL'),
(324, 'Eti Brownie Gold', ' 4,50TL'),
(325, 'Ülker Biskrem', ' 2,00TL'),
(326, 'Kinder Süt Dilimi', ' 5,30TL'),
(327, 'Eti Balık Kraker', ' 0,75TL'),
(328, 'Ruffels Originals', ' 7,00TL'),
(329, 'Eti Süt Burger', ' 1,35TL'),
(330, 'Lay?s Patates Cipsi', ' 3,95TL'),
(331, 'Eti Crax Peynirli Çukur Kraker', ' 1,50TL'),
(332, 'Pringles Klasik', ' 5,00TL'),
(333, 'Ülker Hanımeller Kurabiye', ' 4,75TL'),
(334, 'Tadım Çiğ Badem', ' 12,00TL'),
(335, 'Torku Tam Yulaflı Bisküvi', ' 4,25TL'),
(336, 'Tadım Festival 180G', ' 19,00TL'),
(337, 'Ülker Çokomel', ' 1,40TL'),
(338, 'Biskolata Pia', ' 2,95TL'),
(339, 'Superfresh Patates', ' 12,90TL'),
(340, 'Dardanel Fish Fingers', ' 16,90TL'),
(341, 'Feast Küp Soğan', ' 7,90TL'),
(342, 'Superfresh Taze Fasulye', ' 6,50TL'),
(343, 'Pınar Rulo Ispanaklı Börek', ' 11,95TL'),
(344, 'Feast Bezelye', ' 9,95TL'),
(345, 'Superfresh Ispanak', ' 7,95TL'),
(346, 'Darnanel Çıtır Sardalya', ' 22,95TL'),
(347, 'Tukaş Domates Salçası', ' 29,50TL'),
(348, 'Calve Mayonez', ' 14,75TL'),
(349, 'Tat Közlenmiş Patlıcan', ' 8,90TL'),
(350, 'Dardanel Ton Balığı', ' 22,90TL'),
(351, 'Berrak Salatalık Turşusu', ' 15,20TL'),
(352, 'Barilla Arabiatta Sosu', ' 11,50TL'),
(353, 'Kühne Nar Ekşisi', ' 18,71TL'),
(354, 'Tat Barbunya Pilaki', ' 6,65TL'),
(355, 'Teptip Hindistan Cevizi Sütü', ' 17,50TL'),
(356, 'Barilla Pesto Sicilinna Sosu', ' 11,50TL'),
(357, 'Dardanel Uskumru', ' 8,90TL'),
(358, 'Hellmanns Mayonez', ' 13,75TL'),
(359, 'Yayla Haşlanmış Fasulye', ' 9,25TL'),
(360, 'La Fiesta Çedar Peynirli Sos', ' 16,95TL'),
(361, 'Tat Ketçap', ' 6,45TL'),
(362, 'Barilla Basilico Makarna Sosu', ' 11,50TL'),
(363, 'Tariş Elma Sirkesi', ' 4,75TL'),
(364, 'Berrak Biberiye Turşusu', ' 7,25TL'),
(365, 'Jack Daniels Barbekü Sosu', ' 39,75TL'),
(366, 'Hellmanns Ranch Sos', ' 15,75TL'),
(367, 'Coca-Cola Şekersiz', ' 3,50TL'),
(368, 'Fanta Portakal', ' 4,25TL'),
(369, 'Sprite', ' 3,50TL'),
(370, 'Uludağ Gazoz', ' 12,30TL'),
(371, 'Schweppes Mandalina', ' 4,45TL'),
(372, 'Pepsi Max', ' 2,96TL'),
(373, 'Red Bull', ' 5,95TL'),
(374, 'Yedigün Mandalina', ' 4,95TL'),
(375, 'Çamlıcam Sade Gazoz', ' 3,45TL'),
(376, 'Lipton Ice Tea Şeftali', ' 4,95TL'),
(377, 'Cappy Portakal Suyu', ' 8,45TL'),
(378, 'Tropicana Karışık Meyve Suyu', ' 4,45TL'),
(379, 'Nescafe Xpress Latte', ' 6,45TL'),
(380, 'Exotic Portakal Suyu', ' 4,95TL'),
(381, 'Doğanay Şalgam', ' 6,45TL'),
(382, 'Starbucks Frappuccino Coffee', ' 12,90TL'),
(383, 'Uludağ Limonata', ' 3,95TL'),
(384, 'Fuse Tea Limon', ' 4,50TL'),
(385, 'Mehmet Efendi Türk Kahvesi', ' 18,90TL'),
(386, 'Lipton Yellow Label', ' 13,50TL'),
(387, 'Doğuş Filiz Çayı', ' 24,95TL'),
(388, 'Çaykur Tiryaki Çayı', ' 23,75TL'),
(389, 'Nescafe Gold', ' 37,45TL'),
(390, 'Nestle Coffee Mate', ' 14,95TL'),
(391, 'Lipton Earl Grey', ' 29,95TL'),
(392, 'Doğadan Yeşil Çay', ' 5,75'),
(393, 'Sırma Maden Suyu', ' 4,25TL'),
(394, 'Damla Minera', ' 5,95TL'),
(395, 'Uludağ Premium', ' 16,50TL'),
(396, 'Akmina Maden Suyu', ' 7,35TL'),
(397, 'Domestos Çamaşır Suyu', ' 6,95TL'),
(398, 'Bingo Matik', ' 18,90TL'),
(399, 'Perwoll Beyaz', ' 22,90TL'),
(400, 'Bingo Soft', ' 18,90TL');

-- --------------------------------------------------------

--
-- Tablo için tablo yapısı `sales`
--

CREATE TABLE IF NOT EXISTS `sales` (
  `sale_id` int(11) NOT NULL,
  `saleman_id` int(11) NOT NULL,
  `customer_id` int(11) NOT NULL,
  `sale_date` varchar(255) NOT NULL,
  `product_id` int(11) NOT NULL
) ENGINE=InnoDB AUTO_INCREMENT=8101 DEFAULT CHARSET=latin5;

--
-- Tablo döküm verisi `sales`
--

INSERT INTO `sales` (`sale_id`, `saleman_id`, `customer_id`, `sale_date`, `product_id`) VALUES
(1, 373, 1, 'randomDate', 47),
(2, 373, 1, 'randomDate', 33),
(3, 373, 1, 'randomDate', 174),
(4, 373, 1, 'randomDate', 196),
(5, 373, 1, 'randomDate', 7),
(6, 38, 2, 'randomDate', 92),
(7, 38, 2, 'randomDate', 80),
(8, 38, 2, 'randomDate', 98),
(9, 38, 2, 'randomDate', 60),
(10, 38, 2, 'randomDate', 179),
(11, 774, 3, 'randomDate', 119),
(12, 774, 3, 'randomDate', 124),
(13, 774, 3, 'randomDate', 16),
(14, 774, 3, 'randomDate', 180),
(15, 774, 3, 'randomDate', 175),
(16, 164, 4, 'randomDate', 94),
(17, 164, 4, 'randomDate', 96),
(18, 164, 4, 'randomDate', 182),
(19, 164, 4, 'randomDate', 73),
(20, 164, 4, 'randomDate', 182),
(21, 856, 5, 'randomDate', 199),
(22, 856, 5, 'randomDate', 135),
(23, 856, 5, 'randomDate', 197),
(24, 856, 5, 'randomDate', 56),
(25, 856, 5, 'randomDate', 13),
(26, 340, 6, 'randomDate', 18),
(27, 340, 6, 'randomDate', 133),
(28, 340, 6, 'randomDate', 8),
(29, 340, 6, 'randomDate', 98),
(30, 340, 6, 'randomDate', 71),
(31, 738, 7, 'randomDate', 3),
(32, 738, 7, 'randomDate', 96),
(33, 738, 7, 'randomDate', 109),
(34, 738, 7, 'randomDate', 51),
(35, 738, 7, 'randomDate', 83),
(36, 172, 8, 'randomDate', 101),
(37, 172, 8, 'randomDate', 15),
(38, 172, 8, 'randomDate', 106),
(39, 172, 8, 'randomDate', 120),
(40, 172, 8, 'randomDate', 114),
(41, 804, 9, 'randomDate', 139),
(42, 804, 9, 'randomDate', 17),
(43, 804, 9, 'randomDate', 114),
(44, 804, 9, 'randomDate', 179),
(45, 804, 9, 'randomDate', 18),
(46, 1201, 10, 'randomDate', 177),
(47, 1201, 10, 'randomDate', 184),
(48, 1201, 10, 'randomDate', 129),
(49, 1201, 10, 'randomDate', 185),
(50, 1201, 10, 'randomDate', 161),
(51, 794, 11, 'randomDate', 34),
(52, 794, 11, 'randomDate', 44),
(53, 794, 11, 'randomDate', 47),
(54, 794, 11, 'randomDate', 188),
(55, 794, 11, 'randomDate', 123),
(56, 1135, 12, 'randomDate', 113),
(57, 1135, 12, 'randomDate', 91),
(58, 1135, 12, 'randomDate', 119),
(59, 1135, 12, 'randomDate', 79),
(60, 1135, 12, 'randomDate', 11),
(61, 105, 13, 'randomDate', 15),
(62, 105, 13, 'randomDate', 89),
(63, 105, 13, 'randomDate', 5),
(64, 105, 13, 'randomDate', 140),
(65, 105, 13, 'randomDate', 143),
(66, 227, 14, 'randomDate', 16),
(67, 227, 14, 'randomDate', 190),
(68, 227, 14, 'randomDate', 82),
(69, 227, 14, 'randomDate', 136),
(70, 227, 14, 'randomDate', 47),
(71, 526, 15, 'randomDate', 83),
(72, 526, 15, 'randomDate', 72),
(73, 526, 15, 'randomDate', 109),
(74, 526, 15, 'randomDate', 24),
(75, 526, 15, 'randomDate', 40),
(76, 359, 16, 'randomDate', 164),
(77, 359, 16, 'randomDate', 91),
(78, 359, 16, 'randomDate', 4),
(79, 359, 16, 'randomDate', 112),
(80, 359, 16, 'randomDate', 168),
(81, 467, 17, 'randomDate', 199),
(82, 467, 17, 'randomDate', 39),
(83, 467, 17, 'randomDate', 93),
(84, 467, 17, 'randomDate', 41),
(85, 467, 17, 'randomDate', 158),
(86, 494, 18, 'randomDate', 131),
(87, 494, 18, 'randomDate', 71),
(88, 494, 18, 'randomDate', 5),
(89, 494, 18, 'randomDate', 188),
(90, 494, 18, 'randomDate', 178),
(91, 122, 19, 'randomDate', 69),
(92, 122, 19, 'randomDate', 143),
(93, 122, 19, 'randomDate', 80),
(94, 122, 19, 'randomDate', 118),
(95, 122, 19, 'randomDate', 114),
(96, 616, 20, 'randomDate', 42),
(97, 616, 20, 'randomDate', 143),
(98, 616, 20, 'randomDate', 188),
(99, 616, 20, 'randomDate', 29),
(100, 616, 20, 'randomDate', 21),
(101, 560, 21, 'randomDate', 136),
(102, 560, 21, 'randomDate', 112),
(103, 560, 21, 'randomDate', 149),
(104, 560, 21, 'randomDate', 37),
(105, 560, 21, 'randomDate', 194),
(106, 825, 22, 'randomDate', 15),
(107, 825, 22, 'randomDate', 87),
(108, 825, 22, 'randomDate', 40),
(109, 825, 22, 'randomDate', 92),
(110, 825, 22, 'randomDate', 98),
(111, 380, 23, 'randomDate', 18),
(112, 380, 23, 'randomDate', 177),
(113, 380, 23, 'randomDate', 128),
(114, 380, 23, 'randomDate', 108),
(115, 380, 23, 'randomDate', 198),
(116, 424, 24, 'randomDate', 183),
(117, 424, 24, 'randomDate', 187),
(118, 424, 24, 'randomDate', 40),
(119, 424, 24, 'randomDate', 71),
(120, 424, 24, 'randomDate', 194),
(121, 879, 25, 'randomDate', 100),
(122, 879, 25, 'randomDate', 91),
(123, 879, 25, 'randomDate', 109),
(124, 879, 25, 'randomDate', 30),
(125, 879, 25, 'randomDate', 69),
(126, 651, 26, 'randomDate', 148),
(127, 651, 26, 'randomDate', 26),
(128, 651, 26, 'randomDate', 189),
(129, 651, 26, 'randomDate', 139),
(130, 651, 26, 'randomDate', 192),
(131, 275, 27, 'randomDate', 3),
(132, 275, 27, 'randomDate', 193),
(133, 275, 27, 'randomDate', 9),
(134, 275, 27, 'randomDate', 46),
(135, 275, 27, 'randomDate', 165),
(136, 125, 28, 'randomDate', 187),
(137, 125, 28, 'randomDate', 8),
(138, 125, 28, 'randomDate', 63),
(139, 125, 28, 'randomDate', 155),
(140, 125, 28, 'randomDate', 58),
(141, 94, 29, 'randomDate', 103),
(142, 94, 29, 'randomDate', 200),
(143, 94, 29, 'randomDate', 73),
(144, 94, 29, 'randomDate', 33),
(145, 94, 29, 'randomDate', 183),
(146, 9, 30, 'randomDate', 132),
(147, 9, 30, 'randomDate', 154),
(148, 9, 30, 'randomDate', 1),
(149, 9, 30, 'randomDate', 74),
(150, 9, 30, 'randomDate', 115),
(151, 605, 31, 'randomDate', 41),
(152, 605, 31, 'randomDate', 200),
(153, 605, 31, 'randomDate', 11),
(154, 605, 31, 'randomDate', 140),
(155, 605, 31, 'randomDate', 90),
(156, 668, 32, 'randomDate', 98),
(157, 668, 32, 'randomDate', 12),
(158, 668, 32, 'randomDate', 49),
(159, 668, 32, 'randomDate', 153),
(160, 668, 32, 'randomDate', 125),
(161, 1129, 33, 'randomDate', 121),
(162, 1129, 33, 'randomDate', 61),
(163, 1129, 33, 'randomDate', 129),
(164, 1129, 33, 'randomDate', 175),
(165, 1129, 33, 'randomDate', 160),
(166, 760, 34, 'randomDate', 114),
(167, 760, 34, 'randomDate', 153),
(168, 760, 34, 'randomDate', 150),
(169, 760, 34, 'randomDate', 76),
(170, 760, 34, 'randomDate', 165),
(171, 343, 35, 'randomDate', 83),
(172, 343, 35, 'randomDate', 115),
(173, 343, 35, 'randomDate', 140),
(174, 343, 35, 'randomDate', 176),
(175, 343, 35, 'randomDate', 153),
(176, 1181, 36, 'randomDate', 111),
(177, 1181, 36, 'randomDate', 48),
(178, 1181, 36, 'randomDate', 156),
(179, 1181, 36, 'randomDate', 50),
(180, 1181, 36, 'randomDate', 38),
(181, 226, 37, 'randomDate', 25),
(182, 226, 37, 'randomDate', 106),
(183, 226, 37, 'randomDate', 13),
(184, 226, 37, 'randomDate', 138),
(185, 226, 37, 'randomDate', 196),
(186, 512, 38, 'randomDate', 64),
(187, 512, 38, 'randomDate', 41),
(188, 512, 38, 'randomDate', 56),
(189, 512, 38, 'randomDate', 106),
(190, 512, 38, 'randomDate', 142),
(191, 288, 39, 'randomDate', 198),
(192, 288, 39, 'randomDate', 27),
(193, 288, 39, 'randomDate', 107),
(194, 288, 39, 'randomDate', 19),
(195, 288, 39, 'randomDate', 38),
(196, 182, 40, 'randomDate', 70),
(197, 182, 40, 'randomDate', 24),
(198, 182, 40, 'randomDate', 97),
(199, 182, 40, 'randomDate', 48),
(200, 182, 40, 'randomDate', 44),
(201, 307, 41, 'randomDate', 130),
(202, 307, 41, 'randomDate', 91),
(203, 307, 41, 'randomDate', 9),
(204, 307, 41, 'randomDate', 6),
(205, 307, 41, 'randomDate', 161),
(206, 1126, 42, 'randomDate', 180),
(207, 1126, 42, 'randomDate', 30),
(208, 1126, 42, 'randomDate', 120),
(209, 1126, 42, 'randomDate', 35),
(210, 1126, 42, 'randomDate', 179),
(211, 630, 43, 'randomDate', 60),
(212, 630, 43, 'randomDate', 106),
(213, 630, 43, 'randomDate', 177),
(214, 630, 43, 'randomDate', 179),
(215, 630, 43, 'randomDate', 101),
(216, 443, 44, 'randomDate', 19),
(217, 443, 44, 'randomDate', 91),
(218, 443, 44, 'randomDate', 41),
(219, 443, 44, 'randomDate', 43),
(220, 443, 44, 'randomDate', 188),
(221, 45, 45, 'randomDate', 149),
(222, 45, 45, 'randomDate', 171),
(223, 45, 45, 'randomDate', 68),
(224, 45, 45, 'randomDate', 103),
(225, 45, 45, 'randomDate', 172),
(226, 209, 46, 'randomDate', 37),
(227, 209, 46, 'randomDate', 80),
(228, 209, 46, 'randomDate', 36),
(229, 209, 46, 'randomDate', 97),
(230, 209, 46, 'randomDate', 96),
(231, 949, 47, 'randomDate', 58),
(232, 949, 47, 'randomDate', 103),
(233, 949, 47, 'randomDate', 98),
(234, 949, 47, 'randomDate', 182),
(235, 949, 47, 'randomDate', 170),
(236, 484, 48, 'randomDate', 104),
(237, 484, 48, 'randomDate', 147),
(238, 484, 48, 'randomDate', 83),
(239, 484, 48, 'randomDate', 118),
(240, 484, 48, 'randomDate', 165),
(241, 1146, 49, 'randomDate', 70),
(242, 1146, 49, 'randomDate', 179),
(243, 1146, 49, 'randomDate', 180),
(244, 1146, 49, 'randomDate', 186),
(245, 1146, 49, 'randomDate', 40),
(246, 837, 50, 'randomDate', 118),
(247, 837, 50, 'randomDate', 21),
(248, 837, 50, 'randomDate', 30),
(249, 837, 50, 'randomDate', 165),
(250, 837, 50, 'randomDate', 60),
(251, 223, 51, 'randomDate', 44),
(252, 223, 51, 'randomDate', 153),
(253, 223, 51, 'randomDate', 145),
(254, 223, 51, 'randomDate', 148),
(255, 223, 51, 'randomDate', 11),
(256, 645, 52, 'randomDate', 56),
(257, 645, 52, 'randomDate', 188),
(258, 645, 52, 'randomDate', 25),
(259, 645, 52, 'randomDate', 161),
(260, 645, 52, 'randomDate', 151),
(261, 1069, 53, 'randomDate', 49),
(262, 1069, 53, 'randomDate', 9),
(263, 1069, 53, 'randomDate', 69),
(264, 1069, 53, 'randomDate', 5),
(265, 1069, 53, 'randomDate', 174),
(266, 617, 54, 'randomDate', 68),
(267, 617, 54, 'randomDate', 140),
(268, 617, 54, 'randomDate', 106),
(269, 617, 54, 'randomDate', 148),
(270, 617, 54, 'randomDate', 177),
(271, 462, 55, 'randomDate', 21),
(272, 462, 55, 'randomDate', 32),
(273, 462, 55, 'randomDate', 27),
(274, 462, 55, 'randomDate', 31),
(275, 462, 55, 'randomDate', 24),
(276, 662, 56, 'randomDate', 76),
(277, 662, 56, 'randomDate', 57),
(278, 662, 56, 'randomDate', 156),
(279, 662, 56, 'randomDate', 98),
(280, 662, 56, 'randomDate', 126),
(281, 306, 57, 'randomDate', 79),
(282, 306, 57, 'randomDate', 23),
(283, 306, 57, 'randomDate', 18),
(284, 306, 57, 'randomDate', 77),
(285, 306, 57, 'randomDate', 49),
(286, 196, 58, 'randomDate', 135),
(287, 196, 58, 'randomDate', 194),
(288, 196, 58, 'randomDate', 136),
(289, 196, 58, 'randomDate', 99),
(290, 196, 58, 'randomDate', 105),
(291, 642, 59, 'randomDate', 87),
(292, 642, 59, 'randomDate', 67),
(293, 642, 59, 'randomDate', 169),
(294, 642, 59, 'randomDate', 126),
(295, 642, 59, 'randomDate', 182),
(296, 876, 60, 'randomDate', 90),
(297, 876, 60, 'randomDate', 159),
(298, 876, 60, 'randomDate', 155),
(299, 876, 60, 'randomDate', 107),
(300, 876, 60, 'randomDate', 187),
(301, 1172, 61, 'randomDate', 9),
(302, 1172, 61, 'randomDate', 21),
(303, 1172, 61, 'randomDate', 130),
(304, 1172, 61, 'randomDate', 84),
(305, 1172, 61, 'randomDate', 115),
(306, 826, 62, 'randomDate', 56),
(307, 826, 62, 'randomDate', 60),
(308, 826, 62, 'randomDate', 116),
(309, 826, 62, 'randomDate', 146),
(310, 826, 62, 'randomDate', 74),
(311, 345, 63, 'randomDate', 142),
(312, 345, 63, 'randomDate', 98),
(313, 345, 63, 'randomDate', 162),
(314, 345, 63, 'randomDate', 112),
(315, 345, 63, 'randomDate', 134),
(316, 1021, 64, 'randomDate', 188),
(317, 1021, 64, 'randomDate', 9),
(318, 1021, 64, 'randomDate', 50),
(319, 1021, 64, 'randomDate', 3),
(320, 1021, 64, 'randomDate', 106),
(321, 518, 65, 'randomDate', 158),
(322, 518, 65, 'randomDate', 53),
(323, 518, 65, 'randomDate', 91),
(324, 518, 65, 'randomDate', 90),
(325, 518, 65, 'randomDate', 159),
(326, 723, 66, 'randomDate', 32),
(327, 723, 66, 'randomDate', 60),
(328, 723, 66, 'randomDate', 124),
(329, 723, 66, 'randomDate', 131),
(330, 723, 66, 'randomDate', 120),
(331, 976, 67, 'randomDate', 107),
(332, 976, 67, 'randomDate', 157),
(333, 976, 67, 'randomDate', 154),
(334, 976, 67, 'randomDate', 80),
(335, 976, 67, 'randomDate', 179),
(336, 224, 68, 'randomDate', 77),
(337, 224, 68, 'randomDate', 76),
(338, 224, 68, 'randomDate', 25),
(339, 224, 68, 'randomDate', 188),
(340, 224, 68, 'randomDate', 187),
(341, 659, 69, 'randomDate', 157),
(342, 659, 69, 'randomDate', 11),
(343, 659, 69, 'randomDate', 99),
(344, 659, 69, 'randomDate', 58),
(345, 659, 69, 'randomDate', 11),
(346, 1140, 70, 'randomDate', 77),
(347, 1140, 70, 'randomDate', 147),
(348, 1140, 70, 'randomDate', 85),
(349, 1140, 70, 'randomDate', 177),
(350, 1140, 70, 'randomDate', 50),
(351, 902, 71, 'randomDate', 45),
(352, 902, 71, 'randomDate', 175),
(353, 902, 71, 'randomDate', 97),
(354, 902, 71, 'randomDate', 169),
(355, 902, 71, 'randomDate', 130),
(356, 648, 72, 'randomDate', 1),
(357, 648, 72, 'randomDate', 107),
(358, 648, 72, 'randomDate', 125),
(359, 648, 72, 'randomDate', 132),
(360, 648, 72, 'randomDate', 157),
(361, 873, 73, 'randomDate', 181),
(362, 873, 73, 'randomDate', 149),
(363, 873, 73, 'randomDate', 127),
(364, 873, 73, 'randomDate', 157),
(365, 873, 73, 'randomDate', 53),
(366, 292, 74, 'randomDate', 83),
(367, 292, 74, 'randomDate', 18),
(368, 292, 74, 'randomDate', 47),
(369, 292, 74, 'randomDate', 126),
(370, 292, 74, 'randomDate', 116),
(371, 313, 75, 'randomDate', 155),
(372, 313, 75, 'randomDate', 168),
(373, 313, 75, 'randomDate', 199),
(374, 313, 75, 'randomDate', 199),
(375, 313, 75, 'randomDate', 82),
(376, 207, 76, 'randomDate', 32),
(377, 207, 76, 'randomDate', 68),
(378, 207, 76, 'randomDate', 14),
(379, 207, 76, 'randomDate', 17),
(380, 207, 76, 'randomDate', 132),
(381, 1047, 77, 'randomDate', 186),
(382, 1047, 77, 'randomDate', 111),
(383, 1047, 77, 'randomDate', 165),
(384, 1047, 77, 'randomDate', 111),
(385, 1047, 77, 'randomDate', 9),
(386, 647, 78, 'randomDate', 192),
(387, 647, 78, 'randomDate', 146),
(388, 647, 78, 'randomDate', 62),
(389, 647, 78, 'randomDate', 142),
(390, 647, 78, 'randomDate', 121),
(391, 6, 79, 'randomDate', 120),
(392, 6, 79, 'randomDate', 154),
(393, 6, 79, 'randomDate', 165),
(394, 6, 79, 'randomDate', 200),
(395, 6, 79, 'randomDate', 17),
(396, 1064, 80, 'randomDate', 33),
(397, 1064, 80, 'randomDate', 115),
(398, 1064, 80, 'randomDate', 37),
(399, 1064, 80, 'randomDate', 40),
(400, 1064, 80, 'randomDate', 169),
(401, 459, 81, 'randomDate', 152),
(402, 459, 81, 'randomDate', 162),
(403, 459, 81, 'randomDate', 149),
(404, 459, 81, 'randomDate', 91),
(405, 459, 81, 'randomDate', 35),
(406, 420, 82, 'randomDate', 151),
(407, 420, 82, 'randomDate', 196),
(408, 420, 82, 'randomDate', 173),
(409, 420, 82, 'randomDate', 24),
(410, 420, 82, 'randomDate', 87),
(411, 172, 83, 'randomDate', 67),
(412, 172, 83, 'randomDate', 198),
(413, 172, 83, 'randomDate', 98),
(414, 172, 83, 'randomDate', 2),
(415, 172, 83, 'randomDate', 88),
(416, 1131, 84, 'randomDate', 30),
(417, 1131, 84, 'randomDate', 53),
(418, 1131, 84, 'randomDate', 176),
(419, 1131, 84, 'randomDate', 183),
(420, 1131, 84, 'randomDate', 75),
(421, 211, 85, 'randomDate', 51),
(422, 211, 85, 'randomDate', 159),
(423, 211, 85, 'randomDate', 199),
(424, 211, 85, 'randomDate', 108),
(425, 211, 85, 'randomDate', 112),
(426, 865, 86, 'randomDate', 59),
(427, 865, 86, 'randomDate', 195),
(428, 865, 86, 'randomDate', 111),
(429, 865, 86, 'randomDate', 119),
(430, 865, 86, 'randomDate', 112),
(431, 392, 87, 'randomDate', 24),
(432, 392, 87, 'randomDate', 12),
(433, 392, 87, 'randomDate', 90),
(434, 392, 87, 'randomDate', 183),
(435, 392, 87, 'randomDate', 14),
(436, 141, 88, 'randomDate', 13),
(437, 141, 88, 'randomDate', 53),
(438, 141, 88, 'randomDate', 93),
(439, 141, 88, 'randomDate', 53),
(440, 141, 88, 'randomDate', 59),
(441, 796, 89, 'randomDate', 16),
(442, 796, 89, 'randomDate', 122),
(443, 796, 89, 'randomDate', 107),
(444, 796, 89, 'randomDate', 155),
(445, 796, 89, 'randomDate', 4),
(446, 197, 90, 'randomDate', 169),
(447, 197, 90, 'randomDate', 170),
(448, 197, 90, 'randomDate', 101),
(449, 197, 90, 'randomDate', 161),
(450, 197, 90, 'randomDate', 42),
(451, 857, 91, 'randomDate', 48),
(452, 857, 91, 'randomDate', 128),
(453, 857, 91, 'randomDate', 144),
(454, 857, 91, 'randomDate', 97),
(455, 857, 91, 'randomDate', 194),
(456, 868, 92, 'randomDate', 135),
(457, 868, 92, 'randomDate', 29),
(458, 868, 92, 'randomDate', 128),
(459, 868, 92, 'randomDate', 143),
(460, 868, 92, 'randomDate', 77),
(461, 884, 93, 'randomDate', 194),
(462, 884, 93, 'randomDate', 127),
(463, 884, 93, 'randomDate', 165),
(464, 884, 93, 'randomDate', 7),
(465, 884, 93, 'randomDate', 142),
(466, 885, 94, 'randomDate', 169),
(467, 885, 94, 'randomDate', 64),
(468, 885, 94, 'randomDate', 40),
(469, 885, 94, 'randomDate', 166),
(470, 885, 94, 'randomDate', 189),
(471, 1148, 95, 'randomDate', 37),
(472, 1148, 95, 'randomDate', 166),
(473, 1148, 95, 'randomDate', 120),
(474, 1148, 95, 'randomDate', 119),
(475, 1148, 95, 'randomDate', 136),
(476, 614, 96, 'randomDate', 188),
(477, 614, 96, 'randomDate', 22),
(478, 614, 96, 'randomDate', 84),
(479, 614, 96, 'randomDate', 162),
(480, 614, 96, 'randomDate', 97),
(481, 970, 97, 'randomDate', 50),
(482, 970, 97, 'randomDate', 194),
(483, 970, 97, 'randomDate', 181),
(484, 970, 97, 'randomDate', 2),
(485, 970, 97, 'randomDate', 28),
(486, 1142, 98, 'randomDate', 61),
(487, 1142, 98, 'randomDate', 123),
(488, 1142, 98, 'randomDate', 90),
(489, 1142, 98, 'randomDate', 1),
(490, 1142, 98, 'randomDate', 112),
(491, 241, 99, 'randomDate', 111),
(492, 241, 99, 'randomDate', 34),
(493, 241, 99, 'randomDate', 149),
(494, 241, 99, 'randomDate', 200),
(495, 241, 99, 'randomDate', 4),
(496, 937, 100, 'randomDate', 152),
(497, 937, 100, 'randomDate', 142),
(498, 937, 100, 'randomDate', 180),
(499, 937, 100, 'randomDate', 38),
(500, 937, 100, 'randomDate', 4),
(501, 940, 101, 'randomDate', 98),
(502, 940, 101, 'randomDate', 116),
(503, 940, 101, 'randomDate', 48),
(504, 940, 101, 'randomDate', 110),
(505, 940, 101, 'randomDate', 169),
(506, 1008, 102, 'randomDate', 31),
(507, 1008, 102, 'randomDate', 41),
(508, 1008, 102, 'randomDate', 15),
(509, 1008, 102, 'randomDate', 72),
(510, 1008, 102, 'randomDate', 196),
(511, 148, 103, 'randomDate', 38),
(512, 148, 103, 'randomDate', 150),
(513, 148, 103, 'randomDate', 142),
(514, 148, 103, 'randomDate', 86),
(515, 148, 103, 'randomDate', 36),
(516, 355, 104, 'randomDate', 184),
(517, 355, 104, 'randomDate', 100),
(518, 355, 104, 'randomDate', 2),
(519, 355, 104, 'randomDate', 148),
(520, 355, 104, 'randomDate', 11),
(521, 72, 105, 'randomDate', 68),
(522, 72, 105, 'randomDate', 196),
(523, 72, 105, 'randomDate', 19),
(524, 72, 105, 'randomDate', 138),
(525, 72, 105, 'randomDate', 112),
(526, 1128, 106, 'randomDate', 133),
(527, 1128, 106, 'randomDate', 141),
(528, 1128, 106, 'randomDate', 78),
(529, 1128, 106, 'randomDate', 48),
(530, 1128, 106, 'randomDate', 85),
(531, 1059, 107, 'randomDate', 158),
(532, 1059, 107, 'randomDate', 3),
(533, 1059, 107, 'randomDate', 52),
(534, 1059, 107, 'randomDate', 137),
(535, 1059, 107, 'randomDate', 80),
(536, 427, 108, 'randomDate', 42),
(537, 427, 108, 'randomDate', 10),
(538, 427, 108, 'randomDate', 150),
(539, 427, 108, 'randomDate', 180),
(540, 427, 108, 'randomDate', 144),
(541, 683, 109, 'randomDate', 178),
(542, 683, 109, 'randomDate', 102),
(543, 683, 109, 'randomDate', 76),
(544, 683, 109, 'randomDate', 18),
(545, 683, 109, 'randomDate', 149),
(546, 325, 110, 'randomDate', 161),
(547, 325, 110, 'randomDate', 101),
(548, 325, 110, 'randomDate', 187),
(549, 325, 110, 'randomDate', 57),
(550, 325, 110, 'randomDate', 76),
(551, 126, 111, 'randomDate', 106),
(552, 126, 111, 'randomDate', 197),
(553, 126, 111, 'randomDate', 187),
(554, 126, 111, 'randomDate', 153),
(555, 126, 111, 'randomDate', 149),
(556, 885, 112, 'randomDate', 89),
(557, 885, 112, 'randomDate', 179),
(558, 885, 112, 'randomDate', 35),
(559, 885, 112, 'randomDate', 39),
(560, 885, 112, 'randomDate', 75),
(561, 836, 113, 'randomDate', 163),
(562, 836, 113, 'randomDate', 95),
(563, 836, 113, 'randomDate', 111),
(564, 836, 113, 'randomDate', 100),
(565, 836, 113, 'randomDate', 137),
(566, 459, 114, 'randomDate', 70),
(567, 459, 114, 'randomDate', 85),
(568, 459, 114, 'randomDate', 187),
(569, 459, 114, 'randomDate', 27),
(570, 459, 114, 'randomDate', 151),
(571, 1184, 115, 'randomDate', 16),
(572, 1184, 115, 'randomDate', 50),
(573, 1184, 115, 'randomDate', 197),
(574, 1184, 115, 'randomDate', 61),
(575, 1184, 115, 'randomDate', 52),
(576, 857, 116, 'randomDate', 115),
(577, 857, 116, 'randomDate', 71),
(578, 857, 116, 'randomDate', 124),
(579, 857, 116, 'randomDate', 198),
(580, 857, 116, 'randomDate', 125),
(581, 416, 117, 'randomDate', 146),
(582, 416, 117, 'randomDate', 198),
(583, 416, 117, 'randomDate', 144),
(584, 416, 117, 'randomDate', 116),
(585, 416, 117, 'randomDate', 174),
(586, 354, 118, 'randomDate', 152),
(587, 354, 118, 'randomDate', 14),
(588, 354, 118, 'randomDate', 42),
(589, 354, 118, 'randomDate', 82),
(590, 354, 118, 'randomDate', 187),
(591, 170, 119, 'randomDate', 122),
(592, 170, 119, 'randomDate', 140),
(593, 170, 119, 'randomDate', 35),
(594, 170, 119, 'randomDate', 95),
(595, 170, 119, 'randomDate', 169),
(596, 76, 120, 'randomDate', 89),
(597, 76, 120, 'randomDate', 17),
(598, 76, 120, 'randomDate', 34),
(599, 76, 120, 'randomDate', 104),
(600, 76, 120, 'randomDate', 143),
(601, 1134, 121, 'randomDate', 52),
(602, 1134, 121, 'randomDate', 50),
(603, 1134, 121, 'randomDate', 166),
(604, 1134, 121, 'randomDate', 106),
(605, 1134, 121, 'randomDate', 99),
(606, 654, 122, 'randomDate', 153),
(607, 654, 122, 'randomDate', 123),
(608, 654, 122, 'randomDate', 23),
(609, 654, 122, 'randomDate', 130),
(610, 654, 122, 'randomDate', 150),
(611, 920, 123, 'randomDate', 39),
(612, 920, 123, 'randomDate', 157),
(613, 920, 123, 'randomDate', 164),
(614, 920, 123, 'randomDate', 65),
(615, 920, 123, 'randomDate', 138),
(616, 100, 124, 'randomDate', 132),
(617, 100, 124, 'randomDate', 62),
(618, 100, 124, 'randomDate', 121),
(619, 100, 124, 'randomDate', 18),
(620, 100, 124, 'randomDate', 38),
(621, 444, 125, 'randomDate', 167),
(622, 444, 125, 'randomDate', 126),
(623, 444, 125, 'randomDate', 167),
(624, 444, 125, 'randomDate', 62),
(625, 444, 125, 'randomDate', 48),
(626, 183, 126, 'randomDate', 161),
(627, 183, 126, 'randomDate', 62),
(628, 183, 126, 'randomDate', 129),
(629, 183, 126, 'randomDate', 34),
(630, 183, 126, 'randomDate', 56),
(631, 585, 127, 'randomDate', 81),
(632, 585, 127, 'randomDate', 157),
(633, 585, 127, 'randomDate', 167),
(634, 585, 127, 'randomDate', 149),
(635, 585, 127, 'randomDate', 199),
(636, 662, 128, 'randomDate', 178),
(637, 662, 128, 'randomDate', 76),
(638, 662, 128, 'randomDate', 158),
(639, 662, 128, 'randomDate', 111),
(640, 662, 128, 'randomDate', 179),
(641, 55, 129, 'randomDate', 68),
(642, 55, 129, 'randomDate', 143),
(643, 55, 129, 'randomDate', 149),
(644, 55, 129, 'randomDate', 127),
(645, 55, 129, 'randomDate', 41),
(646, 802, 130, 'randomDate', 100),
(647, 802, 130, 'randomDate', 178),
(648, 802, 130, 'randomDate', 144),
(649, 802, 130, 'randomDate', 88),
(650, 802, 130, 'randomDate', 137),
(651, 570, 131, 'randomDate', 144),
(652, 570, 131, 'randomDate', 142),
(653, 570, 131, 'randomDate', 164),
(654, 570, 131, 'randomDate', 57),
(655, 570, 131, 'randomDate', 171),
(656, 890, 132, 'randomDate', 76),
(657, 890, 132, 'randomDate', 96),
(658, 890, 132, 'randomDate', 171),
(659, 890, 132, 'randomDate', 59),
(660, 890, 132, 'randomDate', 88),
(661, 1070, 133, 'randomDate', 114),
(662, 1070, 133, 'randomDate', 82),
(663, 1070, 133, 'randomDate', 36),
(664, 1070, 133, 'randomDate', 112),
(665, 1070, 133, 'randomDate', 12),
(666, 117, 134, 'randomDate', 18),
(667, 117, 134, 'randomDate', 73),
(668, 117, 134, 'randomDate', 105),
(669, 117, 134, 'randomDate', 42),
(670, 117, 134, 'randomDate', 78),
(671, 458, 135, 'randomDate', 107),
(672, 458, 135, 'randomDate', 83),
(673, 458, 135, 'randomDate', 103),
(674, 458, 135, 'randomDate', 11),
(675, 458, 135, 'randomDate', 130),
(676, 518, 136, 'randomDate', 25),
(677, 518, 136, 'randomDate', 145),
(678, 518, 136, 'randomDate', 58),
(679, 518, 136, 'randomDate', 52),
(680, 518, 136, 'randomDate', 66),
(681, 335, 137, 'randomDate', 56),
(682, 335, 137, 'randomDate', 74),
(683, 335, 137, 'randomDate', 70),
(684, 335, 137, 'randomDate', 71),
(685, 335, 137, 'randomDate', 132),
(686, 1205, 138, 'randomDate', 138),
(687, 1205, 138, 'randomDate', 5),
(688, 1205, 138, 'randomDate', 183),
(689, 1205, 138, 'randomDate', 89),
(690, 1205, 138, 'randomDate', 66),
(691, 439, 139, 'randomDate', 29),
(692, 439, 139, 'randomDate', 51),
(693, 439, 139, 'randomDate', 186),
(694, 439, 139, 'randomDate', 142),
(695, 439, 139, 'randomDate', 132),
(696, 1102, 140, 'randomDate', 149),
(697, 1102, 140, 'randomDate', 19),
(698, 1102, 140, 'randomDate', 46),
(699, 1102, 140, 'randomDate', 133),
(700, 1102, 140, 'randomDate', 130),
(701, 167, 141, 'randomDate', 43),
(702, 167, 141, 'randomDate', 190),
(703, 167, 141, 'randomDate', 51),
(704, 167, 141, 'randomDate', 168),
(705, 167, 141, 'randomDate', 143),
(706, 459, 142, 'randomDate', 92),
(707, 459, 142, 'randomDate', 91),
(708, 459, 142, 'randomDate', 172),
(709, 459, 142, 'randomDate', 190),
(710, 459, 142, 'randomDate', 3),
(711, 94, 143, 'randomDate', 149),
(712, 94, 143, 'randomDate', 9),
(713, 94, 143, 'randomDate', 99),
(714, 94, 143, 'randomDate', 25),
(715, 94, 143, 'randomDate', 126),
(716, 1161, 144, 'randomDate', 31),
(717, 1161, 144, 'randomDate', 86),
(718, 1161, 144, 'randomDate', 6),
(719, 1161, 144, 'randomDate', 127),
(720, 1161, 144, 'randomDate', 50),
(721, 1060, 145, 'randomDate', 53),
(722, 1060, 145, 'randomDate', 24),
(723, 1060, 145, 'randomDate', 137),
(724, 1060, 145, 'randomDate', 109),
(725, 1060, 145, 'randomDate', 79),
(726, 954, 146, 'randomDate', 29),
(727, 954, 146, 'randomDate', 137),
(728, 954, 146, 'randomDate', 169),
(729, 954, 146, 'randomDate', 88),
(730, 954, 146, 'randomDate', 147),
(731, 829, 147, 'randomDate', 149),
(732, 829, 147, 'randomDate', 40),
(733, 829, 147, 'randomDate', 99),
(734, 829, 147, 'randomDate', 127),
(735, 829, 147, 'randomDate', 154),
(736, 1038, 148, 'randomDate', 193),
(737, 1038, 148, 'randomDate', 12),
(738, 1038, 148, 'randomDate', 192),
(739, 1038, 148, 'randomDate', 12),
(740, 1038, 148, 'randomDate', 63),
(741, 470, 149, 'randomDate', 133),
(742, 470, 149, 'randomDate', 165),
(743, 470, 149, 'randomDate', 131),
(744, 470, 149, 'randomDate', 64),
(745, 470, 149, 'randomDate', 32),
(746, 298, 150, 'randomDate', 90),
(747, 298, 150, 'randomDate', 126),
(748, 298, 150, 'randomDate', 78),
(749, 298, 150, 'randomDate', 170),
(750, 298, 150, 'randomDate', 144),
(751, 1011, 151, 'randomDate', 107),
(752, 1011, 151, 'randomDate', 22),
(753, 1011, 151, 'randomDate', 119),
(754, 1011, 151, 'randomDate', 118),
(755, 1011, 151, 'randomDate', 79),
(756, 466, 152, 'randomDate', 192),
(757, 466, 152, 'randomDate', 154),
(758, 466, 152, 'randomDate', 14),
(759, 466, 152, 'randomDate', 172),
(760, 466, 152, 'randomDate', 155),
(761, 105, 153, 'randomDate', 125),
(762, 105, 153, 'randomDate', 16),
(763, 105, 153, 'randomDate', 198),
(764, 105, 153, 'randomDate', 183),
(765, 105, 153, 'randomDate', 73),
(766, 352, 154, 'randomDate', 190),
(767, 352, 154, 'randomDate', 19),
(768, 352, 154, 'randomDate', 106),
(769, 352, 154, 'randomDate', 78),
(770, 352, 154, 'randomDate', 159),
(771, 831, 155, 'randomDate', 36),
(772, 831, 155, 'randomDate', 27),
(773, 831, 155, 'randomDate', 192),
(774, 831, 155, 'randomDate', 163),
(775, 831, 155, 'randomDate', 134),
(776, 1003, 156, 'randomDate', 73),
(777, 1003, 156, 'randomDate', 80),
(778, 1003, 156, 'randomDate', 29),
(779, 1003, 156, 'randomDate', 76),
(780, 1003, 156, 'randomDate', 122),
(781, 1067, 157, 'randomDate', 26),
(782, 1067, 157, 'randomDate', 42),
(783, 1067, 157, 'randomDate', 79),
(784, 1067, 157, 'randomDate', 171),
(785, 1067, 157, 'randomDate', 118),
(786, 1153, 158, 'randomDate', 123),
(787, 1153, 158, 'randomDate', 10),
(788, 1153, 158, 'randomDate', 182),
(789, 1153, 158, 'randomDate', 130),
(790, 1153, 158, 'randomDate', 11),
(791, 1084, 159, 'randomDate', 77),
(792, 1084, 159, 'randomDate', 108),
(793, 1084, 159, 'randomDate', 135),
(794, 1084, 159, 'randomDate', 156),
(795, 1084, 159, 'randomDate', 113),
(796, 1167, 160, 'randomDate', 162),
(797, 1167, 160, 'randomDate', 130),
(798, 1167, 160, 'randomDate', 148),
(799, 1167, 160, 'randomDate', 108),
(800, 1167, 160, 'randomDate', 168),
(801, 204, 161, 'randomDate', 46),
(802, 204, 161, 'randomDate', 122),
(803, 204, 161, 'randomDate', 26),
(804, 204, 161, 'randomDate', 70),
(805, 204, 161, 'randomDate', 18),
(806, 917, 162, 'randomDate', 130),
(807, 917, 162, 'randomDate', 20),
(808, 917, 162, 'randomDate', 146),
(809, 917, 162, 'randomDate', 19),
(810, 917, 162, 'randomDate', 103),
(811, 747, 163, 'randomDate', 142),
(812, 747, 163, 'randomDate', 149),
(813, 747, 163, 'randomDate', 30),
(814, 747, 163, 'randomDate', 26),
(815, 747, 163, 'randomDate', 136),
(816, 85, 164, 'randomDate', 198),
(817, 85, 164, 'randomDate', 85),
(818, 85, 164, 'randomDate', 187),
(819, 85, 164, 'randomDate', 54),
(820, 85, 164, 'randomDate', 23),
(821, 1047, 165, 'randomDate', 101),
(822, 1047, 165, 'randomDate', 99),
(823, 1047, 165, 'randomDate', 45),
(824, 1047, 165, 'randomDate', 84),
(825, 1047, 165, 'randomDate', 163),
(826, 897, 166, 'randomDate', 171),
(827, 897, 166, 'randomDate', 17),
(828, 897, 166, 'randomDate', 120),
(829, 897, 166, 'randomDate', 116),
(830, 897, 166, 'randomDate', 190),
(831, 616, 167, 'randomDate', 53),
(832, 616, 167, 'randomDate', 88),
(833, 616, 167, 'randomDate', 145),
(834, 616, 167, 'randomDate', 50),
(835, 616, 167, 'randomDate', 199),
(836, 1136, 168, 'randomDate', 90),
(837, 1136, 168, 'randomDate', 145),
(838, 1136, 168, 'randomDate', 185),
(839, 1136, 168, 'randomDate', 85),
(840, 1136, 168, 'randomDate', 53),
(841, 445, 169, 'randomDate', 184),
(842, 445, 169, 'randomDate', 181),
(843, 445, 169, 'randomDate', 51),
(844, 445, 169, 'randomDate', 20),
(845, 445, 169, 'randomDate', 102),
(846, 523, 170, 'randomDate', 65),
(847, 523, 170, 'randomDate', 44),
(848, 523, 170, 'randomDate', 129),
(849, 523, 170, 'randomDate', 165),
(850, 523, 170, 'randomDate', 169),
(851, 881, 171, 'randomDate', 128),
(852, 881, 171, 'randomDate', 71),
(853, 881, 171, 'randomDate', 156),
(854, 881, 171, 'randomDate', 78),
(855, 881, 171, 'randomDate', 167),
(856, 1018, 172, 'randomDate', 145),
(857, 1018, 172, 'randomDate', 53),
(858, 1018, 172, 'randomDate', 127),
(859, 1018, 172, 'randomDate', 103),
(860, 1018, 172, 'randomDate', 171),
(861, 714, 173, 'randomDate', 188),
(862, 714, 173, 'randomDate', 22),
(863, 714, 173, 'randomDate', 52),
(864, 714, 173, 'randomDate', 197),
(865, 714, 173, 'randomDate', 92),
(866, 1049, 174, 'randomDate', 121),
(867, 1049, 174, 'randomDate', 110),
(868, 1049, 174, 'randomDate', 115),
(869, 1049, 174, 'randomDate', 86),
(870, 1049, 174, 'randomDate', 55),
(871, 1125, 175, 'randomDate', 162),
(872, 1125, 175, 'randomDate', 53),
(873, 1125, 175, 'randomDate', 174),
(874, 1125, 175, 'randomDate', 96),
(875, 1125, 175, 'randomDate', 83),
(876, 678, 176, 'randomDate', 69),
(877, 678, 176, 'randomDate', 14),
(878, 678, 176, 'randomDate', 168),
(879, 678, 176, 'randomDate', 7),
(880, 678, 176, 'randomDate', 82),
(881, 1132, 177, 'randomDate', 180),
(882, 1132, 177, 'randomDate', 125),
(883, 1132, 177, 'randomDate', 174),
(884, 1132, 177, 'randomDate', 181),
(885, 1132, 177, 'randomDate', 105),
(886, 689, 178, 'randomDate', 125),
(887, 689, 178, 'randomDate', 57),
(888, 689, 178, 'randomDate', 159),
(889, 689, 178, 'randomDate', 21),
(890, 689, 178, 'randomDate', 193),
(891, 323, 179, 'randomDate', 39),
(892, 323, 179, 'randomDate', 77),
(893, 323, 179, 'randomDate', 69),
(894, 323, 179, 'randomDate', 140),
(895, 323, 179, 'randomDate', 148),
(896, 460, 180, 'randomDate', 189),
(897, 460, 180, 'randomDate', 92),
(898, 460, 180, 'randomDate', 110),
(899, 460, 180, 'randomDate', 133),
(900, 460, 180, 'randomDate', 149),
(901, 371, 181, 'randomDate', 166),
(902, 371, 181, 'randomDate', 45),
(903, 371, 181, 'randomDate', 174),
(904, 371, 181, 'randomDate', 146),
(905, 371, 181, 'randomDate', 134),
(906, 698, 182, 'randomDate', 137),
(907, 698, 182, 'randomDate', 106),
(908, 698, 182, 'randomDate', 173),
(909, 698, 182, 'randomDate', 117),
(910, 698, 182, 'randomDate', 52),
(911, 486, 183, 'randomDate', 42),
(912, 486, 183, 'randomDate', 125),
(913, 486, 183, 'randomDate', 172),
(914, 486, 183, 'randomDate', 69),
(915, 486, 183, 'randomDate', 145),
(916, 97, 184, 'randomDate', 118),
(917, 97, 184, 'randomDate', 118),
(918, 97, 184, 'randomDate', 14),
(919, 97, 184, 'randomDate', 169),
(920, 97, 184, 'randomDate', 172),
(921, 139, 185, 'randomDate', 36),
(922, 139, 185, 'randomDate', 29),
(923, 139, 185, 'randomDate', 155),
(924, 139, 185, 'randomDate', 122),
(925, 139, 185, 'randomDate', 196),
(926, 505, 186, 'randomDate', 120),
(927, 505, 186, 'randomDate', 76),
(928, 505, 186, 'randomDate', 151),
(929, 505, 186, 'randomDate', 111),
(930, 505, 186, 'randomDate', 79),
(931, 590, 187, 'randomDate', 147),
(932, 590, 187, 'randomDate', 166),
(933, 590, 187, 'randomDate', 177),
(934, 590, 187, 'randomDate', 153),
(935, 590, 187, 'randomDate', 174),
(936, 1146, 188, 'randomDate', 196),
(937, 1146, 188, 'randomDate', 94),
(938, 1146, 188, 'randomDate', 149),
(939, 1146, 188, 'randomDate', 147),
(940, 1146, 188, 'randomDate', 63),
(941, 323, 189, 'randomDate', 27),
(942, 323, 189, 'randomDate', 128),
(943, 323, 189, 'randomDate', 87),
(944, 323, 189, 'randomDate', 149),
(945, 323, 189, 'randomDate', 13),
(946, 148, 190, 'randomDate', 15),
(947, 148, 190, 'randomDate', 65),
(948, 148, 190, 'randomDate', 134),
(949, 148, 190, 'randomDate', 74),
(950, 148, 190, 'randomDate', 140),
(951, 217, 191, 'randomDate', 180),
(952, 217, 191, 'randomDate', 158),
(953, 217, 191, 'randomDate', 184),
(954, 217, 191, 'randomDate', 17),
(955, 217, 191, 'randomDate', 157),
(956, 912, 192, 'randomDate', 148),
(957, 912, 192, 'randomDate', 99),
(958, 912, 192, 'randomDate', 123),
(959, 912, 192, 'randomDate', 34),
(960, 912, 192, 'randomDate', 13),
(961, 200, 193, 'randomDate', 24),
(962, 200, 193, 'randomDate', 165),
(963, 200, 193, 'randomDate', 189),
(964, 200, 193, 'randomDate', 31),
(965, 200, 193, 'randomDate', 49),
(966, 272, 194, 'randomDate', 21),
(967, 272, 194, 'randomDate', 187),
(968, 272, 194, 'randomDate', 101),
(969, 272, 194, 'randomDate', 30),
(970, 272, 194, 'randomDate', 81),
(971, 772, 195, 'randomDate', 199),
(972, 772, 195, 'randomDate', 138),
(973, 772, 195, 'randomDate', 77),
(974, 772, 195, 'randomDate', 94),
(975, 772, 195, 'randomDate', 56),
(976, 950, 196, 'randomDate', 175),
(977, 950, 196, 'randomDate', 165),
(978, 950, 196, 'randomDate', 89),
(979, 950, 196, 'randomDate', 57),
(980, 950, 196, 'randomDate', 45),
(981, 873, 197, 'randomDate', 17),
(982, 873, 197, 'randomDate', 99),
(983, 873, 197, 'randomDate', 135),
(984, 873, 197, 'randomDate', 163),
(985, 873, 197, 'randomDate', 47),
(986, 917, 198, 'randomDate', 120),
(987, 917, 198, 'randomDate', 96),
(988, 917, 198, 'randomDate', 149),
(989, 917, 198, 'randomDate', 25),
(990, 917, 198, 'randomDate', 152),
(991, 622, 199, 'randomDate', 121),
(992, 622, 199, 'randomDate', 10),
(993, 622, 199, 'randomDate', 17),
(994, 622, 199, 'randomDate', 195),
(995, 622, 199, 'randomDate', 42),
(996, 995, 200, 'randomDate', 175),
(997, 995, 200, 'randomDate', 173),
(998, 995, 200, 'randomDate', 159),
(999, 995, 200, 'randomDate', 186),
(1000, 995, 200, 'randomDate', 113),
(1001, 403, 201, 'randomDate', 63),
(1002, 403, 201, 'randomDate', 152),
(1003, 403, 201, 'randomDate', 149),
(1004, 403, 201, 'randomDate', 86),
(1005, 403, 201, 'randomDate', 80),
(1006, 296, 202, 'randomDate', 180),
(1007, 296, 202, 'randomDate', 146),
(1008, 296, 202, 'randomDate', 62),
(1009, 296, 202, 'randomDate', 1),
(1010, 296, 202, 'randomDate', 79),
(1011, 1172, 203, 'randomDate', 102),
(1012, 1172, 203, 'randomDate', 91),
(1013, 1172, 203, 'randomDate', 48),
(1014, 1172, 203, 'randomDate', 118),
(1015, 1172, 203, 'randomDate', 55),
(1016, 174, 204, 'randomDate', 21),
(1017, 174, 204, 'randomDate', 5),
(1018, 174, 204, 'randomDate', 79),
(1019, 174, 204, 'randomDate', 86),
(1020, 174, 204, 'randomDate', 109),
(1021, 1109, 205, 'randomDate', 163),
(1022, 1109, 205, 'randomDate', 40),
(1023, 1109, 205, 'randomDate', 52),
(1024, 1109, 205, 'randomDate', 69),
(1025, 1109, 205, 'randomDate', 164),
(1026, 879, 206, 'randomDate', 7),
(1027, 879, 206, 'randomDate', 64),
(1028, 879, 206, 'randomDate', 85),
(1029, 879, 206, 'randomDate', 30),
(1030, 879, 206, 'randomDate', 129),
(1031, 789, 207, 'randomDate', 42),
(1032, 789, 207, 'randomDate', 184),
(1033, 789, 207, 'randomDate', 170),
(1034, 789, 207, 'randomDate', 102),
(1035, 789, 207, 'randomDate', 116),
(1036, 651, 208, 'randomDate', 151),
(1037, 651, 208, 'randomDate', 40),
(1038, 651, 208, 'randomDate', 170),
(1039, 651, 208, 'randomDate', 29),
(1040, 651, 208, 'randomDate', 69),
(1041, 1053, 209, 'randomDate', 119),
(1042, 1053, 209, 'randomDate', 185),
(1043, 1053, 209, 'randomDate', 113),
(1044, 1053, 209, 'randomDate', 170),
(1045, 1053, 209, 'randomDate', 63),
(1046, 881, 210, 'randomDate', 19),
(1047, 881, 210, 'randomDate', 194),
(1048, 881, 210, 'randomDate', 73),
(1049, 881, 210, 'randomDate', 72),
(1050, 881, 210, 'randomDate', 73),
(1051, 879, 211, 'randomDate', 15),
(1052, 879, 211, 'randomDate', 185),
(1053, 879, 211, 'randomDate', 40),
(1054, 879, 211, 'randomDate', 71),
(1055, 879, 211, 'randomDate', 28),
(1056, 338, 212, 'randomDate', 77),
(1057, 338, 212, 'randomDate', 29),
(1058, 338, 212, 'randomDate', 92),
(1059, 338, 212, 'randomDate', 80),
(1060, 338, 212, 'randomDate', 154),
(1061, 121, 213, 'randomDate', 196),
(1062, 121, 213, 'randomDate', 76),
(1063, 121, 213, 'randomDate', 7),
(1064, 121, 213, 'randomDate', 156),
(1065, 121, 213, 'randomDate', 194),
(1066, 338, 214, 'randomDate', 81),
(1067, 338, 214, 'randomDate', 44),
(1068, 338, 214, 'randomDate', 169),
(1069, 338, 214, 'randomDate', 121),
(1070, 338, 214, 'randomDate', 184),
(1071, 1023, 215, 'randomDate', 143),
(1072, 1023, 215, 'randomDate', 7),
(1073, 1023, 215, 'randomDate', 18),
(1074, 1023, 215, 'randomDate', 153),
(1075, 1023, 215, 'randomDate', 51),
(1076, 184, 216, 'randomDate', 190),
(1077, 184, 216, 'randomDate', 197),
(1078, 184, 216, 'randomDate', 162),
(1079, 184, 216, 'randomDate', 165),
(1080, 184, 216, 'randomDate', 134),
(1081, 22, 217, 'randomDate', 38),
(1082, 22, 217, 'randomDate', 10),
(1083, 22, 217, 'randomDate', 178),
(1084, 22, 217, 'randomDate', 163),
(1085, 22, 217, 'randomDate', 38),
(1086, 1113, 218, 'randomDate', 166),
(1087, 1113, 218, 'randomDate', 106),
(1088, 1113, 218, 'randomDate', 134),
(1089, 1113, 218, 'randomDate', 195),
(1090, 1113, 218, 'randomDate', 77),
(1091, 197, 219, 'randomDate', 140),
(1092, 197, 219, 'randomDate', 24),
(1093, 197, 219, 'randomDate', 106),
(1094, 197, 219, 'randomDate', 18),
(1095, 197, 219, 'randomDate', 70),
(1096, 531, 220, 'randomDate', 163),
(1097, 531, 220, 'randomDate', 11),
(1098, 531, 220, 'randomDate', 62),
(1099, 531, 220, 'randomDate', 180),
(1100, 531, 220, 'randomDate', 53),
(1101, 642, 221, 'randomDate', 110),
(1102, 642, 221, 'randomDate', 140),
(1103, 642, 221, 'randomDate', 59),
(1104, 642, 221, 'randomDate', 60),
(1105, 642, 221, 'randomDate', 80),
(1106, 813, 222, 'randomDate', 84),
(1107, 813, 222, 'randomDate', 16),
(1108, 813, 222, 'randomDate', 74),
(1109, 813, 222, 'randomDate', 132),
(1110, 813, 222, 'randomDate', 90),
(1111, 413, 223, 'randomDate', 171),
(1112, 413, 223, 'randomDate', 132),
(1113, 413, 223, 'randomDate', 24),
(1114, 413, 223, 'randomDate', 62),
(1115, 413, 223, 'randomDate', 24),
(1116, 1112, 224, 'randomDate', 175),
(1117, 1112, 224, 'randomDate', 160),
(1118, 1112, 224, 'randomDate', 55),
(1119, 1112, 224, 'randomDate', 93),
(1120, 1112, 224, 'randomDate', 111),
(1121, 45, 225, 'randomDate', 63),
(1122, 45, 225, 'randomDate', 143),
(1123, 45, 225, 'randomDate', 197),
(1124, 45, 225, 'randomDate', 13),
(1125, 45, 225, 'randomDate', 42),
(1126, 84, 226, 'randomDate', 173),
(1127, 84, 226, 'randomDate', 68),
(1128, 84, 226, 'randomDate', 161),
(1129, 84, 226, 'randomDate', 148),
(1130, 84, 226, 'randomDate', 9),
(1131, 645, 227, 'randomDate', 59),
(1132, 645, 227, 'randomDate', 56),
(1133, 645, 227, 'randomDate', 38),
(1134, 645, 227, 'randomDate', 69),
(1135, 645, 227, 'randomDate', 57),
(1136, 1055, 228, 'randomDate', 90),
(1137, 1055, 228, 'randomDate', 190),
(1138, 1055, 228, 'randomDate', 58),
(1139, 1055, 228, 'randomDate', 107),
(1140, 1055, 228, 'randomDate', 130),
(1141, 546, 229, 'randomDate', 160),
(1142, 546, 229, 'randomDate', 62),
(1143, 546, 229, 'randomDate', 25),
(1144, 546, 229, 'randomDate', 127),
(1145, 546, 229, 'randomDate', 85),
(1146, 178, 230, 'randomDate', 135),
(1147, 178, 230, 'randomDate', 119),
(1148, 178, 230, 'randomDate', 184),
(1149, 178, 230, 'randomDate', 200),
(1150, 178, 230, 'randomDate', 7),
(1151, 476, 231, 'randomDate', 55),
(1152, 476, 231, 'randomDate', 72),
(1153, 476, 231, 'randomDate', 131),
(1154, 476, 231, 'randomDate', 166),
(1155, 476, 231, 'randomDate', 124),
(1156, 94, 232, 'randomDate', 42),
(1157, 94, 232, 'randomDate', 32),
(1158, 94, 232, 'randomDate', 10),
(1159, 94, 232, 'randomDate', 105),
(1160, 94, 232, 'randomDate', 117),
(1161, 210, 233, 'randomDate', 80),
(1162, 210, 233, 'randomDate', 180),
(1163, 210, 233, 'randomDate', 16),
(1164, 210, 233, 'randomDate', 175),
(1165, 210, 233, 'randomDate', 191),
(1166, 525, 234, 'randomDate', 152),
(1167, 525, 234, 'randomDate', 22),
(1168, 525, 234, 'randomDate', 1),
(1169, 525, 234, 'randomDate', 92),
(1170, 525, 234, 'randomDate', 66),
(1171, 96, 235, 'randomDate', 26),
(1172, 96, 235, 'randomDate', 55),
(1173, 96, 235, 'randomDate', 166),
(1174, 96, 235, 'randomDate', 117),
(1175, 96, 235, 'randomDate', 184),
(1176, 1001, 236, 'randomDate', 4),
(1177, 1001, 236, 'randomDate', 70),
(1178, 1001, 236, 'randomDate', 195),
(1179, 1001, 236, 'randomDate', 59),
(1180, 1001, 236, 'randomDate', 166),
(1181, 137, 237, 'randomDate', 137),
(1182, 137, 237, 'randomDate', 40),
(1183, 137, 237, 'randomDate', 153),
(1184, 137, 237, 'randomDate', 89),
(1185, 137, 237, 'randomDate', 8),
(1186, 1165, 238, 'randomDate', 195),
(1187, 1165, 238, 'randomDate', 104),
(1188, 1165, 238, 'randomDate', 58),
(1189, 1165, 238, 'randomDate', 123),
(1190, 1165, 238, 'randomDate', 83),
(1191, 302, 239, 'randomDate', 94),
(1192, 302, 239, 'randomDate', 190),
(1193, 302, 239, 'randomDate', 41),
(1194, 302, 239, 'randomDate', 32),
(1195, 302, 239, 'randomDate', 148),
(1196, 1079, 240, 'randomDate', 80),
(1197, 1079, 240, 'randomDate', 48),
(1198, 1079, 240, 'randomDate', 8),
(1199, 1079, 240, 'randomDate', 42),
(1200, 1079, 240, 'randomDate', 99),
(1201, 821, 241, 'randomDate', 3),
(1202, 821, 241, 'randomDate', 47),
(1203, 821, 241, 'randomDate', 43),
(1204, 821, 241, 'randomDate', 169),
(1205, 821, 241, 'randomDate', 8),
(1206, 312, 242, 'randomDate', 185),
(1207, 312, 242, 'randomDate', 79),
(1208, 312, 242, 'randomDate', 180),
(1209, 312, 242, 'randomDate', 34),
(1210, 312, 242, 'randomDate', 38),
(1211, 69, 243, 'randomDate', 66),
(1212, 69, 243, 'randomDate', 20),
(1213, 69, 243, 'randomDate', 69),
(1214, 69, 243, 'randomDate', 173),
(1215, 69, 243, 'randomDate', 196),
(1216, 671, 244, 'randomDate', 200),
(1217, 671, 244, 'randomDate', 9),
(1218, 671, 244, 'randomDate', 2),
(1219, 671, 244, 'randomDate', 64),
(1220, 671, 244, 'randomDate', 55),
(1221, 934, 245, 'randomDate', 184),
(1222, 934, 245, 'randomDate', 43),
(1223, 934, 245, 'randomDate', 93),
(1224, 934, 245, 'randomDate', 175),
(1225, 934, 245, 'randomDate', 50),
(1226, 435, 246, 'randomDate', 20),
(1227, 435, 246, 'randomDate', 1),
(1228, 435, 246, 'randomDate', 153),
(1229, 435, 246, 'randomDate', 87),
(1230, 435, 246, 'randomDate', 162),
(1231, 194, 247, 'randomDate', 138),
(1232, 194, 247, 'randomDate', 18),
(1233, 194, 247, 'randomDate', 22),
(1234, 194, 247, 'randomDate', 22),
(1235, 194, 247, 'randomDate', 35),
(1236, 726, 248, 'randomDate', 94),
(1237, 726, 248, 'randomDate', 180),
(1238, 726, 248, 'randomDate', 16),
(1239, 726, 248, 'randomDate', 71),
(1240, 726, 248, 'randomDate', 149),
(1241, 968, 249, 'randomDate', 113),
(1242, 968, 249, 'randomDate', 29),
(1243, 968, 249, 'randomDate', 162),
(1244, 968, 249, 'randomDate', 18),
(1245, 968, 249, 'randomDate', 159),
(1246, 963, 250, 'randomDate', 195),
(1247, 963, 250, 'randomDate', 20),
(1248, 963, 250, 'randomDate', 139),
(1249, 963, 250, 'randomDate', 53),
(1250, 963, 250, 'randomDate', 49),
(1251, 867, 251, 'randomDate', 71),
(1252, 867, 251, 'randomDate', 156),
(1253, 867, 251, 'randomDate', 133),
(1254, 867, 251, 'randomDate', 148),
(1255, 867, 251, 'randomDate', 112),
(1256, 370, 252, 'randomDate', 78),
(1257, 370, 252, 'randomDate', 165),
(1258, 370, 252, 'randomDate', 151),
(1259, 370, 252, 'randomDate', 38),
(1260, 370, 252, 'randomDate', 41),
(1261, 809, 253, 'randomDate', 33),
(1262, 809, 253, 'randomDate', 9),
(1263, 809, 253, 'randomDate', 165),
(1264, 809, 253, 'randomDate', 177),
(1265, 809, 253, 'randomDate', 173),
(1266, 720, 254, 'randomDate', 73),
(1267, 720, 254, 'randomDate', 81),
(1268, 720, 254, 'randomDate', 83),
(1269, 720, 254, 'randomDate', 50),
(1270, 720, 254, 'randomDate', 20),
(1271, 456, 255, 'randomDate', 77),
(1272, 456, 255, 'randomDate', 141),
(1273, 456, 255, 'randomDate', 15),
(1274, 456, 255, 'randomDate', 167),
(1275, 456, 255, 'randomDate', 10),
(1276, 553, 256, 'randomDate', 57),
(1277, 553, 256, 'randomDate', 99),
(1278, 553, 256, 'randomDate', 67),
(1279, 553, 256, 'randomDate', 25),
(1280, 553, 256, 'randomDate', 47),
(1281, 952, 257, 'randomDate', 74),
(1282, 952, 257, 'randomDate', 48),
(1283, 952, 257, 'randomDate', 50),
(1284, 952, 257, 'randomDate', 79),
(1285, 952, 257, 'randomDate', 147),
(1286, 351, 258, 'randomDate', 139),
(1287, 351, 258, 'randomDate', 169),
(1288, 351, 258, 'randomDate', 32),
(1289, 351, 258, 'randomDate', 58),
(1290, 351, 258, 'randomDate', 109),
(1291, 366, 259, 'randomDate', 185),
(1292, 366, 259, 'randomDate', 78),
(1293, 366, 259, 'randomDate', 57),
(1294, 366, 259, 'randomDate', 189),
(1295, 366, 259, 'randomDate', 175),
(1296, 402, 260, 'randomDate', 148),
(1297, 402, 260, 'randomDate', 61),
(1298, 402, 260, 'randomDate', 76),
(1299, 402, 260, 'randomDate', 53),
(1300, 402, 260, 'randomDate', 188),
(1301, 68, 261, 'randomDate', 128),
(1302, 68, 261, 'randomDate', 184),
(1303, 68, 261, 'randomDate', 94),
(1304, 68, 261, 'randomDate', 45),
(1305, 68, 261, 'randomDate', 39),
(1306, 1109, 262, 'randomDate', 64),
(1307, 1109, 262, 'randomDate', 44),
(1308, 1109, 262, 'randomDate', 60),
(1309, 1109, 262, 'randomDate', 191),
(1310, 1109, 262, 'randomDate', 116),
(1311, 178, 263, 'randomDate', 58),
(1312, 178, 263, 'randomDate', 22),
(1313, 178, 263, 'randomDate', 105),
(1314, 178, 263, 'randomDate', 189),
(1315, 178, 263, 'randomDate', 88),
(1316, 864, 264, 'randomDate', 139),
(1317, 864, 264, 'randomDate', 99),
(1318, 864, 264, 'randomDate', 8),
(1319, 864, 264, 'randomDate', 43),
(1320, 864, 264, 'randomDate', 22),
(1321, 1080, 265, 'randomDate', 6),
(1322, 1080, 265, 'randomDate', 82),
(1323, 1080, 265, 'randomDate', 163),
(1324, 1080, 265, 'randomDate', 73),
(1325, 1080, 265, 'randomDate', 15),
(1326, 1210, 266, 'randomDate', 172),
(1327, 1210, 266, 'randomDate', 149),
(1328, 1210, 266, 'randomDate', 135),
(1329, 1210, 266, 'randomDate', 87),
(1330, 1210, 266, 'randomDate', 176),
(1331, 83, 267, 'randomDate', 187),
(1332, 83, 267, 'randomDate', 28),
(1333, 83, 267, 'randomDate', 170),
(1334, 83, 267, 'randomDate', 58),
(1335, 83, 267, 'randomDate', 87),
(1336, 1069, 268, 'randomDate', 89),
(1337, 1069, 268, 'randomDate', 59),
(1338, 1069, 268, 'randomDate', 121),
(1339, 1069, 268, 'randomDate', 169),
(1340, 1069, 268, 'randomDate', 136),
(1341, 229, 269, 'randomDate', 166),
(1342, 229, 269, 'randomDate', 70),
(1343, 229, 269, 'randomDate', 25),
(1344, 229, 269, 'randomDate', 144),
(1345, 229, 269, 'randomDate', 37),
(1346, 692, 270, 'randomDate', 197),
(1347, 692, 270, 'randomDate', 174),
(1348, 692, 270, 'randomDate', 180),
(1349, 692, 270, 'randomDate', 185),
(1350, 692, 270, 'randomDate', 66),
(1351, 877, 271, 'randomDate', 171),
(1352, 877, 271, 'randomDate', 161),
(1353, 877, 271, 'randomDate', 143),
(1354, 877, 271, 'randomDate', 66),
(1355, 877, 271, 'randomDate', 72),
(1356, 748, 272, 'randomDate', 135),
(1357, 748, 272, 'randomDate', 71),
(1358, 748, 272, 'randomDate', 61),
(1359, 748, 272, 'randomDate', 62),
(1360, 748, 272, 'randomDate', 28),
(1361, 438, 273, 'randomDate', 98),
(1362, 438, 273, 'randomDate', 170),
(1363, 438, 273, 'randomDate', 141),
(1364, 438, 273, 'randomDate', 30),
(1365, 438, 273, 'randomDate', 50),
(1366, 199, 274, 'randomDate', 146),
(1367, 199, 274, 'randomDate', 113),
(1368, 199, 274, 'randomDate', 148),
(1369, 199, 274, 'randomDate', 6),
(1370, 199, 274, 'randomDate', 50),
(1371, 321, 275, 'randomDate', 8),
(1372, 321, 275, 'randomDate', 146),
(1373, 321, 275, 'randomDate', 194),
(1374, 321, 275, 'randomDate', 46),
(1375, 321, 275, 'randomDate', 3),
(1376, 246, 276, 'randomDate', 68),
(1377, 246, 276, 'randomDate', 63),
(1378, 246, 276, 'randomDate', 130),
(1379, 246, 276, 'randomDate', 84),
(1380, 246, 276, 'randomDate', 23),
(1381, 380, 277, 'randomDate', 175),
(1382, 380, 277, 'randomDate', 151),
(1383, 380, 277, 'randomDate', 104),
(1384, 380, 277, 'randomDate', 135),
(1385, 380, 277, 'randomDate', 73),
(1386, 986, 278, 'randomDate', 72),
(1387, 986, 278, 'randomDate', 29),
(1388, 986, 278, 'randomDate', 37),
(1389, 986, 278, 'randomDate', 1),
(1390, 986, 278, 'randomDate', 161),
(1391, 428, 279, 'randomDate', 36),
(1392, 428, 279, 'randomDate', 157),
(1393, 428, 279, 'randomDate', 146),
(1394, 428, 279, 'randomDate', 38),
(1395, 428, 279, 'randomDate', 167),
(1396, 509, 280, 'randomDate', 123),
(1397, 509, 280, 'randomDate', 65),
(1398, 509, 280, 'randomDate', 64),
(1399, 509, 280, 'randomDate', 146),
(1400, 509, 280, 'randomDate', 29),
(1401, 546, 281, 'randomDate', 189),
(1402, 546, 281, 'randomDate', 58),
(1403, 546, 281, 'randomDate', 98),
(1404, 546, 281, 'randomDate', 1),
(1405, 546, 281, 'randomDate', 179),
(1406, 53, 282, 'randomDate', 166),
(1407, 53, 282, 'randomDate', 147),
(1408, 53, 282, 'randomDate', 137),
(1409, 53, 282, 'randomDate', 184),
(1410, 53, 282, 'randomDate', 198),
(1411, 171, 283, 'randomDate', 157),
(1412, 171, 283, 'randomDate', 167),
(1413, 171, 283, 'randomDate', 143),
(1414, 171, 283, 'randomDate', 164),
(1415, 171, 283, 'randomDate', 10),
(1416, 666, 284, 'randomDate', 36),
(1417, 666, 284, 'randomDate', 57),
(1418, 666, 284, 'randomDate', 21),
(1419, 666, 284, 'randomDate', 80),
(1420, 666, 284, 'randomDate', 53),
(1421, 825, 285, 'randomDate', 19),
(1422, 825, 285, 'randomDate', 35),
(1423, 825, 285, 'randomDate', 78),
(1424, 825, 285, 'randomDate', 48),
(1425, 825, 285, 'randomDate', 116),
(1426, 1081, 286, 'randomDate', 124),
(1427, 1081, 286, 'randomDate', 160),
(1428, 1081, 286, 'randomDate', 174),
(1429, 1081, 286, 'randomDate', 162),
(1430, 1081, 286, 'randomDate', 17),
(1431, 348, 287, 'randomDate', 116),
(1432, 348, 287, 'randomDate', 80),
(1433, 348, 287, 'randomDate', 10),
(1434, 348, 287, 'randomDate', 96),
(1435, 348, 287, 'randomDate', 133),
(1436, 450, 288, 'randomDate', 164),
(1437, 450, 288, 'randomDate', 79),
(1438, 450, 288, 'randomDate', 45),
(1439, 450, 288, 'randomDate', 157),
(1440, 450, 288, 'randomDate', 26),
(1441, 493, 289, 'randomDate', 105),
(1442, 493, 289, 'randomDate', 118),
(1443, 493, 289, 'randomDate', 98),
(1444, 493, 289, 'randomDate', 104),
(1445, 493, 289, 'randomDate', 113),
(1446, 1073, 290, 'randomDate', 112),
(1447, 1073, 290, 'randomDate', 34),
(1448, 1073, 290, 'randomDate', 103),
(1449, 1073, 290, 'randomDate', 91),
(1450, 1073, 290, 'randomDate', 195),
(1451, 1150, 291, 'randomDate', 113),
(1452, 1150, 291, 'randomDate', 21),
(1453, 1150, 291, 'randomDate', 94),
(1454, 1150, 291, 'randomDate', 140),
(1455, 1150, 291, 'randomDate', 83),
(1456, 203, 292, 'randomDate', 10),
(1457, 203, 292, 'randomDate', 123),
(1458, 203, 292, 'randomDate', 158),
(1459, 203, 292, 'randomDate', 161),
(1460, 203, 292, 'randomDate', 82),
(1461, 653, 293, 'randomDate', 26),
(1462, 653, 293, 'randomDate', 118),
(1463, 653, 293, 'randomDate', 143),
(1464, 653, 293, 'randomDate', 186),
(1465, 653, 293, 'randomDate', 94),
(1466, 66, 294, 'randomDate', 74),
(1467, 66, 294, 'randomDate', 19),
(1468, 66, 294, 'randomDate', 190),
(1469, 66, 294, 'randomDate', 145),
(1470, 66, 294, 'randomDate', 13),
(1471, 943, 295, 'randomDate', 84),
(1472, 943, 295, 'randomDate', 37),
(1473, 943, 295, 'randomDate', 182),
(1474, 943, 295, 'randomDate', 117),
(1475, 943, 295, 'randomDate', 200),
(1476, 875, 296, 'randomDate', 58),
(1477, 875, 296, 'randomDate', 139),
(1478, 875, 296, 'randomDate', 111),
(1479, 875, 296, 'randomDate', 86),
(1480, 875, 296, 'randomDate', 150),
(1481, 583, 297, 'randomDate', 19),
(1482, 583, 297, 'randomDate', 112),
(1483, 583, 297, 'randomDate', 140),
(1484, 583, 297, 'randomDate', 156),
(1485, 583, 297, 'randomDate', 18),
(1486, 1135, 298, 'randomDate', 51),
(1487, 1135, 298, 'randomDate', 127),
(1488, 1135, 298, 'randomDate', 186),
(1489, 1135, 298, 'randomDate', 189),
(1490, 1135, 298, 'randomDate', 121);
INSERT INTO `sales` (`sale_id`, `saleman_id`, `customer_id`, `sale_date`, `product_id`) VALUES
(1491, 1133, 299, 'randomDate', 136),
(1492, 1133, 299, 'randomDate', 133),
(1493, 1133, 299, 'randomDate', 152),
(1494, 1133, 299, 'randomDate', 6),
(1495, 1133, 299, 'randomDate', 187),
(1496, 377, 300, 'randomDate', 175),
(1497, 377, 300, 'randomDate', 72),
(1498, 377, 300, 'randomDate', 68),
(1499, 377, 300, 'randomDate', 100),
(1500, 377, 300, 'randomDate', 66),
(1501, 168, 301, 'randomDate', 173),
(1502, 168, 301, 'randomDate', 137),
(1503, 168, 301, 'randomDate', 74),
(1504, 168, 301, 'randomDate', 5),
(1505, 168, 301, 'randomDate', 15),
(1506, 674, 302, 'randomDate', 137),
(1507, 674, 302, 'randomDate', 139),
(1508, 674, 302, 'randomDate', 55),
(1509, 674, 302, 'randomDate', 42),
(1510, 674, 302, 'randomDate', 163),
(1511, 86, 303, 'randomDate', 124),
(1512, 86, 303, 'randomDate', 114),
(1513, 86, 303, 'randomDate', 30),
(1514, 86, 303, 'randomDate', 58),
(1515, 86, 303, 'randomDate', 151),
(1516, 873, 304, 'randomDate', 138),
(1517, 873, 304, 'randomDate', 53),
(1518, 873, 304, 'randomDate', 132),
(1519, 873, 304, 'randomDate', 35),
(1520, 873, 304, 'randomDate', 82),
(1521, 1118, 305, 'randomDate', 199),
(1522, 1118, 305, 'randomDate', 189),
(1523, 1118, 305, 'randomDate', 60),
(1524, 1118, 305, 'randomDate', 125),
(1525, 1118, 305, 'randomDate', 193),
(1526, 542, 306, 'randomDate', 41),
(1527, 542, 306, 'randomDate', 33),
(1528, 542, 306, 'randomDate', 149),
(1529, 542, 306, 'randomDate', 10),
(1530, 542, 306, 'randomDate', 139),
(1531, 422, 307, 'randomDate', 68),
(1532, 422, 307, 'randomDate', 35),
(1533, 422, 307, 'randomDate', 81),
(1534, 422, 307, 'randomDate', 179),
(1535, 422, 307, 'randomDate', 62),
(1536, 275, 308, 'randomDate', 165),
(1537, 275, 308, 'randomDate', 197),
(1538, 275, 308, 'randomDate', 160),
(1539, 275, 308, 'randomDate', 32),
(1540, 275, 308, 'randomDate', 165),
(1541, 889, 309, 'randomDate', 185),
(1542, 889, 309, 'randomDate', 3),
(1543, 889, 309, 'randomDate', 104),
(1544, 889, 309, 'randomDate', 135),
(1545, 889, 309, 'randomDate', 75),
(1546, 779, 310, 'randomDate', 51),
(1547, 779, 310, 'randomDate', 103),
(1548, 779, 310, 'randomDate', 52),
(1549, 779, 310, 'randomDate', 3),
(1550, 779, 310, 'randomDate', 192),
(1551, 510, 311, 'randomDate', 152),
(1552, 510, 311, 'randomDate', 145),
(1553, 510, 311, 'randomDate', 96),
(1554, 510, 311, 'randomDate', 128),
(1555, 510, 311, 'randomDate', 49),
(1556, 748, 312, 'randomDate', 19),
(1557, 748, 312, 'randomDate', 132),
(1558, 748, 312, 'randomDate', 70),
(1559, 748, 312, 'randomDate', 7),
(1560, 748, 312, 'randomDate', 114),
(1561, 1188, 313, 'randomDate', 76),
(1562, 1188, 313, 'randomDate', 153),
(1563, 1188, 313, 'randomDate', 144),
(1564, 1188, 313, 'randomDate', 100),
(1565, 1188, 313, 'randomDate', 123),
(1566, 813, 314, 'randomDate', 57),
(1567, 813, 314, 'randomDate', 127),
(1568, 813, 314, 'randomDate', 38),
(1569, 813, 314, 'randomDate', 52),
(1570, 813, 314, 'randomDate', 152),
(1571, 538, 315, 'randomDate', 91),
(1572, 538, 315, 'randomDate', 93),
(1573, 538, 315, 'randomDate', 13),
(1574, 538, 315, 'randomDate', 107),
(1575, 538, 315, 'randomDate', 135),
(1576, 202, 316, 'randomDate', 40),
(1577, 202, 316, 'randomDate', 159),
(1578, 202, 316, 'randomDate', 169),
(1579, 202, 316, 'randomDate', 4),
(1580, 202, 316, 'randomDate', 164),
(1581, 688, 317, 'randomDate', 13),
(1582, 688, 317, 'randomDate', 186),
(1583, 688, 317, 'randomDate', 7),
(1584, 688, 317, 'randomDate', 129),
(1585, 688, 317, 'randomDate', 154),
(1586, 684, 318, 'randomDate', 177),
(1587, 684, 318, 'randomDate', 116),
(1588, 684, 318, 'randomDate', 44),
(1589, 684, 318, 'randomDate', 110),
(1590, 684, 318, 'randomDate', 112),
(1591, 89, 319, 'randomDate', 140),
(1592, 89, 319, 'randomDate', 112),
(1593, 89, 319, 'randomDate', 197),
(1594, 89, 319, 'randomDate', 18),
(1595, 89, 319, 'randomDate', 24),
(1596, 802, 320, 'randomDate', 130),
(1597, 802, 320, 'randomDate', 184),
(1598, 802, 320, 'randomDate', 136),
(1599, 802, 320, 'randomDate', 126),
(1600, 802, 320, 'randomDate', 68),
(1601, 1097, 321, 'randomDate', 113),
(1602, 1097, 321, 'randomDate', 63),
(1603, 1097, 321, 'randomDate', 126),
(1604, 1097, 321, 'randomDate', 199),
(1605, 1097, 321, 'randomDate', 178),
(1606, 1037, 322, 'randomDate', 102),
(1607, 1037, 322, 'randomDate', 153),
(1608, 1037, 322, 'randomDate', 163),
(1609, 1037, 322, 'randomDate', 73),
(1610, 1037, 322, 'randomDate', 3),
(1611, 568, 323, 'randomDate', 25),
(1612, 568, 323, 'randomDate', 60),
(1613, 568, 323, 'randomDate', 39),
(1614, 568, 323, 'randomDate', 45),
(1615, 568, 323, 'randomDate', 87),
(1616, 461, 324, 'randomDate', 177),
(1617, 461, 324, 'randomDate', 9),
(1618, 461, 324, 'randomDate', 31),
(1619, 461, 324, 'randomDate', 56),
(1620, 461, 324, 'randomDate', 90),
(1621, 1086, 325, 'randomDate', 160),
(1622, 1086, 325, 'randomDate', 134),
(1623, 1086, 325, 'randomDate', 3),
(1624, 1086, 325, 'randomDate', 119),
(1625, 1086, 325, 'randomDate', 116),
(1626, 694, 326, 'randomDate', 133),
(1627, 694, 326, 'randomDate', 110),
(1628, 694, 326, 'randomDate', 27),
(1629, 694, 326, 'randomDate', 66),
(1630, 694, 326, 'randomDate', 11),
(1631, 342, 327, 'randomDate', 105),
(1632, 342, 327, 'randomDate', 31),
(1633, 342, 327, 'randomDate', 120),
(1634, 342, 327, 'randomDate', 1),
(1635, 342, 327, 'randomDate', 22),
(1636, 126, 328, 'randomDate', 140),
(1637, 126, 328, 'randomDate', 61),
(1638, 126, 328, 'randomDate', 139),
(1639, 126, 328, 'randomDate', 109),
(1640, 126, 328, 'randomDate', 105),
(1641, 1149, 329, 'randomDate', 11),
(1642, 1149, 329, 'randomDate', 97),
(1643, 1149, 329, 'randomDate', 8),
(1644, 1149, 329, 'randomDate', 73),
(1645, 1149, 329, 'randomDate', 79),
(1646, 301, 330, 'randomDate', 176),
(1647, 301, 330, 'randomDate', 177),
(1648, 301, 330, 'randomDate', 170),
(1649, 301, 330, 'randomDate', 153),
(1650, 301, 330, 'randomDate', 155),
(1651, 816, 331, 'randomDate', 190),
(1652, 816, 331, 'randomDate', 126),
(1653, 816, 331, 'randomDate', 33),
(1654, 816, 331, 'randomDate', 152),
(1655, 816, 331, 'randomDate', 19),
(1656, 141, 332, 'randomDate', 182),
(1657, 141, 332, 'randomDate', 173),
(1658, 141, 332, 'randomDate', 87),
(1659, 141, 332, 'randomDate', 51),
(1660, 141, 332, 'randomDate', 196),
(1661, 1171, 333, 'randomDate', 155),
(1662, 1171, 333, 'randomDate', 58),
(1663, 1171, 333, 'randomDate', 163),
(1664, 1171, 333, 'randomDate', 149),
(1665, 1171, 333, 'randomDate', 179),
(1666, 1112, 334, 'randomDate', 33),
(1667, 1112, 334, 'randomDate', 81),
(1668, 1112, 334, 'randomDate', 92),
(1669, 1112, 334, 'randomDate', 51),
(1670, 1112, 334, 'randomDate', 68),
(1671, 357, 335, 'randomDate', 189),
(1672, 357, 335, 'randomDate', 53),
(1673, 357, 335, 'randomDate', 46),
(1674, 357, 335, 'randomDate', 125),
(1675, 357, 335, 'randomDate', 5),
(1676, 238, 336, 'randomDate', 55),
(1677, 238, 336, 'randomDate', 89),
(1678, 238, 336, 'randomDate', 185),
(1679, 238, 336, 'randomDate', 45),
(1680, 238, 336, 'randomDate', 72),
(1681, 431, 337, 'randomDate', 186),
(1682, 431, 337, 'randomDate', 22),
(1683, 431, 337, 'randomDate', 174),
(1684, 431, 337, 'randomDate', 3),
(1685, 431, 337, 'randomDate', 106),
(1686, 126, 338, 'randomDate', 13),
(1687, 126, 338, 'randomDate', 15),
(1688, 126, 338, 'randomDate', 176),
(1689, 126, 338, 'randomDate', 123),
(1690, 126, 338, 'randomDate', 194),
(1691, 371, 339, 'randomDate', 90),
(1692, 371, 339, 'randomDate', 186),
(1693, 371, 339, 'randomDate', 115),
(1694, 371, 339, 'randomDate', 122),
(1695, 371, 339, 'randomDate', 130),
(1696, 760, 340, 'randomDate', 111),
(1697, 760, 340, 'randomDate', 183),
(1698, 760, 340, 'randomDate', 143),
(1699, 760, 340, 'randomDate', 15),
(1700, 760, 340, 'randomDate', 60),
(1701, 31, 341, 'randomDate', 137),
(1702, 31, 341, 'randomDate', 172),
(1703, 31, 341, 'randomDate', 101),
(1704, 31, 341, 'randomDate', 14),
(1705, 31, 341, 'randomDate', 115),
(1706, 1027, 342, 'randomDate', 5),
(1707, 1027, 342, 'randomDate', 12),
(1708, 1027, 342, 'randomDate', 188),
(1709, 1027, 342, 'randomDate', 165),
(1710, 1027, 342, 'randomDate', 65),
(1711, 440, 343, 'randomDate', 10),
(1712, 440, 343, 'randomDate', 125),
(1713, 440, 343, 'randomDate', 105),
(1714, 440, 343, 'randomDate', 106),
(1715, 440, 343, 'randomDate', 98),
(1716, 227, 344, 'randomDate', 164),
(1717, 227, 344, 'randomDate', 84),
(1718, 227, 344, 'randomDate', 170),
(1719, 227, 344, 'randomDate', 108),
(1720, 227, 344, 'randomDate', 120),
(1721, 463, 345, 'randomDate', 145),
(1722, 463, 345, 'randomDate', 51),
(1723, 463, 345, 'randomDate', 90),
(1724, 463, 345, 'randomDate', 195),
(1725, 463, 345, 'randomDate', 152),
(1726, 814, 346, 'randomDate', 86),
(1727, 814, 346, 'randomDate', 70),
(1728, 814, 346, 'randomDate', 160),
(1729, 814, 346, 'randomDate', 123),
(1730, 814, 346, 'randomDate', 138),
(1731, 752, 347, 'randomDate', 116),
(1732, 752, 347, 'randomDate', 175),
(1733, 752, 347, 'randomDate', 95),
(1734, 752, 347, 'randomDate', 47),
(1735, 752, 347, 'randomDate', 148),
(1736, 194, 348, 'randomDate', 90),
(1737, 194, 348, 'randomDate', 197),
(1738, 194, 348, 'randomDate', 1),
(1739, 194, 348, 'randomDate', 185),
(1740, 194, 348, 'randomDate', 195),
(1741, 400, 349, 'randomDate', 190),
(1742, 400, 349, 'randomDate', 91),
(1743, 400, 349, 'randomDate', 167),
(1744, 400, 349, 'randomDate', 126),
(1745, 400, 349, 'randomDate', 59),
(1746, 742, 350, 'randomDate', 21),
(1747, 742, 350, 'randomDate', 179),
(1748, 742, 350, 'randomDate', 162),
(1749, 742, 350, 'randomDate', 129),
(1750, 742, 350, 'randomDate', 151),
(1751, 892, 351, 'randomDate', 176),
(1752, 892, 351, 'randomDate', 59),
(1753, 892, 351, 'randomDate', 104),
(1754, 892, 351, 'randomDate', 50),
(1755, 892, 351, 'randomDate', 31),
(1756, 395, 352, 'randomDate', 49),
(1757, 395, 352, 'randomDate', 151),
(1758, 395, 352, 'randomDate', 32),
(1759, 395, 352, 'randomDate', 25),
(1760, 395, 352, 'randomDate', 50),
(1761, 334, 353, 'randomDate', 197),
(1762, 334, 353, 'randomDate', 10),
(1763, 334, 353, 'randomDate', 114),
(1764, 334, 353, 'randomDate', 172),
(1765, 334, 353, 'randomDate', 153),
(1766, 240, 354, 'randomDate', 75),
(1767, 240, 354, 'randomDate', 136),
(1768, 240, 354, 'randomDate', 189),
(1769, 240, 354, 'randomDate', 175),
(1770, 240, 354, 'randomDate', 21),
(1771, 1048, 355, 'randomDate', 66),
(1772, 1048, 355, 'randomDate', 168),
(1773, 1048, 355, 'randomDate', 38),
(1774, 1048, 355, 'randomDate', 157),
(1775, 1048, 355, 'randomDate', 55),
(1776, 1174, 356, 'randomDate', 66),
(1777, 1174, 356, 'randomDate', 141),
(1778, 1174, 356, 'randomDate', 63),
(1779, 1174, 356, 'randomDate', 68),
(1780, 1174, 356, 'randomDate', 17),
(1781, 152, 357, 'randomDate', 18),
(1782, 152, 357, 'randomDate', 109),
(1783, 152, 357, 'randomDate', 184),
(1784, 152, 357, 'randomDate', 153),
(1785, 152, 357, 'randomDate', 98),
(1786, 562, 358, 'randomDate', 42),
(1787, 562, 358, 'randomDate', 80),
(1788, 562, 358, 'randomDate', 166),
(1789, 562, 358, 'randomDate', 34),
(1790, 562, 358, 'randomDate', 40),
(1791, 803, 359, 'randomDate', 16),
(1792, 803, 359, 'randomDate', 29),
(1793, 803, 359, 'randomDate', 90),
(1794, 803, 359, 'randomDate', 44),
(1795, 803, 359, 'randomDate', 114),
(1796, 1048, 360, 'randomDate', 106),
(1797, 1048, 360, 'randomDate', 21),
(1798, 1048, 360, 'randomDate', 25),
(1799, 1048, 360, 'randomDate', 98),
(1800, 1048, 360, 'randomDate', 187),
(1801, 348, 361, 'randomDate', 133),
(1802, 348, 361, 'randomDate', 37),
(1803, 348, 361, 'randomDate', 6),
(1804, 348, 361, 'randomDate', 25),
(1805, 348, 361, 'randomDate', 33),
(1806, 1138, 362, 'randomDate', 86),
(1807, 1138, 362, 'randomDate', 191),
(1808, 1138, 362, 'randomDate', 31),
(1809, 1138, 362, 'randomDate', 72),
(1810, 1138, 362, 'randomDate', 139),
(1811, 347, 363, 'randomDate', 125),
(1812, 347, 363, 'randomDate', 83),
(1813, 347, 363, 'randomDate', 64),
(1814, 347, 363, 'randomDate', 133),
(1815, 347, 363, 'randomDate', 6),
(1816, 360, 364, 'randomDate', 51),
(1817, 360, 364, 'randomDate', 14),
(1818, 360, 364, 'randomDate', 140),
(1819, 360, 364, 'randomDate', 76),
(1820, 360, 364, 'randomDate', 86),
(1821, 806, 365, 'randomDate', 115),
(1822, 806, 365, 'randomDate', 41),
(1823, 806, 365, 'randomDate', 27),
(1824, 806, 365, 'randomDate', 175),
(1825, 806, 365, 'randomDate', 128),
(1826, 790, 366, 'randomDate', 151),
(1827, 790, 366, 'randomDate', 179),
(1828, 790, 366, 'randomDate', 45),
(1829, 790, 366, 'randomDate', 183),
(1830, 790, 366, 'randomDate', 194),
(1831, 477, 367, 'randomDate', 110),
(1832, 477, 367, 'randomDate', 189),
(1833, 477, 367, 'randomDate', 93),
(1834, 477, 367, 'randomDate', 168),
(1835, 477, 367, 'randomDate', 175),
(1836, 59, 368, 'randomDate', 8),
(1837, 59, 368, 'randomDate', 177),
(1838, 59, 368, 'randomDate', 94),
(1839, 59, 368, 'randomDate', 74),
(1840, 59, 368, 'randomDate', 2),
(1841, 807, 369, 'randomDate', 36),
(1842, 807, 369, 'randomDate', 90),
(1843, 807, 369, 'randomDate', 98),
(1844, 807, 369, 'randomDate', 157),
(1845, 807, 369, 'randomDate', 175),
(1846, 165, 370, 'randomDate', 121),
(1847, 165, 370, 'randomDate', 14),
(1848, 165, 370, 'randomDate', 155),
(1849, 165, 370, 'randomDate', 107),
(1850, 165, 370, 'randomDate', 91),
(1851, 168, 371, 'randomDate', 178),
(1852, 168, 371, 'randomDate', 61),
(1853, 168, 371, 'randomDate', 198),
(1854, 168, 371, 'randomDate', 126),
(1855, 168, 371, 'randomDate', 144),
(1856, 486, 372, 'randomDate', 20),
(1857, 486, 372, 'randomDate', 152),
(1858, 486, 372, 'randomDate', 63),
(1859, 486, 372, 'randomDate', 81),
(1860, 486, 372, 'randomDate', 55),
(1861, 236, 373, 'randomDate', 28),
(1862, 236, 373, 'randomDate', 153),
(1863, 236, 373, 'randomDate', 113),
(1864, 236, 373, 'randomDate', 193),
(1865, 236, 373, 'randomDate', 140),
(1866, 515, 374, 'randomDate', 178),
(1867, 515, 374, 'randomDate', 143),
(1868, 515, 374, 'randomDate', 116),
(1869, 515, 374, 'randomDate', 136),
(1870, 515, 374, 'randomDate', 40),
(1871, 218, 375, 'randomDate', 164),
(1872, 218, 375, 'randomDate', 135),
(1873, 218, 375, 'randomDate', 113),
(1874, 218, 375, 'randomDate', 70),
(1875, 218, 375, 'randomDate', 20),
(1876, 161, 376, 'randomDate', 123),
(1877, 161, 376, 'randomDate', 26),
(1878, 161, 376, 'randomDate', 46),
(1879, 161, 376, 'randomDate', 180),
(1880, 161, 376, 'randomDate', 54),
(1881, 802, 377, 'randomDate', 169),
(1882, 802, 377, 'randomDate', 196),
(1883, 802, 377, 'randomDate', 198),
(1884, 802, 377, 'randomDate', 4),
(1885, 802, 377, 'randomDate', 25),
(1886, 56, 378, 'randomDate', 175),
(1887, 56, 378, 'randomDate', 103),
(1888, 56, 378, 'randomDate', 96),
(1889, 56, 378, 'randomDate', 31),
(1890, 56, 378, 'randomDate', 51),
(1891, 815, 379, 'randomDate', 167),
(1892, 815, 379, 'randomDate', 39),
(1893, 815, 379, 'randomDate', 90),
(1894, 815, 379, 'randomDate', 36),
(1895, 815, 379, 'randomDate', 175),
(1896, 641, 380, 'randomDate', 124),
(1897, 641, 380, 'randomDate', 89),
(1898, 641, 380, 'randomDate', 76),
(1899, 641, 380, 'randomDate', 59),
(1900, 641, 380, 'randomDate', 196),
(1901, 1175, 381, 'randomDate', 142),
(1902, 1175, 381, 'randomDate', 58),
(1903, 1175, 381, 'randomDate', 57),
(1904, 1175, 381, 'randomDate', 22),
(1905, 1175, 381, 'randomDate', 74),
(1906, 41, 382, 'randomDate', 76),
(1907, 41, 382, 'randomDate', 98),
(1908, 41, 382, 'randomDate', 182),
(1909, 41, 382, 'randomDate', 6),
(1910, 41, 382, 'randomDate', 12),
(1911, 328, 383, 'randomDate', 78),
(1912, 328, 383, 'randomDate', 27),
(1913, 328, 383, 'randomDate', 57),
(1914, 328, 383, 'randomDate', 195),
(1915, 328, 383, 'randomDate', 80),
(1916, 444, 384, 'randomDate', 124),
(1917, 444, 384, 'randomDate', 15),
(1918, 444, 384, 'randomDate', 91),
(1919, 444, 384, 'randomDate', 106),
(1920, 444, 384, 'randomDate', 71),
(1921, 635, 385, 'randomDate', 38),
(1922, 635, 385, 'randomDate', 51),
(1923, 635, 385, 'randomDate', 160),
(1924, 635, 385, 'randomDate', 163),
(1925, 635, 385, 'randomDate', 97),
(1926, 1115, 386, 'randomDate', 81),
(1927, 1115, 386, 'randomDate', 104),
(1928, 1115, 386, 'randomDate', 165),
(1929, 1115, 386, 'randomDate', 20),
(1930, 1115, 386, 'randomDate', 9),
(1931, 162, 387, 'randomDate', 172),
(1932, 162, 387, 'randomDate', 98),
(1933, 162, 387, 'randomDate', 58),
(1934, 162, 387, 'randomDate', 150),
(1935, 162, 387, 'randomDate', 117),
(1936, 1128, 388, 'randomDate', 18),
(1937, 1128, 388, 'randomDate', 87),
(1938, 1128, 388, 'randomDate', 70),
(1939, 1128, 388, 'randomDate', 32),
(1940, 1128, 388, 'randomDate', 68),
(1941, 282, 389, 'randomDate', 195),
(1942, 282, 389, 'randomDate', 55),
(1943, 282, 389, 'randomDate', 99),
(1944, 282, 389, 'randomDate', 104),
(1945, 282, 389, 'randomDate', 194),
(1946, 886, 390, 'randomDate', 91),
(1947, 886, 390, 'randomDate', 1),
(1948, 886, 390, 'randomDate', 187),
(1949, 886, 390, 'randomDate', 53),
(1950, 886, 390, 'randomDate', 182),
(1951, 1113, 391, 'randomDate', 191),
(1952, 1113, 391, 'randomDate', 94),
(1953, 1113, 391, 'randomDate', 168),
(1954, 1113, 391, 'randomDate', 142),
(1955, 1113, 391, 'randomDate', 89),
(1956, 1211, 392, 'randomDate', 113),
(1957, 1211, 392, 'randomDate', 159),
(1958, 1211, 392, 'randomDate', 104),
(1959, 1211, 392, 'randomDate', 20),
(1960, 1211, 392, 'randomDate', 126),
(1961, 610, 393, 'randomDate', 143),
(1962, 610, 393, 'randomDate', 76),
(1963, 610, 393, 'randomDate', 59),
(1964, 610, 393, 'randomDate', 121),
(1965, 610, 393, 'randomDate', 11),
(1966, 1215, 394, 'randomDate', 160),
(1967, 1215, 394, 'randomDate', 62),
(1968, 1215, 394, 'randomDate', 11),
(1969, 1215, 394, 'randomDate', 97),
(1970, 1215, 394, 'randomDate', 108),
(1971, 942, 395, 'randomDate', 83),
(1972, 942, 395, 'randomDate', 60),
(1973, 942, 395, 'randomDate', 137),
(1974, 942, 395, 'randomDate', 168),
(1975, 942, 395, 'randomDate', 21),
(1976, 1035, 396, 'randomDate', 80),
(1977, 1035, 396, 'randomDate', 182),
(1978, 1035, 396, 'randomDate', 61),
(1979, 1035, 396, 'randomDate', 39),
(1980, 1035, 396, 'randomDate', 121),
(1981, 290, 397, 'randomDate', 97),
(1982, 290, 397, 'randomDate', 195),
(1983, 290, 397, 'randomDate', 189),
(1984, 290, 397, 'randomDate', 164),
(1985, 290, 397, 'randomDate', 181),
(1986, 924, 398, 'randomDate', 146),
(1987, 924, 398, 'randomDate', 173),
(1988, 924, 398, 'randomDate', 48),
(1989, 924, 398, 'randomDate', 56),
(1990, 924, 398, 'randomDate', 119),
(1991, 445, 399, 'randomDate', 124),
(1992, 445, 399, 'randomDate', 155),
(1993, 445, 399, 'randomDate', 118),
(1994, 445, 399, 'randomDate', 135),
(1995, 445, 399, 'randomDate', 196),
(1996, 336, 400, 'randomDate', 16),
(1997, 336, 400, 'randomDate', 57),
(1998, 336, 400, 'randomDate', 102),
(1999, 336, 400, 'randomDate', 103),
(2000, 336, 400, 'randomDate', 132),
(2001, 1031, 401, 'randomDate', 135),
(2002, 1031, 401, 'randomDate', 147),
(2003, 1031, 401, 'randomDate', 37),
(2004, 1031, 401, 'randomDate', 187),
(2005, 1031, 401, 'randomDate', 31),
(2006, 660, 402, 'randomDate', 71),
(2007, 660, 402, 'randomDate', 159),
(2008, 660, 402, 'randomDate', 200),
(2009, 660, 402, 'randomDate', 118),
(2010, 660, 402, 'randomDate', 141),
(2011, 1029, 403, 'randomDate', 20),
(2012, 1029, 403, 'randomDate', 93),
(2013, 1029, 403, 'randomDate', 36),
(2014, 1029, 403, 'randomDate', 133),
(2015, 1029, 403, 'randomDate', 109),
(2016, 668, 404, 'randomDate', 34),
(2017, 668, 404, 'randomDate', 67),
(2018, 668, 404, 'randomDate', 158),
(2019, 668, 404, 'randomDate', 52),
(2020, 668, 404, 'randomDate', 2),
(2021, 289, 405, 'randomDate', 174),
(2022, 289, 405, 'randomDate', 114),
(2023, 289, 405, 'randomDate', 139),
(2024, 289, 405, 'randomDate', 6),
(2025, 289, 405, 'randomDate', 45),
(2026, 459, 406, 'randomDate', 96),
(2027, 459, 406, 'randomDate', 54),
(2028, 459, 406, 'randomDate', 50),
(2029, 459, 406, 'randomDate', 67),
(2030, 459, 406, 'randomDate', 83),
(2031, 1059, 407, 'randomDate', 158),
(2032, 1059, 407, 'randomDate', 40),
(2033, 1059, 407, 'randomDate', 49),
(2034, 1059, 407, 'randomDate', 13),
(2035, 1059, 407, 'randomDate', 101),
(2036, 552, 408, 'randomDate', 132),
(2037, 552, 408, 'randomDate', 21),
(2038, 552, 408, 'randomDate', 149),
(2039, 552, 408, 'randomDate', 23),
(2040, 552, 408, 'randomDate', 93),
(2041, 988, 409, 'randomDate', 62),
(2042, 988, 409, 'randomDate', 198),
(2043, 988, 409, 'randomDate', 179),
(2044, 988, 409, 'randomDate', 65),
(2045, 988, 409, 'randomDate', 127),
(2046, 969, 410, 'randomDate', 108),
(2047, 969, 410, 'randomDate', 29),
(2048, 969, 410, 'randomDate', 33),
(2049, 969, 410, 'randomDate', 160),
(2050, 969, 410, 'randomDate', 80),
(2051, 726, 411, 'randomDate', 72),
(2052, 726, 411, 'randomDate', 165),
(2053, 726, 411, 'randomDate', 112),
(2054, 726, 411, 'randomDate', 63),
(2055, 726, 411, 'randomDate', 6),
(2056, 329, 412, 'randomDate', 166),
(2057, 329, 412, 'randomDate', 96),
(2058, 329, 412, 'randomDate', 168),
(2059, 329, 412, 'randomDate', 191),
(2060, 329, 412, 'randomDate', 2),
(2061, 583, 413, 'randomDate', 119),
(2062, 583, 413, 'randomDate', 11),
(2063, 583, 413, 'randomDate', 142),
(2064, 583, 413, 'randomDate', 172),
(2065, 583, 413, 'randomDate', 146),
(2066, 1010, 414, 'randomDate', 153),
(2067, 1010, 414, 'randomDate', 154),
(2068, 1010, 414, 'randomDate', 60),
(2069, 1010, 414, 'randomDate', 40),
(2070, 1010, 414, 'randomDate', 27),
(2071, 828, 415, 'randomDate', 135),
(2072, 828, 415, 'randomDate', 198),
(2073, 828, 415, 'randomDate', 61),
(2074, 828, 415, 'randomDate', 121),
(2075, 828, 415, 'randomDate', 184),
(2076, 948, 416, 'randomDate', 192),
(2077, 948, 416, 'randomDate', 32),
(2078, 948, 416, 'randomDate', 74),
(2079, 948, 416, 'randomDate', 89),
(2080, 948, 416, 'randomDate', 117),
(2081, 783, 417, 'randomDate', 176),
(2082, 783, 417, 'randomDate', 133),
(2083, 783, 417, 'randomDate', 112),
(2084, 783, 417, 'randomDate', 1),
(2085, 783, 417, 'randomDate', 139),
(2086, 15, 418, 'randomDate', 169),
(2087, 15, 418, 'randomDate', 105),
(2088, 15, 418, 'randomDate', 18),
(2089, 15, 418, 'randomDate', 107),
(2090, 15, 418, 'randomDate', 19),
(2091, 339, 419, 'randomDate', 140),
(2092, 339, 419, 'randomDate', 125),
(2093, 339, 419, 'randomDate', 158),
(2094, 339, 419, 'randomDate', 196),
(2095, 339, 419, 'randomDate', 145),
(2096, 322, 420, 'randomDate', 25),
(2097, 322, 420, 'randomDate', 142),
(2098, 322, 420, 'randomDate', 69),
(2099, 322, 420, 'randomDate', 121),
(2100, 322, 420, 'randomDate', 174),
(2101, 259, 421, 'randomDate', 149),
(2102, 259, 421, 'randomDate', 153),
(2103, 259, 421, 'randomDate', 197),
(2104, 259, 421, 'randomDate', 179),
(2105, 259, 421, 'randomDate', 172),
(2106, 451, 422, 'randomDate', 60),
(2107, 451, 422, 'randomDate', 93),
(2108, 451, 422, 'randomDate', 179),
(2109, 451, 422, 'randomDate', 35),
(2110, 451, 422, 'randomDate', 150),
(2111, 56, 423, 'randomDate', 110),
(2112, 56, 423, 'randomDate', 24),
(2113, 56, 423, 'randomDate', 48),
(2114, 56, 423, 'randomDate', 107),
(2115, 56, 423, 'randomDate', 10),
(2116, 614, 424, 'randomDate', 104),
(2117, 614, 424, 'randomDate', 3),
(2118, 614, 424, 'randomDate', 113),
(2119, 614, 424, 'randomDate', 22),
(2120, 614, 424, 'randomDate', 16),
(2121, 720, 425, 'randomDate', 33),
(2122, 720, 425, 'randomDate', 31),
(2123, 720, 425, 'randomDate', 43),
(2124, 720, 425, 'randomDate', 162),
(2125, 720, 425, 'randomDate', 155),
(2126, 533, 426, 'randomDate', 123),
(2127, 533, 426, 'randomDate', 193),
(2128, 533, 426, 'randomDate', 131),
(2129, 533, 426, 'randomDate', 17),
(2130, 533, 426, 'randomDate', 131),
(2131, 169, 427, 'randomDate', 77),
(2132, 169, 427, 'randomDate', 194),
(2133, 169, 427, 'randomDate', 14),
(2134, 169, 427, 'randomDate', 6),
(2135, 169, 427, 'randomDate', 194),
(2136, 951, 428, 'randomDate', 131),
(2137, 951, 428, 'randomDate', 14),
(2138, 951, 428, 'randomDate', 17),
(2139, 951, 428, 'randomDate', 15),
(2140, 951, 428, 'randomDate', 9),
(2141, 837, 429, 'randomDate', 42),
(2142, 837, 429, 'randomDate', 60),
(2143, 837, 429, 'randomDate', 129),
(2144, 837, 429, 'randomDate', 37),
(2145, 837, 429, 'randomDate', 58),
(2146, 299, 430, 'randomDate', 129),
(2147, 299, 430, 'randomDate', 108),
(2148, 299, 430, 'randomDate', 195),
(2149, 299, 430, 'randomDate', 14),
(2150, 299, 430, 'randomDate', 82),
(2151, 261, 431, 'randomDate', 22),
(2152, 261, 431, 'randomDate', 171),
(2153, 261, 431, 'randomDate', 16),
(2154, 261, 431, 'randomDate', 173),
(2155, 261, 431, 'randomDate', 172),
(2156, 1068, 432, 'randomDate', 4),
(2157, 1068, 432, 'randomDate', 170),
(2158, 1068, 432, 'randomDate', 191),
(2159, 1068, 432, 'randomDate', 39),
(2160, 1068, 432, 'randomDate', 123),
(2161, 1104, 433, 'randomDate', 132),
(2162, 1104, 433, 'randomDate', 29),
(2163, 1104, 433, 'randomDate', 68),
(2164, 1104, 433, 'randomDate', 196),
(2165, 1104, 433, 'randomDate', 161),
(2166, 395, 434, 'randomDate', 69),
(2167, 395, 434, 'randomDate', 85),
(2168, 395, 434, 'randomDate', 95),
(2169, 395, 434, 'randomDate', 56),
(2170, 395, 434, 'randomDate', 109),
(2171, 522, 435, 'randomDate', 18),
(2172, 522, 435, 'randomDate', 113),
(2173, 522, 435, 'randomDate', 116),
(2174, 522, 435, 'randomDate', 23),
(2175, 522, 435, 'randomDate', 143),
(2176, 90, 436, 'randomDate', 29),
(2177, 90, 436, 'randomDate', 32),
(2178, 90, 436, 'randomDate', 92),
(2179, 90, 436, 'randomDate', 171),
(2180, 90, 436, 'randomDate', 153),
(2181, 191, 437, 'randomDate', 113),
(2182, 191, 437, 'randomDate', 181),
(2183, 191, 437, 'randomDate', 78),
(2184, 191, 437, 'randomDate', 52),
(2185, 191, 437, 'randomDate', 190),
(2186, 859, 438, 'randomDate', 188),
(2187, 859, 438, 'randomDate', 89),
(2188, 859, 438, 'randomDate', 77),
(2189, 859, 438, 'randomDate', 134),
(2190, 859, 438, 'randomDate', 104),
(2191, 533, 439, 'randomDate', 55),
(2192, 533, 439, 'randomDate', 61),
(2193, 533, 439, 'randomDate', 150),
(2194, 533, 439, 'randomDate', 54),
(2195, 533, 439, 'randomDate', 174),
(2196, 183, 440, 'randomDate', 35),
(2197, 183, 440, 'randomDate', 197),
(2198, 183, 440, 'randomDate', 57),
(2199, 183, 440, 'randomDate', 80),
(2200, 183, 440, 'randomDate', 1),
(2201, 1022, 441, 'randomDate', 100),
(2202, 1022, 441, 'randomDate', 82),
(2203, 1022, 441, 'randomDate', 141),
(2204, 1022, 441, 'randomDate', 132),
(2205, 1022, 441, 'randomDate', 67),
(2206, 1122, 442, 'randomDate', 89),
(2207, 1122, 442, 'randomDate', 5),
(2208, 1122, 442, 'randomDate', 47),
(2209, 1122, 442, 'randomDate', 197),
(2210, 1122, 442, 'randomDate', 43),
(2211, 485, 443, 'randomDate', 37),
(2212, 485, 443, 'randomDate', 116),
(2213, 485, 443, 'randomDate', 113),
(2214, 485, 443, 'randomDate', 139),
(2215, 485, 443, 'randomDate', 65),
(2216, 472, 444, 'randomDate', 196),
(2217, 472, 444, 'randomDate', 185),
(2218, 472, 444, 'randomDate', 102),
(2219, 472, 444, 'randomDate', 173),
(2220, 472, 444, 'randomDate', 38),
(2221, 1054, 445, 'randomDate', 92),
(2222, 1054, 445, 'randomDate', 2),
(2223, 1054, 445, 'randomDate', 70),
(2224, 1054, 445, 'randomDate', 188),
(2225, 1054, 445, 'randomDate', 15),
(2226, 5, 446, 'randomDate', 75),
(2227, 5, 446, 'randomDate', 110),
(2228, 5, 446, 'randomDate', 180),
(2229, 5, 446, 'randomDate', 197),
(2230, 5, 446, 'randomDate', 167),
(2231, 1175, 447, 'randomDate', 200),
(2232, 1175, 447, 'randomDate', 93),
(2233, 1175, 447, 'randomDate', 68),
(2234, 1175, 447, 'randomDate', 92),
(2235, 1175, 447, 'randomDate', 4),
(2236, 693, 448, 'randomDate', 200),
(2237, 693, 448, 'randomDate', 123),
(2238, 693, 448, 'randomDate', 48),
(2239, 693, 448, 'randomDate', 199),
(2240, 693, 448, 'randomDate', 90),
(2241, 779, 449, 'randomDate', 42),
(2242, 779, 449, 'randomDate', 192),
(2243, 779, 449, 'randomDate', 25),
(2244, 779, 449, 'randomDate', 89),
(2245, 779, 449, 'randomDate', 100),
(2246, 586, 450, 'randomDate', 131),
(2247, 586, 450, 'randomDate', 107),
(2248, 586, 450, 'randomDate', 103),
(2249, 586, 450, 'randomDate', 86),
(2250, 586, 450, 'randomDate', 92),
(2251, 363, 451, 'randomDate', 185),
(2252, 363, 451, 'randomDate', 96),
(2253, 363, 451, 'randomDate', 193),
(2254, 363, 451, 'randomDate', 96),
(2255, 363, 451, 'randomDate', 134),
(2256, 1187, 452, 'randomDate', 88),
(2257, 1187, 452, 'randomDate', 74),
(2258, 1187, 452, 'randomDate', 96),
(2259, 1187, 452, 'randomDate', 153),
(2260, 1187, 452, 'randomDate', 166),
(2261, 85, 453, 'randomDate', 176),
(2262, 85, 453, 'randomDate', 9),
(2263, 85, 453, 'randomDate', 39),
(2264, 85, 453, 'randomDate', 27),
(2265, 85, 453, 'randomDate', 131),
(2266, 471, 454, 'randomDate', 69),
(2267, 471, 454, 'randomDate', 10),
(2268, 471, 454, 'randomDate', 27),
(2269, 471, 454, 'randomDate', 95),
(2270, 471, 454, 'randomDate', 36),
(2271, 62, 455, 'randomDate', 30),
(2272, 62, 455, 'randomDate', 30),
(2273, 62, 455, 'randomDate', 173),
(2274, 62, 455, 'randomDate', 31),
(2275, 62, 455, 'randomDate', 7),
(2276, 473, 456, 'randomDate', 63),
(2277, 473, 456, 'randomDate', 25),
(2278, 473, 456, 'randomDate', 121),
(2279, 473, 456, 'randomDate', 102),
(2280, 473, 456, 'randomDate', 186),
(2281, 679, 457, 'randomDate', 114),
(2282, 679, 457, 'randomDate', 171),
(2283, 679, 457, 'randomDate', 194),
(2284, 679, 457, 'randomDate', 101),
(2285, 679, 457, 'randomDate', 92),
(2286, 306, 458, 'randomDate', 52),
(2287, 306, 458, 'randomDate', 134),
(2288, 306, 458, 'randomDate', 182),
(2289, 306, 458, 'randomDate', 93),
(2290, 306, 458, 'randomDate', 185),
(2291, 460, 459, 'randomDate', 154),
(2292, 460, 459, 'randomDate', 64),
(2293, 460, 459, 'randomDate', 166),
(2294, 460, 459, 'randomDate', 95),
(2295, 460, 459, 'randomDate', 128),
(2296, 108, 460, 'randomDate', 116),
(2297, 108, 460, 'randomDate', 52),
(2298, 108, 460, 'randomDate', 19),
(2299, 108, 460, 'randomDate', 84),
(2300, 108, 460, 'randomDate', 112),
(2301, 17, 461, 'randomDate', 24),
(2302, 17, 461, 'randomDate', 114),
(2303, 17, 461, 'randomDate', 150),
(2304, 17, 461, 'randomDate', 62),
(2305, 17, 461, 'randomDate', 4),
(2306, 129, 462, 'randomDate', 195),
(2307, 129, 462, 'randomDate', 129),
(2308, 129, 462, 'randomDate', 33),
(2309, 129, 462, 'randomDate', 85),
(2310, 129, 462, 'randomDate', 173),
(2311, 1140, 463, 'randomDate', 161),
(2312, 1140, 463, 'randomDate', 13),
(2313, 1140, 463, 'randomDate', 17),
(2314, 1140, 463, 'randomDate', 172),
(2315, 1140, 463, 'randomDate', 116),
(2316, 1040, 464, 'randomDate', 172),
(2317, 1040, 464, 'randomDate', 42),
(2318, 1040, 464, 'randomDate', 82),
(2319, 1040, 464, 'randomDate', 74),
(2320, 1040, 464, 'randomDate', 14),
(2321, 1024, 465, 'randomDate', 160),
(2322, 1024, 465, 'randomDate', 164),
(2323, 1024, 465, 'randomDate', 54),
(2324, 1024, 465, 'randomDate', 87),
(2325, 1024, 465, 'randomDate', 52),
(2326, 586, 466, 'randomDate', 101),
(2327, 586, 466, 'randomDate', 13),
(2328, 586, 466, 'randomDate', 21),
(2329, 586, 466, 'randomDate', 71),
(2330, 586, 466, 'randomDate', 99),
(2331, 1078, 467, 'randomDate', 176),
(2332, 1078, 467, 'randomDate', 178),
(2333, 1078, 467, 'randomDate', 37),
(2334, 1078, 467, 'randomDate', 183),
(2335, 1078, 467, 'randomDate', 34),
(2336, 1183, 468, 'randomDate', 12),
(2337, 1183, 468, 'randomDate', 62),
(2338, 1183, 468, 'randomDate', 98),
(2339, 1183, 468, 'randomDate', 37),
(2340, 1183, 468, 'randomDate', 164),
(2341, 1156, 469, 'randomDate', 160),
(2342, 1156, 469, 'randomDate', 3),
(2343, 1156, 469, 'randomDate', 186),
(2344, 1156, 469, 'randomDate', 198),
(2345, 1156, 469, 'randomDate', 11),
(2346, 500, 470, 'randomDate', 26),
(2347, 500, 470, 'randomDate', 14),
(2348, 500, 470, 'randomDate', 200),
(2349, 500, 470, 'randomDate', 10),
(2350, 500, 470, 'randomDate', 160),
(2351, 1071, 471, 'randomDate', 182),
(2352, 1071, 471, 'randomDate', 55),
(2353, 1071, 471, 'randomDate', 86),
(2354, 1071, 471, 'randomDate', 185),
(2355, 1071, 471, 'randomDate', 29),
(2356, 269, 472, 'randomDate', 176),
(2357, 269, 472, 'randomDate', 18),
(2358, 269, 472, 'randomDate', 87),
(2359, 269, 472, 'randomDate', 134),
(2360, 269, 472, 'randomDate', 45),
(2361, 905, 473, 'randomDate', 114),
(2362, 905, 473, 'randomDate', 122),
(2363, 905, 473, 'randomDate', 80),
(2364, 905, 473, 'randomDate', 42),
(2365, 905, 473, 'randomDate', 183),
(2366, 515, 474, 'randomDate', 197),
(2367, 515, 474, 'randomDate', 124),
(2368, 515, 474, 'randomDate', 124),
(2369, 515, 474, 'randomDate', 43),
(2370, 515, 474, 'randomDate', 136),
(2371, 93, 475, 'randomDate', 191),
(2372, 93, 475, 'randomDate', 56),
(2373, 93, 475, 'randomDate', 115),
(2374, 93, 475, 'randomDate', 163),
(2375, 93, 475, 'randomDate', 33),
(2376, 1072, 476, 'randomDate', 148),
(2377, 1072, 476, 'randomDate', 131),
(2378, 1072, 476, 'randomDate', 98),
(2379, 1072, 476, 'randomDate', 111),
(2380, 1072, 476, 'randomDate', 138),
(2381, 158, 477, 'randomDate', 70),
(2382, 158, 477, 'randomDate', 33),
(2383, 158, 477, 'randomDate', 189),
(2384, 158, 477, 'randomDate', 2),
(2385, 158, 477, 'randomDate', 196),
(2386, 671, 478, 'randomDate', 96),
(2387, 671, 478, 'randomDate', 176),
(2388, 671, 478, 'randomDate', 151),
(2389, 671, 478, 'randomDate', 160),
(2390, 671, 478, 'randomDate', 168),
(2391, 156, 479, 'randomDate', 54),
(2392, 156, 479, 'randomDate', 104),
(2393, 156, 479, 'randomDate', 83),
(2394, 156, 479, 'randomDate', 34),
(2395, 156, 479, 'randomDate', 33),
(2396, 894, 480, 'randomDate', 75),
(2397, 894, 480, 'randomDate', 42),
(2398, 894, 480, 'randomDate', 130),
(2399, 894, 480, 'randomDate', 136),
(2400, 894, 480, 'randomDate', 59),
(2401, 624, 481, 'randomDate', 156),
(2402, 624, 481, 'randomDate', 60),
(2403, 624, 481, 'randomDate', 10),
(2404, 624, 481, 'randomDate', 38),
(2405, 624, 481, 'randomDate', 114),
(2406, 397, 482, 'randomDate', 58),
(2407, 397, 482, 'randomDate', 16),
(2408, 397, 482, 'randomDate', 81),
(2409, 397, 482, 'randomDate', 173),
(2410, 397, 482, 'randomDate', 84),
(2411, 237, 483, 'randomDate', 62),
(2412, 237, 483, 'randomDate', 50),
(2413, 237, 483, 'randomDate', 112),
(2414, 237, 483, 'randomDate', 128),
(2415, 237, 483, 'randomDate', 62),
(2416, 78, 484, 'randomDate', 52),
(2417, 78, 484, 'randomDate', 164),
(2418, 78, 484, 'randomDate', 115),
(2419, 78, 484, 'randomDate', 33),
(2420, 78, 484, 'randomDate', 188),
(2421, 973, 485, 'randomDate', 125),
(2422, 973, 485, 'randomDate', 52),
(2423, 973, 485, 'randomDate', 168),
(2424, 973, 485, 'randomDate', 12),
(2425, 973, 485, 'randomDate', 74),
(2426, 947, 486, 'randomDate', 153),
(2427, 947, 486, 'randomDate', 108),
(2428, 947, 486, 'randomDate', 1),
(2429, 947, 486, 'randomDate', 66),
(2430, 947, 486, 'randomDate', 183),
(2431, 1131, 487, 'randomDate', 136),
(2432, 1131, 487, 'randomDate', 198),
(2433, 1131, 487, 'randomDate', 79),
(2434, 1131, 487, 'randomDate', 161),
(2435, 1131, 487, 'randomDate', 47),
(2436, 787, 488, 'randomDate', 37),
(2437, 787, 488, 'randomDate', 114),
(2438, 787, 488, 'randomDate', 24),
(2439, 787, 488, 'randomDate', 170),
(2440, 787, 488, 'randomDate', 17),
(2441, 485, 489, 'randomDate', 103),
(2442, 485, 489, 'randomDate', 76),
(2443, 485, 489, 'randomDate', 8),
(2444, 485, 489, 'randomDate', 102),
(2445, 485, 489, 'randomDate', 63),
(2446, 535, 490, 'randomDate', 142),
(2447, 535, 490, 'randomDate', 199),
(2448, 535, 490, 'randomDate', 10),
(2449, 535, 490, 'randomDate', 99),
(2450, 535, 490, 'randomDate', 100),
(2451, 599, 491, 'randomDate', 100),
(2452, 599, 491, 'randomDate', 35),
(2453, 599, 491, 'randomDate', 93),
(2454, 599, 491, 'randomDate', 169),
(2455, 599, 491, 'randomDate', 120),
(2456, 935, 492, 'randomDate', 44),
(2457, 935, 492, 'randomDate', 26),
(2458, 935, 492, 'randomDate', 55),
(2459, 935, 492, 'randomDate', 158),
(2460, 935, 492, 'randomDate', 168),
(2461, 261, 493, 'randomDate', 126),
(2462, 261, 493, 'randomDate', 114),
(2463, 261, 493, 'randomDate', 38),
(2464, 261, 493, 'randomDate', 163),
(2465, 261, 493, 'randomDate', 194),
(2466, 415, 494, 'randomDate', 106),
(2467, 415, 494, 'randomDate', 131),
(2468, 415, 494, 'randomDate', 80),
(2469, 415, 494, 'randomDate', 170),
(2470, 415, 494, 'randomDate', 12),
(2471, 653, 495, 'randomDate', 74),
(2472, 653, 495, 'randomDate', 91),
(2473, 653, 495, 'randomDate', 113),
(2474, 653, 495, 'randomDate', 78),
(2475, 653, 495, 'randomDate', 91),
(2476, 254, 496, 'randomDate', 69),
(2477, 254, 496, 'randomDate', 135),
(2478, 254, 496, 'randomDate', 166),
(2479, 254, 496, 'randomDate', 137),
(2480, 254, 496, 'randomDate', 94),
(2481, 793, 497, 'randomDate', 84),
(2482, 793, 497, 'randomDate', 99),
(2483, 793, 497, 'randomDate', 194),
(2484, 793, 497, 'randomDate', 36),
(2485, 793, 497, 'randomDate', 146),
(2486, 18, 498, 'randomDate', 65),
(2487, 18, 498, 'randomDate', 18),
(2488, 18, 498, 'randomDate', 7),
(2489, 18, 498, 'randomDate', 82),
(2490, 18, 498, 'randomDate', 82),
(2491, 268, 499, 'randomDate', 135),
(2492, 268, 499, 'randomDate', 114),
(2493, 268, 499, 'randomDate', 126),
(2494, 268, 499, 'randomDate', 177),
(2495, 268, 499, 'randomDate', 195),
(2496, 301, 500, 'randomDate', 6),
(2497, 301, 500, 'randomDate', 168),
(2498, 301, 500, 'randomDate', 64),
(2499, 301, 500, 'randomDate', 75),
(2500, 301, 500, 'randomDate', 177),
(2501, 753, 501, 'randomDate', 181),
(2502, 753, 501, 'randomDate', 108),
(2503, 753, 501, 'randomDate', 129),
(2504, 753, 501, 'randomDate', 128),
(2505, 753, 501, 'randomDate', 181),
(2506, 596, 502, 'randomDate', 182),
(2507, 596, 502, 'randomDate', 121),
(2508, 596, 502, 'randomDate', 124),
(2509, 596, 502, 'randomDate', 7),
(2510, 596, 502, 'randomDate', 112),
(2511, 241, 503, 'randomDate', 30),
(2512, 241, 503, 'randomDate', 192),
(2513, 241, 503, 'randomDate', 66),
(2514, 241, 503, 'randomDate', 177),
(2515, 241, 503, 'randomDate', 129),
(2516, 812, 504, 'randomDate', 10),
(2517, 812, 504, 'randomDate', 177),
(2518, 812, 504, 'randomDate', 65),
(2519, 812, 504, 'randomDate', 103),
(2520, 812, 504, 'randomDate', 74),
(2521, 635, 505, 'randomDate', 162),
(2522, 635, 505, 'randomDate', 190),
(2523, 635, 505, 'randomDate', 7),
(2524, 635, 505, 'randomDate', 157),
(2525, 635, 505, 'randomDate', 166),
(2526, 365, 506, 'randomDate', 31),
(2527, 365, 506, 'randomDate', 149),
(2528, 365, 506, 'randomDate', 162),
(2529, 365, 506, 'randomDate', 77),
(2530, 365, 506, 'randomDate', 8),
(2531, 763, 507, 'randomDate', 148),
(2532, 763, 507, 'randomDate', 105),
(2533, 763, 507, 'randomDate', 149),
(2534, 763, 507, 'randomDate', 78),
(2535, 763, 507, 'randomDate', 3),
(2536, 911, 508, 'randomDate', 199),
(2537, 911, 508, 'randomDate', 60),
(2538, 911, 508, 'randomDate', 187),
(2539, 911, 508, 'randomDate', 143),
(2540, 911, 508, 'randomDate', 42),
(2541, 325, 509, 'randomDate', 18),
(2542, 325, 509, 'randomDate', 123),
(2543, 325, 509, 'randomDate', 80),
(2544, 325, 509, 'randomDate', 193),
(2545, 325, 509, 'randomDate', 44),
(2546, 577, 510, 'randomDate', 71),
(2547, 577, 510, 'randomDate', 28),
(2548, 577, 510, 'randomDate', 120),
(2549, 577, 510, 'randomDate', 106),
(2550, 577, 510, 'randomDate', 60),
(2551, 200, 511, 'randomDate', 70),
(2552, 200, 511, 'randomDate', 78),
(2553, 200, 511, 'randomDate', 85),
(2554, 200, 511, 'randomDate', 184),
(2555, 200, 511, 'randomDate', 177),
(2556, 335, 512, 'randomDate', 82),
(2557, 335, 512, 'randomDate', 12),
(2558, 335, 512, 'randomDate', 31),
(2559, 335, 512, 'randomDate', 14),
(2560, 335, 512, 'randomDate', 103),
(2561, 317, 513, 'randomDate', 4),
(2562, 317, 513, 'randomDate', 102),
(2563, 317, 513, 'randomDate', 138),
(2564, 317, 513, 'randomDate', 142),
(2565, 317, 513, 'randomDate', 1),
(2566, 664, 514, 'randomDate', 21),
(2567, 664, 514, 'randomDate', 169),
(2568, 664, 514, 'randomDate', 137),
(2569, 664, 514, 'randomDate', 26),
(2570, 664, 514, 'randomDate', 71),
(2571, 1173, 515, 'randomDate', 118),
(2572, 1173, 515, 'randomDate', 109),
(2573, 1173, 515, 'randomDate', 179),
(2574, 1173, 515, 'randomDate', 71),
(2575, 1173, 515, 'randomDate', 147),
(2576, 639, 516, 'randomDate', 3),
(2577, 639, 516, 'randomDate', 28),
(2578, 639, 516, 'randomDate', 150),
(2579, 639, 516, 'randomDate', 87),
(2580, 639, 516, 'randomDate', 162),
(2581, 495, 517, 'randomDate', 80),
(2582, 495, 517, 'randomDate', 124),
(2583, 495, 517, 'randomDate', 7),
(2584, 495, 517, 'randomDate', 98),
(2585, 495, 517, 'randomDate', 189),
(2586, 663, 518, 'randomDate', 39),
(2587, 663, 518, 'randomDate', 77),
(2588, 663, 518, 'randomDate', 139),
(2589, 663, 518, 'randomDate', 85),
(2590, 663, 518, 'randomDate', 41),
(2591, 833, 519, 'randomDate', 19),
(2592, 833, 519, 'randomDate', 177),
(2593, 833, 519, 'randomDate', 160),
(2594, 833, 519, 'randomDate', 54),
(2595, 833, 519, 'randomDate', 15),
(2596, 342, 520, 'randomDate', 123),
(2597, 342, 520, 'randomDate', 65),
(2598, 342, 520, 'randomDate', 136),
(2599, 342, 520, 'randomDate', 82),
(2600, 342, 520, 'randomDate', 106),
(2601, 140, 521, 'randomDate', 93),
(2602, 140, 521, 'randomDate', 50),
(2603, 140, 521, 'randomDate', 193),
(2604, 140, 521, 'randomDate', 39),
(2605, 140, 521, 'randomDate', 7),
(2606, 5, 522, 'randomDate', 152),
(2607, 5, 522, 'randomDate', 99),
(2608, 5, 522, 'randomDate', 193),
(2609, 5, 522, 'randomDate', 191),
(2610, 5, 522, 'randomDate', 92),
(2611, 586, 523, 'randomDate', 143),
(2612, 586, 523, 'randomDate', 150),
(2613, 586, 523, 'randomDate', 82),
(2614, 586, 523, 'randomDate', 15),
(2615, 586, 523, 'randomDate', 81),
(2616, 1002, 524, 'randomDate', 21),
(2617, 1002, 524, 'randomDate', 155),
(2618, 1002, 524, 'randomDate', 100),
(2619, 1002, 524, 'randomDate', 175),
(2620, 1002, 524, 'randomDate', 180),
(2621, 352, 525, 'randomDate', 149),
(2622, 352, 525, 'randomDate', 99),
(2623, 352, 525, 'randomDate', 5),
(2624, 352, 525, 'randomDate', 179),
(2625, 352, 525, 'randomDate', 182),
(2626, 1157, 526, 'randomDate', 164),
(2627, 1157, 526, 'randomDate', 16),
(2628, 1157, 526, 'randomDate', 118),
(2629, 1157, 526, 'randomDate', 17),
(2630, 1157, 526, 'randomDate', 103),
(2631, 13, 527, 'randomDate', 109),
(2632, 13, 527, 'randomDate', 45),
(2633, 13, 527, 'randomDate', 12),
(2634, 13, 527, 'randomDate', 76),
(2635, 13, 527, 'randomDate', 13),
(2636, 1138, 528, 'randomDate', 61),
(2637, 1138, 528, 'randomDate', 21),
(2638, 1138, 528, 'randomDate', 88),
(2639, 1138, 528, 'randomDate', 30),
(2640, 1138, 528, 'randomDate', 55),
(2641, 410, 529, 'randomDate', 142),
(2642, 410, 529, 'randomDate', 33),
(2643, 410, 529, 'randomDate', 9),
(2644, 410, 529, 'randomDate', 2),
(2645, 410, 529, 'randomDate', 155),
(2646, 1120, 530, 'randomDate', 71),
(2647, 1120, 530, 'randomDate', 112),
(2648, 1120, 530, 'randomDate', 75),
(2649, 1120, 530, 'randomDate', 92),
(2650, 1120, 530, 'randomDate', 108),
(2651, 521, 531, 'randomDate', 137),
(2652, 521, 531, 'randomDate', 181),
(2653, 521, 531, 'randomDate', 158),
(2654, 521, 531, 'randomDate', 36),
(2655, 521, 531, 'randomDate', 40),
(2656, 1090, 532, 'randomDate', 55),
(2657, 1090, 532, 'randomDate', 30),
(2658, 1090, 532, 'randomDate', 29),
(2659, 1090, 532, 'randomDate', 55),
(2660, 1090, 532, 'randomDate', 95),
(2661, 199, 533, 'randomDate', 136),
(2662, 199, 533, 'randomDate', 180),
(2663, 199, 533, 'randomDate', 11),
(2664, 199, 533, 'randomDate', 158),
(2665, 199, 533, 'randomDate', 65),
(2666, 1148, 534, 'randomDate', 44),
(2667, 1148, 534, 'randomDate', 89),
(2668, 1148, 534, 'randomDate', 8),
(2669, 1148, 534, 'randomDate', 139),
(2670, 1148, 534, 'randomDate', 163),
(2671, 475, 535, 'randomDate', 122),
(2672, 475, 535, 'randomDate', 185),
(2673, 475, 535, 'randomDate', 66),
(2674, 475, 535, 'randomDate', 63),
(2675, 475, 535, 'randomDate', 124),
(2676, 595, 536, 'randomDate', 150),
(2677, 595, 536, 'randomDate', 167),
(2678, 595, 536, 'randomDate', 90),
(2679, 595, 536, 'randomDate', 109),
(2680, 595, 536, 'randomDate', 23),
(2681, 214, 537, 'randomDate', 140),
(2682, 214, 537, 'randomDate', 107),
(2683, 214, 537, 'randomDate', 124),
(2684, 214, 537, 'randomDate', 28),
(2685, 214, 537, 'randomDate', 120),
(2686, 670, 538, 'randomDate', 28),
(2687, 670, 538, 'randomDate', 156),
(2688, 670, 538, 'randomDate', 89),
(2689, 670, 538, 'randomDate', 74),
(2690, 670, 538, 'randomDate', 198),
(2691, 67, 539, 'randomDate', 11),
(2692, 67, 539, 'randomDate', 94),
(2693, 67, 539, 'randomDate', 52),
(2694, 67, 539, 'randomDate', 111),
(2695, 67, 539, 'randomDate', 81),
(2696, 1207, 540, 'randomDate', 185),
(2697, 1207, 540, 'randomDate', 133),
(2698, 1207, 540, 'randomDate', 168),
(2699, 1207, 540, 'randomDate', 139),
(2700, 1207, 540, 'randomDate', 165),
(2701, 341, 541, 'randomDate', 198),
(2702, 341, 541, 'randomDate', 195),
(2703, 341, 541, 'randomDate', 194),
(2704, 341, 541, 'randomDate', 88),
(2705, 341, 541, 'randomDate', 161),
(2706, 939, 542, 'randomDate', 105),
(2707, 939, 542, 'randomDate', 32),
(2708, 939, 542, 'randomDate', 183),
(2709, 939, 542, 'randomDate', 180),
(2710, 939, 542, 'randomDate', 13),
(2711, 92, 543, 'randomDate', 200),
(2712, 92, 543, 'randomDate', 93),
(2713, 92, 543, 'randomDate', 111),
(2714, 92, 543, 'randomDate', 116),
(2715, 92, 543, 'randomDate', 41),
(2716, 232, 544, 'randomDate', 114),
(2717, 232, 544, 'randomDate', 120),
(2718, 232, 544, 'randomDate', 106),
(2719, 232, 544, 'randomDate', 128),
(2720, 232, 544, 'randomDate', 61),
(2721, 1072, 545, 'randomDate', 63),
(2722, 1072, 545, 'randomDate', 80),
(2723, 1072, 545, 'randomDate', 108),
(2724, 1072, 545, 'randomDate', 94),
(2725, 1072, 545, 'randomDate', 159),
(2726, 172, 546, 'randomDate', 32),
(2727, 172, 546, 'randomDate', 24),
(2728, 172, 546, 'randomDate', 67),
(2729, 172, 546, 'randomDate', 175),
(2730, 172, 546, 'randomDate', 2),
(2731, 742, 547, 'randomDate', 33),
(2732, 742, 547, 'randomDate', 197),
(2733, 742, 547, 'randomDate', 14),
(2734, 742, 547, 'randomDate', 45),
(2735, 742, 547, 'randomDate', 38),
(2736, 441, 548, 'randomDate', 124),
(2737, 441, 548, 'randomDate', 20),
(2738, 441, 548, 'randomDate', 117),
(2739, 441, 548, 'randomDate', 58),
(2740, 441, 548, 'randomDate', 87),
(2741, 1080, 549, 'randomDate', 121),
(2742, 1080, 549, 'randomDate', 199),
(2743, 1080, 549, 'randomDate', 89),
(2744, 1080, 549, 'randomDate', 199),
(2745, 1080, 549, 'randomDate', 178),
(2746, 835, 550, 'randomDate', 25),
(2747, 835, 550, 'randomDate', 55),
(2748, 835, 550, 'randomDate', 59),
(2749, 835, 550, 'randomDate', 108),
(2750, 835, 550, 'randomDate', 29),
(2751, 383, 551, 'randomDate', 4),
(2752, 383, 551, 'randomDate', 58),
(2753, 383, 551, 'randomDate', 56),
(2754, 383, 551, 'randomDate', 40),
(2755, 383, 551, 'randomDate', 85),
(2756, 353, 552, 'randomDate', 99),
(2757, 353, 552, 'randomDate', 155),
(2758, 353, 552, 'randomDate', 72),
(2759, 353, 552, 'randomDate', 200),
(2760, 353, 552, 'randomDate', 14),
(2761, 858, 553, 'randomDate', 129),
(2762, 858, 553, 'randomDate', 115),
(2763, 858, 553, 'randomDate', 157),
(2764, 858, 553, 'randomDate', 151),
(2765, 858, 553, 'randomDate', 36),
(2766, 1145, 554, 'randomDate', 101),
(2767, 1145, 554, 'randomDate', 37),
(2768, 1145, 554, 'randomDate', 82),
(2769, 1145, 554, 'randomDate', 105),
(2770, 1145, 554, 'randomDate', 126),
(2771, 421, 555, 'randomDate', 96),
(2772, 421, 555, 'randomDate', 78),
(2773, 421, 555, 'randomDate', 53),
(2774, 421, 555, 'randomDate', 140),
(2775, 421, 555, 'randomDate', 119),
(2776, 310, 556, 'randomDate', 57),
(2777, 310, 556, 'randomDate', 146),
(2778, 310, 556, 'randomDate', 78),
(2779, 310, 556, 'randomDate', 62),
(2780, 310, 556, 'randomDate', 19),
(2781, 291, 557, 'randomDate', 187),
(2782, 291, 557, 'randomDate', 51),
(2783, 291, 557, 'randomDate', 48),
(2784, 291, 557, 'randomDate', 45),
(2785, 291, 557, 'randomDate', 14),
(2786, 1139, 558, 'randomDate', 177),
(2787, 1139, 558, 'randomDate', 166),
(2788, 1139, 558, 'randomDate', 124),
(2789, 1139, 558, 'randomDate', 21),
(2790, 1139, 558, 'randomDate', 91),
(2791, 437, 559, 'randomDate', 56),
(2792, 437, 559, 'randomDate', 27),
(2793, 437, 559, 'randomDate', 16),
(2794, 437, 559, 'randomDate', 195),
(2795, 437, 559, 'randomDate', 115),
(2796, 47, 560, 'randomDate', 121),
(2797, 47, 560, 'randomDate', 39),
(2798, 47, 560, 'randomDate', 29),
(2799, 47, 560, 'randomDate', 191),
(2800, 47, 560, 'randomDate', 21),
(2801, 1090, 561, 'randomDate', 46),
(2802, 1090, 561, 'randomDate', 58),
(2803, 1090, 561, 'randomDate', 89),
(2804, 1090, 561, 'randomDate', 142),
(2805, 1090, 561, 'randomDate', 162),
(2806, 248, 562, 'randomDate', 1),
(2807, 248, 562, 'randomDate', 57),
(2808, 248, 562, 'randomDate', 133),
(2809, 248, 562, 'randomDate', 200),
(2810, 248, 562, 'randomDate', 194),
(2811, 622, 563, 'randomDate', 29),
(2812, 622, 563, 'randomDate', 146),
(2813, 622, 563, 'randomDate', 16),
(2814, 622, 563, 'randomDate', 118),
(2815, 622, 563, 'randomDate', 43),
(2816, 1120, 564, 'randomDate', 172),
(2817, 1120, 564, 'randomDate', 44),
(2818, 1120, 564, 'randomDate', 134),
(2819, 1120, 564, 'randomDate', 153),
(2820, 1120, 564, 'randomDate', 100),
(2821, 708, 565, 'randomDate', 52),
(2822, 708, 565, 'randomDate', 189),
(2823, 708, 565, 'randomDate', 102),
(2824, 708, 565, 'randomDate', 197),
(2825, 708, 565, 'randomDate', 118),
(2826, 940, 566, 'randomDate', 66),
(2827, 940, 566, 'randomDate', 197),
(2828, 940, 566, 'randomDate', 166),
(2829, 940, 566, 'randomDate', 19),
(2830, 940, 566, 'randomDate', 139),
(2831, 557, 567, 'randomDate', 191),
(2832, 557, 567, 'randomDate', 3),
(2833, 557, 567, 'randomDate', 170),
(2834, 557, 567, 'randomDate', 25),
(2835, 557, 567, 'randomDate', 115),
(2836, 833, 568, 'randomDate', 48),
(2837, 833, 568, 'randomDate', 38),
(2838, 833, 568, 'randomDate', 103),
(2839, 833, 568, 'randomDate', 187),
(2840, 833, 568, 'randomDate', 105),
(2841, 856, 569, 'randomDate', 155),
(2842, 856, 569, 'randomDate', 114),
(2843, 856, 569, 'randomDate', 70),
(2844, 856, 569, 'randomDate', 39),
(2845, 856, 569, 'randomDate', 132),
(2846, 215, 570, 'randomDate', 187),
(2847, 215, 570, 'randomDate', 128),
(2848, 215, 570, 'randomDate', 28),
(2849, 215, 570, 'randomDate', 137),
(2850, 215, 570, 'randomDate', 108),
(2851, 433, 571, 'randomDate', 112),
(2852, 433, 571, 'randomDate', 57),
(2853, 433, 571, 'randomDate', 174),
(2854, 433, 571, 'randomDate', 37),
(2855, 433, 571, 'randomDate', 16),
(2856, 743, 572, 'randomDate', 48),
(2857, 743, 572, 'randomDate', 198),
(2858, 743, 572, 'randomDate', 101),
(2859, 743, 572, 'randomDate', 20),
(2860, 743, 572, 'randomDate', 134),
(2861, 204, 573, 'randomDate', 82),
(2862, 204, 573, 'randomDate', 157),
(2863, 204, 573, 'randomDate', 130),
(2864, 204, 573, 'randomDate', 134),
(2865, 204, 573, 'randomDate', 77),
(2866, 542, 574, 'randomDate', 83),
(2867, 542, 574, 'randomDate', 72),
(2868, 542, 574, 'randomDate', 135),
(2869, 542, 574, 'randomDate', 169),
(2870, 542, 574, 'randomDate', 137),
(2871, 1047, 575, 'randomDate', 154),
(2872, 1047, 575, 'randomDate', 35),
(2873, 1047, 575, 'randomDate', 141),
(2874, 1047, 575, 'randomDate', 34),
(2875, 1047, 575, 'randomDate', 151),
(2876, 584, 576, 'randomDate', 37),
(2877, 584, 576, 'randomDate', 53),
(2878, 584, 576, 'randomDate', 139),
(2879, 584, 576, 'randomDate', 46),
(2880, 584, 576, 'randomDate', 187),
(2881, 461, 577, 'randomDate', 44),
(2882, 461, 577, 'randomDate', 26),
(2883, 461, 577, 'randomDate', 190),
(2884, 461, 577, 'randomDate', 164),
(2885, 461, 577, 'randomDate', 31),
(2886, 135, 578, 'randomDate', 116),
(2887, 135, 578, 'randomDate', 192),
(2888, 135, 578, 'randomDate', 69),
(2889, 135, 578, 'randomDate', 32),
(2890, 135, 578, 'randomDate', 35),
(2891, 159, 579, 'randomDate', 95),
(2892, 159, 579, 'randomDate', 180),
(2893, 159, 579, 'randomDate', 197),
(2894, 159, 579, 'randomDate', 22),
(2895, 159, 579, 'randomDate', 170),
(2896, 698, 580, 'randomDate', 35),
(2897, 698, 580, 'randomDate', 81),
(2898, 698, 580, 'randomDate', 150),
(2899, 698, 580, 'randomDate', 87),
(2900, 698, 580, 'randomDate', 124),
(2901, 298, 581, 'randomDate', 151),
(2902, 298, 581, 'randomDate', 194),
(2903, 298, 581, 'randomDate', 144),
(2904, 298, 581, 'randomDate', 17),
(2905, 298, 581, 'randomDate', 30),
(2906, 248, 582, 'randomDate', 7),
(2907, 248, 582, 'randomDate', 115),
(2908, 248, 582, 'randomDate', 76),
(2909, 248, 582, 'randomDate', 163),
(2910, 248, 582, 'randomDate', 65),
(2911, 997, 583, 'randomDate', 182),
(2912, 997, 583, 'randomDate', 14),
(2913, 997, 583, 'randomDate', 85),
(2914, 997, 583, 'randomDate', 120),
(2915, 997, 583, 'randomDate', 122),
(2916, 819, 584, 'randomDate', 40),
(2917, 819, 584, 'randomDate', 146),
(2918, 819, 584, 'randomDate', 52),
(2919, 819, 584, 'randomDate', 127),
(2920, 819, 584, 'randomDate', 11),
(2921, 209, 585, 'randomDate', 136),
(2922, 209, 585, 'randomDate', 141),
(2923, 209, 585, 'randomDate', 89),
(2924, 209, 585, 'randomDate', 19),
(2925, 209, 585, 'randomDate', 37),
(2926, 311, 586, 'randomDate', 113),
(2927, 311, 586, 'randomDate', 38),
(2928, 311, 586, 'randomDate', 38),
(2929, 311, 586, 'randomDate', 200),
(2930, 311, 586, 'randomDate', 131),
(2931, 104, 587, 'randomDate', 119),
(2932, 104, 587, 'randomDate', 9),
(2933, 104, 587, 'randomDate', 27);
INSERT INTO `sales` (`sale_id`, `saleman_id`, `customer_id`, `sale_date`, `product_id`) VALUES
(2934, 104, 587, 'randomDate', 200),
(2935, 104, 587, 'randomDate', 98),
(2936, 74, 588, 'randomDate', 73),
(2937, 74, 588, 'randomDate', 38),
(2938, 74, 588, 'randomDate', 74),
(2939, 74, 588, 'randomDate', 146),
(2940, 74, 588, 'randomDate', 6),
(2941, 79, 589, 'randomDate', 91),
(2942, 79, 589, 'randomDate', 116),
(2943, 79, 589, 'randomDate', 108),
(2944, 79, 589, 'randomDate', 195),
(2945, 79, 589, 'randomDate', 195),
(2946, 362, 590, 'randomDate', 109),
(2947, 362, 590, 'randomDate', 146),
(2948, 362, 590, 'randomDate', 89),
(2949, 362, 590, 'randomDate', 78),
(2950, 362, 590, 'randomDate', 51),
(2951, 709, 591, 'randomDate', 28),
(2952, 709, 591, 'randomDate', 110),
(2953, 709, 591, 'randomDate', 160),
(2954, 709, 591, 'randomDate', 92),
(2955, 709, 591, 'randomDate', 46),
(2956, 627, 592, 'randomDate', 154),
(2957, 627, 592, 'randomDate', 193),
(2958, 627, 592, 'randomDate', 195),
(2959, 627, 592, 'randomDate', 31),
(2960, 627, 592, 'randomDate', 22),
(2961, 403, 593, 'randomDate', 116),
(2962, 403, 593, 'randomDate', 164),
(2963, 403, 593, 'randomDate', 84),
(2964, 403, 593, 'randomDate', 139),
(2965, 403, 593, 'randomDate', 85),
(2966, 1047, 594, 'randomDate', 102),
(2967, 1047, 594, 'randomDate', 13),
(2968, 1047, 594, 'randomDate', 108),
(2969, 1047, 594, 'randomDate', 107),
(2970, 1047, 594, 'randomDate', 153),
(2971, 571, 595, 'randomDate', 67),
(2972, 571, 595, 'randomDate', 84),
(2973, 571, 595, 'randomDate', 144),
(2974, 571, 595, 'randomDate', 40),
(2975, 571, 595, 'randomDate', 80),
(2976, 390, 596, 'randomDate', 3),
(2977, 390, 596, 'randomDate', 141),
(2978, 390, 596, 'randomDate', 141),
(2979, 390, 596, 'randomDate', 53),
(2980, 390, 596, 'randomDate', 96),
(2981, 1065, 597, 'randomDate', 141),
(2982, 1065, 597, 'randomDate', 163),
(2983, 1065, 597, 'randomDate', 3),
(2984, 1065, 597, 'randomDate', 106),
(2985, 1065, 597, 'randomDate', 168),
(2986, 1188, 598, 'randomDate', 78),
(2987, 1188, 598, 'randomDate', 83),
(2988, 1188, 598, 'randomDate', 193),
(2989, 1188, 598, 'randomDate', 17),
(2990, 1188, 598, 'randomDate', 48),
(2991, 487, 599, 'randomDate', 156),
(2992, 487, 599, 'randomDate', 27),
(2993, 487, 599, 'randomDate', 135),
(2994, 487, 599, 'randomDate', 152),
(2995, 487, 599, 'randomDate', 183),
(2996, 312, 600, 'randomDate', 67),
(2997, 312, 600, 'randomDate', 43),
(2998, 312, 600, 'randomDate', 113),
(2999, 312, 600, 'randomDate', 122),
(3000, 312, 600, 'randomDate', 99),
(3001, 131, 601, 'randomDate', 59),
(3002, 131, 601, 'randomDate', 100),
(3003, 131, 601, 'randomDate', 165),
(3004, 131, 601, 'randomDate', 99),
(3005, 131, 601, 'randomDate', 123),
(3006, 216, 602, 'randomDate', 194),
(3007, 216, 602, 'randomDate', 105),
(3008, 216, 602, 'randomDate', 177),
(3009, 216, 602, 'randomDate', 91),
(3010, 216, 602, 'randomDate', 133),
(3011, 648, 603, 'randomDate', 124),
(3012, 648, 603, 'randomDate', 36),
(3013, 648, 603, 'randomDate', 116),
(3014, 648, 603, 'randomDate', 107),
(3015, 648, 603, 'randomDate', 133),
(3016, 735, 604, 'randomDate', 133),
(3017, 735, 604, 'randomDate', 92),
(3018, 735, 604, 'randomDate', 75),
(3019, 735, 604, 'randomDate', 125),
(3020, 735, 604, 'randomDate', 113),
(3021, 1131, 605, 'randomDate', 105),
(3022, 1131, 605, 'randomDate', 186),
(3023, 1131, 605, 'randomDate', 59),
(3024, 1131, 605, 'randomDate', 99),
(3025, 1131, 605, 'randomDate', 156),
(3026, 600, 606, 'randomDate', 64),
(3027, 600, 606, 'randomDate', 96),
(3028, 600, 606, 'randomDate', 37),
(3029, 600, 606, 'randomDate', 81),
(3030, 600, 606, 'randomDate', 16),
(3031, 636, 607, 'randomDate', 152),
(3032, 636, 607, 'randomDate', 37),
(3033, 636, 607, 'randomDate', 78),
(3034, 636, 607, 'randomDate', 39),
(3035, 636, 607, 'randomDate', 25),
(3036, 177, 608, 'randomDate', 123),
(3037, 177, 608, 'randomDate', 153),
(3038, 177, 608, 'randomDate', 5),
(3039, 177, 608, 'randomDate', 112),
(3040, 177, 608, 'randomDate', 11),
(3041, 913, 609, 'randomDate', 81),
(3042, 913, 609, 'randomDate', 178),
(3043, 913, 609, 'randomDate', 30),
(3044, 913, 609, 'randomDate', 62),
(3045, 913, 609, 'randomDate', 21),
(3046, 554, 610, 'randomDate', 136),
(3047, 554, 610, 'randomDate', 165),
(3048, 554, 610, 'randomDate', 38),
(3049, 554, 610, 'randomDate', 174),
(3050, 554, 610, 'randomDate', 85),
(3051, 640, 611, 'randomDate', 31),
(3052, 640, 611, 'randomDate', 142),
(3053, 640, 611, 'randomDate', 64),
(3054, 640, 611, 'randomDate', 1),
(3055, 640, 611, 'randomDate', 191),
(3056, 196, 612, 'randomDate', 160),
(3057, 196, 612, 'randomDate', 92),
(3058, 196, 612, 'randomDate', 40),
(3059, 196, 612, 'randomDate', 79),
(3060, 196, 612, 'randomDate', 173),
(3061, 579, 613, 'randomDate', 53),
(3062, 579, 613, 'randomDate', 199),
(3063, 579, 613, 'randomDate', 168),
(3064, 579, 613, 'randomDate', 165),
(3065, 579, 613, 'randomDate', 99),
(3066, 116, 614, 'randomDate', 99),
(3067, 116, 614, 'randomDate', 164),
(3068, 116, 614, 'randomDate', 110),
(3069, 116, 614, 'randomDate', 47),
(3070, 116, 614, 'randomDate', 11),
(3071, 243, 615, 'randomDate', 167),
(3072, 243, 615, 'randomDate', 68),
(3073, 243, 615, 'randomDate', 167),
(3074, 243, 615, 'randomDate', 3),
(3075, 243, 615, 'randomDate', 10),
(3076, 526, 616, 'randomDate', 143),
(3077, 526, 616, 'randomDate', 182),
(3078, 526, 616, 'randomDate', 132),
(3079, 526, 616, 'randomDate', 84),
(3080, 526, 616, 'randomDate', 132),
(3081, 623, 617, 'randomDate', 102),
(3082, 623, 617, 'randomDate', 181),
(3083, 623, 617, 'randomDate', 97),
(3084, 623, 617, 'randomDate', 179),
(3085, 623, 617, 'randomDate', 50),
(3086, 1147, 618, 'randomDate', 107),
(3087, 1147, 618, 'randomDate', 7),
(3088, 1147, 618, 'randomDate', 157),
(3089, 1147, 618, 'randomDate', 78),
(3090, 1147, 618, 'randomDate', 51),
(3091, 850, 619, 'randomDate', 176),
(3092, 850, 619, 'randomDate', 127),
(3093, 850, 619, 'randomDate', 100),
(3094, 850, 619, 'randomDate', 181),
(3095, 850, 619, 'randomDate', 195),
(3096, 294, 620, 'randomDate', 123),
(3097, 294, 620, 'randomDate', 110),
(3098, 294, 620, 'randomDate', 198),
(3099, 294, 620, 'randomDate', 71),
(3100, 294, 620, 'randomDate', 136),
(3101, 930, 621, 'randomDate', 2),
(3102, 930, 621, 'randomDate', 158),
(3103, 930, 621, 'randomDate', 174),
(3104, 930, 621, 'randomDate', 47),
(3105, 930, 621, 'randomDate', 129),
(3106, 40, 622, 'randomDate', 121),
(3107, 40, 622, 'randomDate', 38),
(3108, 40, 622, 'randomDate', 21),
(3109, 40, 622, 'randomDate', 27),
(3110, 40, 622, 'randomDate', 159),
(3111, 828, 623, 'randomDate', 169),
(3112, 828, 623, 'randomDate', 186),
(3113, 828, 623, 'randomDate', 44),
(3114, 828, 623, 'randomDate', 175),
(3115, 828, 623, 'randomDate', 158),
(3116, 448, 624, 'randomDate', 77),
(3117, 448, 624, 'randomDate', 173),
(3118, 448, 624, 'randomDate', 187),
(3119, 448, 624, 'randomDate', 188),
(3120, 448, 624, 'randomDate', 173),
(3121, 779, 625, 'randomDate', 4),
(3122, 779, 625, 'randomDate', 48),
(3123, 779, 625, 'randomDate', 21),
(3124, 779, 625, 'randomDate', 135),
(3125, 779, 625, 'randomDate', 108),
(3126, 1086, 626, 'randomDate', 110),
(3127, 1086, 626, 'randomDate', 3),
(3128, 1086, 626, 'randomDate', 55),
(3129, 1086, 626, 'randomDate', 29),
(3130, 1086, 626, 'randomDate', 9),
(3131, 368, 627, 'randomDate', 45),
(3132, 368, 627, 'randomDate', 176),
(3133, 368, 627, 'randomDate', 129),
(3134, 368, 627, 'randomDate', 122),
(3135, 368, 627, 'randomDate', 109),
(3136, 116, 628, 'randomDate', 34),
(3137, 116, 628, 'randomDate', 75),
(3138, 116, 628, 'randomDate', 168),
(3139, 116, 628, 'randomDate', 80),
(3140, 116, 628, 'randomDate', 141),
(3141, 56, 629, 'randomDate', 157),
(3142, 56, 629, 'randomDate', 188),
(3143, 56, 629, 'randomDate', 65),
(3144, 56, 629, 'randomDate', 156),
(3145, 56, 629, 'randomDate', 91),
(3146, 677, 630, 'randomDate', 120),
(3147, 677, 630, 'randomDate', 119),
(3148, 677, 630, 'randomDate', 176),
(3149, 677, 630, 'randomDate', 142),
(3150, 677, 630, 'randomDate', 23),
(3151, 265, 631, 'randomDate', 21),
(3152, 265, 631, 'randomDate', 68),
(3153, 265, 631, 'randomDate', 17),
(3154, 265, 631, 'randomDate', 85),
(3155, 265, 631, 'randomDate', 41),
(3156, 247, 632, 'randomDate', 147),
(3157, 247, 632, 'randomDate', 103),
(3158, 247, 632, 'randomDate', 177),
(3159, 247, 632, 'randomDate', 191),
(3160, 247, 632, 'randomDate', 169),
(3161, 469, 633, 'randomDate', 32),
(3162, 469, 633, 'randomDate', 23),
(3163, 469, 633, 'randomDate', 140),
(3164, 469, 633, 'randomDate', 35),
(3165, 469, 633, 'randomDate', 192),
(3166, 673, 634, 'randomDate', 127),
(3167, 673, 634, 'randomDate', 144),
(3168, 673, 634, 'randomDate', 73),
(3169, 673, 634, 'randomDate', 162),
(3170, 673, 634, 'randomDate', 98),
(3171, 711, 635, 'randomDate', 16),
(3172, 711, 635, 'randomDate', 183),
(3173, 711, 635, 'randomDate', 56),
(3174, 711, 635, 'randomDate', 105),
(3175, 711, 635, 'randomDate', 184),
(3176, 1182, 636, 'randomDate', 140),
(3177, 1182, 636, 'randomDate', 134),
(3178, 1182, 636, 'randomDate', 44),
(3179, 1182, 636, 'randomDate', 177),
(3180, 1182, 636, 'randomDate', 74),
(3181, 691, 637, 'randomDate', 190),
(3182, 691, 637, 'randomDate', 46),
(3183, 691, 637, 'randomDate', 60),
(3184, 691, 637, 'randomDate', 176),
(3185, 691, 637, 'randomDate', 129),
(3186, 1114, 638, 'randomDate', 174),
(3187, 1114, 638, 'randomDate', 133),
(3188, 1114, 638, 'randomDate', 34),
(3189, 1114, 638, 'randomDate', 51),
(3190, 1114, 638, 'randomDate', 143),
(3191, 72, 639, 'randomDate', 178),
(3192, 72, 639, 'randomDate', 43),
(3193, 72, 639, 'randomDate', 188),
(3194, 72, 639, 'randomDate', 35),
(3195, 72, 639, 'randomDate', 190),
(3196, 226, 640, 'randomDate', 183),
(3197, 226, 640, 'randomDate', 183),
(3198, 226, 640, 'randomDate', 122),
(3199, 226, 640, 'randomDate', 122),
(3200, 226, 640, 'randomDate', 38),
(3201, 1214, 641, 'randomDate', 168),
(3202, 1214, 641, 'randomDate', 52),
(3203, 1214, 641, 'randomDate', 14),
(3204, 1214, 641, 'randomDate', 174),
(3205, 1214, 641, 'randomDate', 177),
(3206, 213, 642, 'randomDate', 199),
(3207, 213, 642, 'randomDate', 79),
(3208, 213, 642, 'randomDate', 36),
(3209, 213, 642, 'randomDate', 41),
(3210, 213, 642, 'randomDate', 10),
(3211, 969, 643, 'randomDate', 47),
(3212, 969, 643, 'randomDate', 108),
(3213, 969, 643, 'randomDate', 149),
(3214, 969, 643, 'randomDate', 172),
(3215, 969, 643, 'randomDate', 4),
(3216, 150, 644, 'randomDate', 132),
(3217, 150, 644, 'randomDate', 96),
(3218, 150, 644, 'randomDate', 41),
(3219, 150, 644, 'randomDate', 23),
(3220, 150, 644, 'randomDate', 8),
(3221, 709, 645, 'randomDate', 94),
(3222, 709, 645, 'randomDate', 105),
(3223, 709, 645, 'randomDate', 95),
(3224, 709, 645, 'randomDate', 175),
(3225, 709, 645, 'randomDate', 84),
(3226, 440, 646, 'randomDate', 92),
(3227, 440, 646, 'randomDate', 23),
(3228, 440, 646, 'randomDate', 71),
(3229, 440, 646, 'randomDate', 190),
(3230, 440, 646, 'randomDate', 13),
(3231, 553, 647, 'randomDate', 118),
(3232, 553, 647, 'randomDate', 123),
(3233, 553, 647, 'randomDate', 114),
(3234, 553, 647, 'randomDate', 131),
(3235, 553, 647, 'randomDate', 163),
(3236, 689, 648, 'randomDate', 195),
(3237, 689, 648, 'randomDate', 129),
(3238, 689, 648, 'randomDate', 59),
(3239, 689, 648, 'randomDate', 15),
(3240, 689, 648, 'randomDate', 106),
(3241, 885, 649, 'randomDate', 34),
(3242, 885, 649, 'randomDate', 14),
(3243, 885, 649, 'randomDate', 117),
(3244, 885, 649, 'randomDate', 20),
(3245, 885, 649, 'randomDate', 195),
(3246, 9, 650, 'randomDate', 158),
(3247, 9, 650, 'randomDate', 167),
(3248, 9, 650, 'randomDate', 66),
(3249, 9, 650, 'randomDate', 19),
(3250, 9, 650, 'randomDate', 59),
(3251, 230, 651, 'randomDate', 146),
(3252, 230, 651, 'randomDate', 40),
(3253, 230, 651, 'randomDate', 192),
(3254, 230, 651, 'randomDate', 178),
(3255, 230, 651, 'randomDate', 74),
(3256, 969, 652, 'randomDate', 20),
(3257, 969, 652, 'randomDate', 67),
(3258, 969, 652, 'randomDate', 17),
(3259, 969, 652, 'randomDate', 175),
(3260, 969, 652, 'randomDate', 169),
(3261, 414, 653, 'randomDate', 36),
(3262, 414, 653, 'randomDate', 48),
(3263, 414, 653, 'randomDate', 187),
(3264, 414, 653, 'randomDate', 56),
(3265, 414, 653, 'randomDate', 79),
(3266, 174, 654, 'randomDate', 12),
(3267, 174, 654, 'randomDate', 170),
(3268, 174, 654, 'randomDate', 200),
(3269, 174, 654, 'randomDate', 117),
(3270, 174, 654, 'randomDate', 180),
(3271, 796, 655, 'randomDate', 161),
(3272, 796, 655, 'randomDate', 148),
(3273, 796, 655, 'randomDate', 6),
(3274, 796, 655, 'randomDate', 27),
(3275, 796, 655, 'randomDate', 19),
(3276, 725, 656, 'randomDate', 60),
(3277, 725, 656, 'randomDate', 159),
(3278, 725, 656, 'randomDate', 25),
(3279, 725, 656, 'randomDate', 57),
(3280, 725, 656, 'randomDate', 22),
(3281, 1003, 657, 'randomDate', 26),
(3282, 1003, 657, 'randomDate', 21),
(3283, 1003, 657, 'randomDate', 102),
(3284, 1003, 657, 'randomDate', 46),
(3285, 1003, 657, 'randomDate', 175),
(3286, 366, 658, 'randomDate', 72),
(3287, 366, 658, 'randomDate', 32),
(3288, 366, 658, 'randomDate', 119),
(3289, 366, 658, 'randomDate', 127),
(3290, 366, 658, 'randomDate', 1),
(3291, 13, 659, 'randomDate', 191),
(3292, 13, 659, 'randomDate', 32),
(3293, 13, 659, 'randomDate', 156),
(3294, 13, 659, 'randomDate', 77),
(3295, 13, 659, 'randomDate', 18),
(3296, 298, 660, 'randomDate', 81),
(3297, 298, 660, 'randomDate', 119),
(3298, 298, 660, 'randomDate', 125),
(3299, 298, 660, 'randomDate', 60),
(3300, 298, 660, 'randomDate', 169),
(3301, 109, 661, 'randomDate', 176),
(3302, 109, 661, 'randomDate', 139),
(3303, 109, 661, 'randomDate', 175),
(3304, 109, 661, 'randomDate', 53),
(3305, 109, 661, 'randomDate', 182),
(3306, 621, 662, 'randomDate', 165),
(3307, 621, 662, 'randomDate', 38),
(3308, 621, 662, 'randomDate', 99),
(3309, 621, 662, 'randomDate', 64),
(3310, 621, 662, 'randomDate', 43),
(3311, 1106, 663, 'randomDate', 11),
(3312, 1106, 663, 'randomDate', 78),
(3313, 1106, 663, 'randomDate', 5),
(3314, 1106, 663, 'randomDate', 47),
(3315, 1106, 663, 'randomDate', 105),
(3316, 637, 664, 'randomDate', 124),
(3317, 637, 664, 'randomDate', 90),
(3318, 637, 664, 'randomDate', 56),
(3319, 637, 664, 'randomDate', 15),
(3320, 637, 664, 'randomDate', 39),
(3321, 656, 665, 'randomDate', 52),
(3322, 656, 665, 'randomDate', 183),
(3323, 656, 665, 'randomDate', 87),
(3324, 656, 665, 'randomDate', 83),
(3325, 656, 665, 'randomDate', 102),
(3326, 371, 666, 'randomDate', 75),
(3327, 371, 666, 'randomDate', 112),
(3328, 371, 666, 'randomDate', 47),
(3329, 371, 666, 'randomDate', 123),
(3330, 371, 666, 'randomDate', 71),
(3331, 622, 667, 'randomDate', 33),
(3332, 622, 667, 'randomDate', 175),
(3333, 622, 667, 'randomDate', 5),
(3334, 622, 667, 'randomDate', 116),
(3335, 622, 667, 'randomDate', 35),
(3336, 870, 668, 'randomDate', 117),
(3337, 870, 668, 'randomDate', 30),
(3338, 870, 668, 'randomDate', 188),
(3339, 870, 668, 'randomDate', 118),
(3340, 870, 668, 'randomDate', 196),
(3341, 99, 669, 'randomDate', 170),
(3342, 99, 669, 'randomDate', 15),
(3343, 99, 669, 'randomDate', 25),
(3344, 99, 669, 'randomDate', 51),
(3345, 99, 669, 'randomDate', 42),
(3346, 868, 670, 'randomDate', 85),
(3347, 868, 670, 'randomDate', 49),
(3348, 868, 670, 'randomDate', 88),
(3349, 868, 670, 'randomDate', 165),
(3350, 868, 670, 'randomDate', 192),
(3351, 572, 671, 'randomDate', 24),
(3352, 572, 671, 'randomDate', 145),
(3353, 572, 671, 'randomDate', 23),
(3354, 572, 671, 'randomDate', 59),
(3355, 572, 671, 'randomDate', 151),
(3356, 730, 672, 'randomDate', 172),
(3357, 730, 672, 'randomDate', 90),
(3358, 730, 672, 'randomDate', 7),
(3359, 730, 672, 'randomDate', 135),
(3360, 730, 672, 'randomDate', 190),
(3361, 147, 673, 'randomDate', 200),
(3362, 147, 673, 'randomDate', 105),
(3363, 147, 673, 'randomDate', 139),
(3364, 147, 673, 'randomDate', 177),
(3365, 147, 673, 'randomDate', 111),
(3366, 328, 674, 'randomDate', 152),
(3367, 328, 674, 'randomDate', 56),
(3368, 328, 674, 'randomDate', 35),
(3369, 328, 674, 'randomDate', 61),
(3370, 328, 674, 'randomDate', 191),
(3371, 1145, 675, 'randomDate', 180),
(3372, 1145, 675, 'randomDate', 184),
(3373, 1145, 675, 'randomDate', 140),
(3374, 1145, 675, 'randomDate', 151),
(3375, 1145, 675, 'randomDate', 14),
(3376, 559, 676, 'randomDate', 67),
(3377, 559, 676, 'randomDate', 153),
(3378, 559, 676, 'randomDate', 90),
(3379, 559, 676, 'randomDate', 142),
(3380, 559, 676, 'randomDate', 74),
(3381, 686, 677, 'randomDate', 75),
(3382, 686, 677, 'randomDate', 117),
(3383, 686, 677, 'randomDate', 196),
(3384, 686, 677, 'randomDate', 167),
(3385, 686, 677, 'randomDate', 81),
(3386, 4, 678, 'randomDate', 105),
(3387, 4, 678, 'randomDate', 69),
(3388, 4, 678, 'randomDate', 71),
(3389, 4, 678, 'randomDate', 122),
(3390, 4, 678, 'randomDate', 105),
(3391, 711, 679, 'randomDate', 11),
(3392, 711, 679, 'randomDate', 51),
(3393, 711, 679, 'randomDate', 88),
(3394, 711, 679, 'randomDate', 44),
(3395, 711, 679, 'randomDate', 107),
(3396, 92, 680, 'randomDate', 181),
(3397, 92, 680, 'randomDate', 156),
(3398, 92, 680, 'randomDate', 45),
(3399, 92, 680, 'randomDate', 46),
(3400, 92, 680, 'randomDate', 32),
(3401, 996, 681, 'randomDate', 134),
(3402, 996, 681, 'randomDate', 122),
(3403, 996, 681, 'randomDate', 146),
(3404, 996, 681, 'randomDate', 9),
(3405, 996, 681, 'randomDate', 22),
(3406, 542, 682, 'randomDate', 45),
(3407, 542, 682, 'randomDate', 126),
(3408, 542, 682, 'randomDate', 94),
(3409, 542, 682, 'randomDate', 57),
(3410, 542, 682, 'randomDate', 55),
(3411, 672, 683, 'randomDate', 97),
(3412, 672, 683, 'randomDate', 14),
(3413, 672, 683, 'randomDate', 133),
(3414, 672, 683, 'randomDate', 72),
(3415, 672, 683, 'randomDate', 153),
(3416, 885, 684, 'randomDate', 22),
(3417, 885, 684, 'randomDate', 155),
(3418, 885, 684, 'randomDate', 171),
(3419, 885, 684, 'randomDate', 191),
(3420, 885, 684, 'randomDate', 40),
(3421, 961, 685, 'randomDate', 182),
(3422, 961, 685, 'randomDate', 12),
(3423, 961, 685, 'randomDate', 49),
(3424, 961, 685, 'randomDate', 1),
(3425, 961, 685, 'randomDate', 82),
(3426, 764, 686, 'randomDate', 14),
(3427, 764, 686, 'randomDate', 121),
(3428, 764, 686, 'randomDate', 137),
(3429, 764, 686, 'randomDate', 64),
(3430, 764, 686, 'randomDate', 4),
(3431, 612, 687, 'randomDate', 50),
(3432, 612, 687, 'randomDate', 110),
(3433, 612, 687, 'randomDate', 32),
(3434, 612, 687, 'randomDate', 161),
(3435, 612, 687, 'randomDate', 33),
(3436, 242, 688, 'randomDate', 157),
(3437, 242, 688, 'randomDate', 37),
(3438, 242, 688, 'randomDate', 151),
(3439, 242, 688, 'randomDate', 125),
(3440, 242, 688, 'randomDate', 183),
(3441, 1075, 689, 'randomDate', 83),
(3442, 1075, 689, 'randomDate', 156),
(3443, 1075, 689, 'randomDate', 27),
(3444, 1075, 689, 'randomDate', 105),
(3445, 1075, 689, 'randomDate', 6),
(3446, 101, 690, 'randomDate', 155),
(3447, 101, 690, 'randomDate', 106),
(3448, 101, 690, 'randomDate', 50),
(3449, 101, 690, 'randomDate', 118),
(3450, 101, 690, 'randomDate', 197),
(3451, 721, 691, 'randomDate', 94),
(3452, 721, 691, 'randomDate', 153),
(3453, 721, 691, 'randomDate', 100),
(3454, 721, 691, 'randomDate', 133),
(3455, 721, 691, 'randomDate', 73),
(3456, 935, 692, 'randomDate', 172),
(3457, 935, 692, 'randomDate', 15),
(3458, 935, 692, 'randomDate', 153),
(3459, 935, 692, 'randomDate', 164),
(3460, 935, 692, 'randomDate', 182),
(3461, 11, 693, 'randomDate', 158),
(3462, 11, 693, 'randomDate', 99),
(3463, 11, 693, 'randomDate', 28),
(3464, 11, 693, 'randomDate', 13),
(3465, 11, 693, 'randomDate', 92),
(3466, 1021, 694, 'randomDate', 92),
(3467, 1021, 694, 'randomDate', 101),
(3468, 1021, 694, 'randomDate', 47),
(3469, 1021, 694, 'randomDate', 197),
(3470, 1021, 694, 'randomDate', 113),
(3471, 581, 695, 'randomDate', 48),
(3472, 581, 695, 'randomDate', 80),
(3473, 581, 695, 'randomDate', 177),
(3474, 581, 695, 'randomDate', 185),
(3475, 581, 695, 'randomDate', 93),
(3476, 268, 696, 'randomDate', 68),
(3477, 268, 696, 'randomDate', 151),
(3478, 268, 696, 'randomDate', 68),
(3479, 268, 696, 'randomDate', 120),
(3480, 268, 696, 'randomDate', 14),
(3481, 690, 697, 'randomDate', 23),
(3482, 690, 697, 'randomDate', 132),
(3483, 690, 697, 'randomDate', 170),
(3484, 690, 697, 'randomDate', 164),
(3485, 690, 697, 'randomDate', 6),
(3486, 524, 698, 'randomDate', 158),
(3487, 524, 698, 'randomDate', 176),
(3488, 524, 698, 'randomDate', 95),
(3489, 524, 698, 'randomDate', 136),
(3490, 524, 698, 'randomDate', 152),
(3491, 381, 699, 'randomDate', 45),
(3492, 381, 699, 'randomDate', 118),
(3493, 381, 699, 'randomDate', 117),
(3494, 381, 699, 'randomDate', 60),
(3495, 381, 699, 'randomDate', 173),
(3496, 1013, 700, 'randomDate', 118),
(3497, 1013, 700, 'randomDate', 146),
(3498, 1013, 700, 'randomDate', 33),
(3499, 1013, 700, 'randomDate', 129),
(3500, 1013, 700, 'randomDate', 59),
(3501, 570, 701, 'randomDate', 25),
(3502, 570, 701, 'randomDate', 189),
(3503, 570, 701, 'randomDate', 153),
(3504, 570, 701, 'randomDate', 56),
(3505, 570, 701, 'randomDate', 54),
(3506, 1078, 702, 'randomDate', 25),
(3507, 1078, 702, 'randomDate', 102),
(3508, 1078, 702, 'randomDate', 51),
(3509, 1078, 702, 'randomDate', 100),
(3510, 1078, 702, 'randomDate', 113),
(3511, 919, 703, 'randomDate', 11),
(3512, 919, 703, 'randomDate', 27),
(3513, 919, 703, 'randomDate', 34),
(3514, 919, 703, 'randomDate', 99),
(3515, 919, 703, 'randomDate', 85),
(3516, 475, 704, 'randomDate', 17),
(3517, 475, 704, 'randomDate', 138),
(3518, 475, 704, 'randomDate', 175),
(3519, 475, 704, 'randomDate', 68),
(3520, 475, 704, 'randomDate', 173),
(3521, 143, 705, 'randomDate', 13),
(3522, 143, 705, 'randomDate', 83),
(3523, 143, 705, 'randomDate', 114),
(3524, 143, 705, 'randomDate', 48),
(3525, 143, 705, 'randomDate', 51),
(3526, 899, 706, 'randomDate', 190),
(3527, 899, 706, 'randomDate', 32),
(3528, 899, 706, 'randomDate', 13),
(3529, 899, 706, 'randomDate', 33),
(3530, 899, 706, 'randomDate', 43),
(3531, 1170, 707, 'randomDate', 197),
(3532, 1170, 707, 'randomDate', 149),
(3533, 1170, 707, 'randomDate', 85),
(3534, 1170, 707, 'randomDate', 14),
(3535, 1170, 707, 'randomDate', 193),
(3536, 209, 708, 'randomDate', 74),
(3537, 209, 708, 'randomDate', 93),
(3538, 209, 708, 'randomDate', 187),
(3539, 209, 708, 'randomDate', 34),
(3540, 209, 708, 'randomDate', 15),
(3541, 512, 709, 'randomDate', 76),
(3542, 512, 709, 'randomDate', 184),
(3543, 512, 709, 'randomDate', 138),
(3544, 512, 709, 'randomDate', 49),
(3545, 512, 709, 'randomDate', 16),
(3546, 25, 710, 'randomDate', 79),
(3547, 25, 710, 'randomDate', 28),
(3548, 25, 710, 'randomDate', 7),
(3549, 25, 710, 'randomDate', 104),
(3550, 25, 710, 'randomDate', 199),
(3551, 717, 711, 'randomDate', 58),
(3552, 717, 711, 'randomDate', 136),
(3553, 717, 711, 'randomDate', 99),
(3554, 717, 711, 'randomDate', 51),
(3555, 717, 711, 'randomDate', 121),
(3556, 1166, 712, 'randomDate', 112),
(3557, 1166, 712, 'randomDate', 148),
(3558, 1166, 712, 'randomDate', 55),
(3559, 1166, 712, 'randomDate', 96),
(3560, 1166, 712, 'randomDate', 169),
(3561, 954, 713, 'randomDate', 125),
(3562, 954, 713, 'randomDate', 92),
(3563, 954, 713, 'randomDate', 13),
(3564, 954, 713, 'randomDate', 167),
(3565, 954, 713, 'randomDate', 105),
(3566, 315, 714, 'randomDate', 67),
(3567, 315, 714, 'randomDate', 112),
(3568, 315, 714, 'randomDate', 136),
(3569, 315, 714, 'randomDate', 38),
(3570, 315, 714, 'randomDate', 90),
(3571, 963, 715, 'randomDate', 193),
(3572, 963, 715, 'randomDate', 102),
(3573, 963, 715, 'randomDate', 56),
(3574, 963, 715, 'randomDate', 53),
(3575, 963, 715, 'randomDate', 20),
(3576, 41, 716, 'randomDate', 142),
(3577, 41, 716, 'randomDate', 112),
(3578, 41, 716, 'randomDate', 83),
(3579, 41, 716, 'randomDate', 57),
(3580, 41, 716, 'randomDate', 142),
(3581, 141, 717, 'randomDate', 180),
(3582, 141, 717, 'randomDate', 73),
(3583, 141, 717, 'randomDate', 173),
(3584, 141, 717, 'randomDate', 40),
(3585, 141, 717, 'randomDate', 120),
(3586, 594, 718, 'randomDate', 52),
(3587, 594, 718, 'randomDate', 185),
(3588, 594, 718, 'randomDate', 181),
(3589, 594, 718, 'randomDate', 113),
(3590, 594, 718, 'randomDate', 191),
(3591, 277, 719, 'randomDate', 124),
(3592, 277, 719, 'randomDate', 82),
(3593, 277, 719, 'randomDate', 22),
(3594, 277, 719, 'randomDate', 18),
(3595, 277, 719, 'randomDate', 32),
(3596, 215, 720, 'randomDate', 104),
(3597, 215, 720, 'randomDate', 42),
(3598, 215, 720, 'randomDate', 106),
(3599, 215, 720, 'randomDate', 119),
(3600, 215, 720, 'randomDate', 75),
(3601, 996, 721, 'randomDate', 113),
(3602, 996, 721, 'randomDate', 23),
(3603, 996, 721, 'randomDate', 90),
(3604, 996, 721, 'randomDate', 94),
(3605, 996, 721, 'randomDate', 130),
(3606, 292, 722, 'randomDate', 111),
(3607, 292, 722, 'randomDate', 132),
(3608, 292, 722, 'randomDate', 18),
(3609, 292, 722, 'randomDate', 31),
(3610, 292, 722, 'randomDate', 147),
(3611, 63, 723, 'randomDate', 56),
(3612, 63, 723, 'randomDate', 177),
(3613, 63, 723, 'randomDate', 158),
(3614, 63, 723, 'randomDate', 190),
(3615, 63, 723, 'randomDate', 95),
(3616, 813, 724, 'randomDate', 130),
(3617, 813, 724, 'randomDate', 169),
(3618, 813, 724, 'randomDate', 196),
(3619, 813, 724, 'randomDate', 160),
(3620, 813, 724, 'randomDate', 43),
(3621, 975, 725, 'randomDate', 133),
(3622, 975, 725, 'randomDate', 85),
(3623, 975, 725, 'randomDate', 132),
(3624, 975, 725, 'randomDate', 138),
(3625, 975, 725, 'randomDate', 111),
(3626, 661, 726, 'randomDate', 191),
(3627, 661, 726, 'randomDate', 26),
(3628, 661, 726, 'randomDate', 102),
(3629, 661, 726, 'randomDate', 166),
(3630, 661, 726, 'randomDate', 192),
(3631, 1118, 727, 'randomDate', 195),
(3632, 1118, 727, 'randomDate', 132),
(3633, 1118, 727, 'randomDate', 81),
(3634, 1118, 727, 'randomDate', 181),
(3635, 1118, 727, 'randomDate', 55),
(3636, 355, 728, 'randomDate', 111),
(3637, 355, 728, 'randomDate', 131),
(3638, 355, 728, 'randomDate', 74),
(3639, 355, 728, 'randomDate', 80),
(3640, 355, 728, 'randomDate', 18),
(3641, 573, 729, 'randomDate', 31),
(3642, 573, 729, 'randomDate', 36),
(3643, 573, 729, 'randomDate', 51),
(3644, 573, 729, 'randomDate', 159),
(3645, 573, 729, 'randomDate', 35),
(3646, 1132, 730, 'randomDate', 57),
(3647, 1132, 730, 'randomDate', 193),
(3648, 1132, 730, 'randomDate', 174),
(3649, 1132, 730, 'randomDate', 14),
(3650, 1132, 730, 'randomDate', 1),
(3651, 1203, 731, 'randomDate', 143),
(3652, 1203, 731, 'randomDate', 114),
(3653, 1203, 731, 'randomDate', 98),
(3654, 1203, 731, 'randomDate', 1),
(3655, 1203, 731, 'randomDate', 95),
(3656, 398, 732, 'randomDate', 31),
(3657, 398, 732, 'randomDate', 145),
(3658, 398, 732, 'randomDate', 9),
(3659, 398, 732, 'randomDate', 141),
(3660, 398, 732, 'randomDate', 200),
(3661, 889, 733, 'randomDate', 5),
(3662, 889, 733, 'randomDate', 135),
(3663, 889, 733, 'randomDate', 185),
(3664, 889, 733, 'randomDate', 68),
(3665, 889, 733, 'randomDate', 156),
(3666, 529, 734, 'randomDate', 88),
(3667, 529, 734, 'randomDate', 26),
(3668, 529, 734, 'randomDate', 103),
(3669, 529, 734, 'randomDate', 136),
(3670, 529, 734, 'randomDate', 168),
(3671, 1115, 735, 'randomDate', 7),
(3672, 1115, 735, 'randomDate', 74),
(3673, 1115, 735, 'randomDate', 82),
(3674, 1115, 735, 'randomDate', 23),
(3675, 1115, 735, 'randomDate', 196),
(3676, 675, 736, 'randomDate', 83),
(3677, 675, 736, 'randomDate', 67),
(3678, 675, 736, 'randomDate', 5),
(3679, 675, 736, 'randomDate', 148),
(3680, 675, 736, 'randomDate', 109),
(3681, 1203, 737, 'randomDate', 91),
(3682, 1203, 737, 'randomDate', 137),
(3683, 1203, 737, 'randomDate', 180),
(3684, 1203, 737, 'randomDate', 143),
(3685, 1203, 737, 'randomDate', 89),
(3686, 710, 738, 'randomDate', 74),
(3687, 710, 738, 'randomDate', 69),
(3688, 710, 738, 'randomDate', 194),
(3689, 710, 738, 'randomDate', 69),
(3690, 710, 738, 'randomDate', 56),
(3691, 1043, 739, 'randomDate', 175),
(3692, 1043, 739, 'randomDate', 24),
(3693, 1043, 739, 'randomDate', 183),
(3694, 1043, 739, 'randomDate', 28),
(3695, 1043, 739, 'randomDate', 200),
(3696, 315, 740, 'randomDate', 189),
(3697, 315, 740, 'randomDate', 16),
(3698, 315, 740, 'randomDate', 68),
(3699, 315, 740, 'randomDate', 175),
(3700, 315, 740, 'randomDate', 58),
(3701, 186, 741, 'randomDate', 160),
(3702, 186, 741, 'randomDate', 175),
(3703, 186, 741, 'randomDate', 195),
(3704, 186, 741, 'randomDate', 128),
(3705, 186, 741, 'randomDate', 92),
(3706, 500, 742, 'randomDate', 99),
(3707, 500, 742, 'randomDate', 188),
(3708, 500, 742, 'randomDate', 22),
(3709, 500, 742, 'randomDate', 58),
(3710, 500, 742, 'randomDate', 101),
(3711, 571, 743, 'randomDate', 141),
(3712, 571, 743, 'randomDate', 26),
(3713, 571, 743, 'randomDate', 130),
(3714, 571, 743, 'randomDate', 69),
(3715, 571, 743, 'randomDate', 126),
(3716, 265, 744, 'randomDate', 21),
(3717, 265, 744, 'randomDate', 43),
(3718, 265, 744, 'randomDate', 168),
(3719, 265, 744, 'randomDate', 29),
(3720, 265, 744, 'randomDate', 128),
(3721, 761, 745, 'randomDate', 181),
(3722, 761, 745, 'randomDate', 157),
(3723, 761, 745, 'randomDate', 121),
(3724, 761, 745, 'randomDate', 107),
(3725, 761, 745, 'randomDate', 165),
(3726, 544, 746, 'randomDate', 106),
(3727, 544, 746, 'randomDate', 146),
(3728, 544, 746, 'randomDate', 158),
(3729, 544, 746, 'randomDate', 102),
(3730, 544, 746, 'randomDate', 141),
(3731, 1102, 747, 'randomDate', 90),
(3732, 1102, 747, 'randomDate', 1),
(3733, 1102, 747, 'randomDate', 175),
(3734, 1102, 747, 'randomDate', 62),
(3735, 1102, 747, 'randomDate', 35),
(3736, 868, 748, 'randomDate', 109),
(3737, 868, 748, 'randomDate', 48),
(3738, 868, 748, 'randomDate', 125),
(3739, 868, 748, 'randomDate', 140),
(3740, 868, 748, 'randomDate', 84),
(3741, 384, 749, 'randomDate', 198),
(3742, 384, 749, 'randomDate', 47),
(3743, 384, 749, 'randomDate', 58),
(3744, 384, 749, 'randomDate', 93),
(3745, 384, 749, 'randomDate', 164),
(3746, 880, 750, 'randomDate', 178),
(3747, 880, 750, 'randomDate', 136),
(3748, 880, 750, 'randomDate', 90),
(3749, 880, 750, 'randomDate', 91),
(3750, 880, 750, 'randomDate', 137),
(3751, 1004, 751, 'randomDate', 174),
(3752, 1004, 751, 'randomDate', 185),
(3753, 1004, 751, 'randomDate', 127),
(3754, 1004, 751, 'randomDate', 25),
(3755, 1004, 751, 'randomDate', 175),
(3756, 643, 752, 'randomDate', 33),
(3757, 643, 752, 'randomDate', 27),
(3758, 643, 752, 'randomDate', 14),
(3759, 643, 752, 'randomDate', 155),
(3760, 643, 752, 'randomDate', 119),
(3761, 764, 753, 'randomDate', 12),
(3762, 764, 753, 'randomDate', 130),
(3763, 764, 753, 'randomDate', 139),
(3764, 764, 753, 'randomDate', 48),
(3765, 764, 753, 'randomDate', 166),
(3766, 939, 754, 'randomDate', 119),
(3767, 939, 754, 'randomDate', 16),
(3768, 939, 754, 'randomDate', 22),
(3769, 939, 754, 'randomDate', 34),
(3770, 939, 754, 'randomDate', 45),
(3771, 467, 755, 'randomDate', 198),
(3772, 467, 755, 'randomDate', 42),
(3773, 467, 755, 'randomDate', 6),
(3774, 467, 755, 'randomDate', 179),
(3775, 467, 755, 'randomDate', 187),
(3776, 1146, 756, 'randomDate', 88),
(3777, 1146, 756, 'randomDate', 182),
(3778, 1146, 756, 'randomDate', 49),
(3779, 1146, 756, 'randomDate', 106),
(3780, 1146, 756, 'randomDate', 20),
(3781, 573, 757, 'randomDate', 43),
(3782, 573, 757, 'randomDate', 114),
(3783, 573, 757, 'randomDate', 72),
(3784, 573, 757, 'randomDate', 6),
(3785, 573, 757, 'randomDate', 135),
(3786, 757, 758, 'randomDate', 12),
(3787, 757, 758, 'randomDate', 87),
(3788, 757, 758, 'randomDate', 128),
(3789, 757, 758, 'randomDate', 54),
(3790, 757, 758, 'randomDate', 106),
(3791, 289, 759, 'randomDate', 192),
(3792, 289, 759, 'randomDate', 186),
(3793, 289, 759, 'randomDate', 9),
(3794, 289, 759, 'randomDate', 61),
(3795, 289, 759, 'randomDate', 179),
(3796, 897, 760, 'randomDate', 90),
(3797, 897, 760, 'randomDate', 26),
(3798, 897, 760, 'randomDate', 85),
(3799, 897, 760, 'randomDate', 60),
(3800, 897, 760, 'randomDate', 139),
(3801, 303, 761, 'randomDate', 186),
(3802, 303, 761, 'randomDate', 122),
(3803, 303, 761, 'randomDate', 140),
(3804, 303, 761, 'randomDate', 120),
(3805, 303, 761, 'randomDate', 169),
(3806, 982, 762, 'randomDate', 38),
(3807, 982, 762, 'randomDate', 109),
(3808, 982, 762, 'randomDate', 166),
(3809, 982, 762, 'randomDate', 79),
(3810, 982, 762, 'randomDate', 144),
(3811, 659, 763, 'randomDate', 141),
(3812, 659, 763, 'randomDate', 1),
(3813, 659, 763, 'randomDate', 27),
(3814, 659, 763, 'randomDate', 134),
(3815, 659, 763, 'randomDate', 181),
(3816, 238, 764, 'randomDate', 186),
(3817, 238, 764, 'randomDate', 143),
(3818, 238, 764, 'randomDate', 78),
(3819, 238, 764, 'randomDate', 63),
(3820, 238, 764, 'randomDate', 12),
(3821, 1056, 765, 'randomDate', 181),
(3822, 1056, 765, 'randomDate', 172),
(3823, 1056, 765, 'randomDate', 28),
(3824, 1056, 765, 'randomDate', 169),
(3825, 1056, 765, 'randomDate', 90),
(3826, 435, 766, 'randomDate', 45),
(3827, 435, 766, 'randomDate', 154),
(3828, 435, 766, 'randomDate', 13),
(3829, 435, 766, 'randomDate', 26),
(3830, 435, 766, 'randomDate', 186),
(3831, 1159, 767, 'randomDate', 28),
(3832, 1159, 767, 'randomDate', 40),
(3833, 1159, 767, 'randomDate', 24),
(3834, 1159, 767, 'randomDate', 31),
(3835, 1159, 767, 'randomDate', 5),
(3836, 117, 768, 'randomDate', 97),
(3837, 117, 768, 'randomDate', 98),
(3838, 117, 768, 'randomDate', 34),
(3839, 117, 768, 'randomDate', 120),
(3840, 117, 768, 'randomDate', 105),
(3841, 896, 769, 'randomDate', 142),
(3842, 896, 769, 'randomDate', 120),
(3843, 896, 769, 'randomDate', 177),
(3844, 896, 769, 'randomDate', 68),
(3845, 896, 769, 'randomDate', 116),
(3846, 977, 770, 'randomDate', 106),
(3847, 977, 770, 'randomDate', 46),
(3848, 977, 770, 'randomDate', 191),
(3849, 977, 770, 'randomDate', 66),
(3850, 977, 770, 'randomDate', 56),
(3851, 765, 771, 'randomDate', 169),
(3852, 765, 771, 'randomDate', 75),
(3853, 765, 771, 'randomDate', 2),
(3854, 765, 771, 'randomDate', 198),
(3855, 765, 771, 'randomDate', 1),
(3856, 876, 772, 'randomDate', 185),
(3857, 876, 772, 'randomDate', 181),
(3858, 876, 772, 'randomDate', 114),
(3859, 876, 772, 'randomDate', 79),
(3860, 876, 772, 'randomDate', 87),
(3861, 922, 773, 'randomDate', 79),
(3862, 922, 773, 'randomDate', 131),
(3863, 922, 773, 'randomDate', 125),
(3864, 922, 773, 'randomDate', 77),
(3865, 922, 773, 'randomDate', 105),
(3866, 217, 774, 'randomDate', 160),
(3867, 217, 774, 'randomDate', 76),
(3868, 217, 774, 'randomDate', 194),
(3869, 217, 774, 'randomDate', 106),
(3870, 217, 774, 'randomDate', 146),
(3871, 273, 775, 'randomDate', 184),
(3872, 273, 775, 'randomDate', 26),
(3873, 273, 775, 'randomDate', 124),
(3874, 273, 775, 'randomDate', 200),
(3875, 273, 775, 'randomDate', 185),
(3876, 1035, 776, 'randomDate', 90),
(3877, 1035, 776, 'randomDate', 200),
(3878, 1035, 776, 'randomDate', 58),
(3879, 1035, 776, 'randomDate', 21),
(3880, 1035, 776, 'randomDate', 107),
(3881, 415, 777, 'randomDate', 66),
(3882, 415, 777, 'randomDate', 37),
(3883, 415, 777, 'randomDate', 183),
(3884, 415, 777, 'randomDate', 123),
(3885, 415, 777, 'randomDate', 191),
(3886, 14, 778, 'randomDate', 114),
(3887, 14, 778, 'randomDate', 26),
(3888, 14, 778, 'randomDate', 67),
(3889, 14, 778, 'randomDate', 124),
(3890, 14, 778, 'randomDate', 74),
(3891, 1089, 779, 'randomDate', 35),
(3892, 1089, 779, 'randomDate', 157),
(3893, 1089, 779, 'randomDate', 138),
(3894, 1089, 779, 'randomDate', 76),
(3895, 1089, 779, 'randomDate', 138),
(3896, 936, 780, 'randomDate', 139),
(3897, 936, 780, 'randomDate', 45),
(3898, 936, 780, 'randomDate', 102),
(3899, 936, 780, 'randomDate', 200),
(3900, 936, 780, 'randomDate', 118),
(3901, 475, 781, 'randomDate', 32),
(3902, 475, 781, 'randomDate', 136),
(3903, 475, 781, 'randomDate', 139),
(3904, 475, 781, 'randomDate', 168),
(3905, 475, 781, 'randomDate', 25),
(3906, 407, 782, 'randomDate', 27),
(3907, 407, 782, 'randomDate', 193),
(3908, 407, 782, 'randomDate', 188),
(3909, 407, 782, 'randomDate', 136),
(3910, 407, 782, 'randomDate', 78),
(3911, 365, 783, 'randomDate', 109),
(3912, 365, 783, 'randomDate', 154),
(3913, 365, 783, 'randomDate', 27),
(3914, 365, 783, 'randomDate', 168),
(3915, 365, 783, 'randomDate', 120),
(3916, 312, 784, 'randomDate', 77),
(3917, 312, 784, 'randomDate', 69),
(3918, 312, 784, 'randomDate', 75),
(3919, 312, 784, 'randomDate', 179),
(3920, 312, 784, 'randomDate', 118),
(3921, 381, 785, 'randomDate', 98),
(3922, 381, 785, 'randomDate', 78),
(3923, 381, 785, 'randomDate', 130),
(3924, 381, 785, 'randomDate', 158),
(3925, 381, 785, 'randomDate', 170),
(3926, 826, 786, 'randomDate', 58),
(3927, 826, 786, 'randomDate', 46),
(3928, 826, 786, 'randomDate', 154),
(3929, 826, 786, 'randomDate', 159),
(3930, 826, 786, 'randomDate', 179),
(3931, 720, 787, 'randomDate', 133),
(3932, 720, 787, 'randomDate', 65),
(3933, 720, 787, 'randomDate', 191),
(3934, 720, 787, 'randomDate', 37),
(3935, 720, 787, 'randomDate', 155),
(3936, 720, 788, 'randomDate', 115),
(3937, 720, 788, 'randomDate', 9),
(3938, 720, 788, 'randomDate', 171),
(3939, 720, 788, 'randomDate', 119),
(3940, 720, 788, 'randomDate', 115),
(3941, 19, 789, 'randomDate', 171),
(3942, 19, 789, 'randomDate', 148),
(3943, 19, 789, 'randomDate', 6),
(3944, 19, 789, 'randomDate', 88),
(3945, 19, 789, 'randomDate', 144),
(3946, 94, 790, 'randomDate', 75),
(3947, 94, 790, 'randomDate', 37),
(3948, 94, 790, 'randomDate', 176),
(3949, 94, 790, 'randomDate', 183),
(3950, 94, 790, 'randomDate', 159),
(3951, 523, 791, 'randomDate', 187),
(3952, 523, 791, 'randomDate', 98),
(3953, 523, 791, 'randomDate', 53),
(3954, 523, 791, 'randomDate', 119),
(3955, 523, 791, 'randomDate', 127),
(3956, 680, 792, 'randomDate', 159),
(3957, 680, 792, 'randomDate', 108),
(3958, 680, 792, 'randomDate', 166),
(3959, 680, 792, 'randomDate', 170),
(3960, 680, 792, 'randomDate', 142),
(3961, 1097, 793, 'randomDate', 99),
(3962, 1097, 793, 'randomDate', 144),
(3963, 1097, 793, 'randomDate', 24),
(3964, 1097, 793, 'randomDate', 8),
(3965, 1097, 793, 'randomDate', 19),
(3966, 72, 794, 'randomDate', 13),
(3967, 72, 794, 'randomDate', 64),
(3968, 72, 794, 'randomDate', 151),
(3969, 72, 794, 'randomDate', 76),
(3970, 72, 794, 'randomDate', 7),
(3971, 1177, 795, 'randomDate', 131),
(3972, 1177, 795, 'randomDate', 157),
(3973, 1177, 795, 'randomDate', 93),
(3974, 1177, 795, 'randomDate', 159),
(3975, 1177, 795, 'randomDate', 191),
(3976, 533, 796, 'randomDate', 38),
(3977, 533, 796, 'randomDate', 58),
(3978, 533, 796, 'randomDate', 168),
(3979, 533, 796, 'randomDate', 192),
(3980, 533, 796, 'randomDate', 22),
(3981, 1072, 797, 'randomDate', 164),
(3982, 1072, 797, 'randomDate', 108),
(3983, 1072, 797, 'randomDate', 13),
(3984, 1072, 797, 'randomDate', 122),
(3985, 1072, 797, 'randomDate', 65),
(3986, 797, 798, 'randomDate', 106),
(3987, 797, 798, 'randomDate', 47),
(3988, 797, 798, 'randomDate', 86),
(3989, 797, 798, 'randomDate', 40),
(3990, 797, 798, 'randomDate', 146),
(3991, 1051, 799, 'randomDate', 78),
(3992, 1051, 799, 'randomDate', 131),
(3993, 1051, 799, 'randomDate', 169),
(3994, 1051, 799, 'randomDate', 4),
(3995, 1051, 799, 'randomDate', 135),
(3996, 13, 800, 'randomDate', 47),
(3997, 13, 800, 'randomDate', 63),
(3998, 13, 800, 'randomDate', 111),
(3999, 13, 800, 'randomDate', 111),
(4000, 13, 800, 'randomDate', 200),
(4001, 436, 801, 'randomDate', 134),
(4002, 436, 801, 'randomDate', 46),
(4003, 436, 801, 'randomDate', 15),
(4004, 436, 801, 'randomDate', 172),
(4005, 436, 801, 'randomDate', 121),
(4006, 485, 802, 'randomDate', 5),
(4007, 485, 802, 'randomDate', 158),
(4008, 485, 802, 'randomDate', 41),
(4009, 485, 802, 'randomDate', 133),
(4010, 485, 802, 'randomDate', 49),
(4011, 334, 803, 'randomDate', 176),
(4012, 334, 803, 'randomDate', 74),
(4013, 334, 803, 'randomDate', 151),
(4014, 334, 803, 'randomDate', 87),
(4015, 334, 803, 'randomDate', 96),
(4016, 678, 804, 'randomDate', 177),
(4017, 678, 804, 'randomDate', 100),
(4018, 678, 804, 'randomDate', 115),
(4019, 678, 804, 'randomDate', 170),
(4020, 678, 804, 'randomDate', 37),
(4021, 292, 805, 'randomDate', 118),
(4022, 292, 805, 'randomDate', 95),
(4023, 292, 805, 'randomDate', 71),
(4024, 292, 805, 'randomDate', 62),
(4025, 292, 805, 'randomDate', 79),
(4026, 389, 806, 'randomDate', 143),
(4027, 389, 806, 'randomDate', 84),
(4028, 389, 806, 'randomDate', 185),
(4029, 389, 806, 'randomDate', 85),
(4030, 389, 806, 'randomDate', 147),
(4031, 1038, 807, 'randomDate', 50),
(4032, 1038, 807, 'randomDate', 56),
(4033, 1038, 807, 'randomDate', 13),
(4034, 1038, 807, 'randomDate', 24),
(4035, 1038, 807, 'randomDate', 143),
(4036, 1046, 808, 'randomDate', 45),
(4037, 1046, 808, 'randomDate', 3),
(4038, 1046, 808, 'randomDate', 81),
(4039, 1046, 808, 'randomDate', 158),
(4040, 1046, 808, 'randomDate', 60),
(4041, 1133, 809, 'randomDate', 59),
(4042, 1133, 809, 'randomDate', 58),
(4043, 1133, 809, 'randomDate', 92),
(4044, 1133, 809, 'randomDate', 83),
(4045, 1133, 809, 'randomDate', 33),
(4046, 1154, 810, 'randomDate', 101),
(4047, 1154, 810, 'randomDate', 21),
(4048, 1154, 810, 'randomDate', 91),
(4049, 1154, 810, 'randomDate', 126),
(4050, 1154, 810, 'randomDate', 171),
(4051, 924, 811, 'randomDate', 29),
(4052, 924, 811, 'randomDate', 39),
(4053, 924, 811, 'randomDate', 56),
(4054, 924, 811, 'randomDate', 161),
(4055, 924, 811, 'randomDate', 29),
(4056, 244, 812, 'randomDate', 121),
(4057, 244, 812, 'randomDate', 43),
(4058, 244, 812, 'randomDate', 11),
(4059, 244, 812, 'randomDate', 46),
(4060, 244, 812, 'randomDate', 156),
(4061, 415, 813, 'randomDate', 45),
(4062, 415, 813, 'randomDate', 181),
(4063, 415, 813, 'randomDate', 133),
(4064, 415, 813, 'randomDate', 117),
(4065, 415, 813, 'randomDate', 143),
(4066, 389, 814, 'randomDate', 171),
(4067, 389, 814, 'randomDate', 7),
(4068, 389, 814, 'randomDate', 176),
(4069, 389, 814, 'randomDate', 62),
(4070, 389, 814, 'randomDate', 84),
(4071, 788, 815, 'randomDate', 83),
(4072, 788, 815, 'randomDate', 54),
(4073, 788, 815, 'randomDate', 26),
(4074, 788, 815, 'randomDate', 172),
(4075, 788, 815, 'randomDate', 112),
(4076, 436, 816, 'randomDate', 140),
(4077, 436, 816, 'randomDate', 91),
(4078, 436, 816, 'randomDate', 54),
(4079, 436, 816, 'randomDate', 47),
(4080, 436, 816, 'randomDate', 62),
(4081, 1061, 817, 'randomDate', 192),
(4082, 1061, 817, 'randomDate', 45),
(4083, 1061, 817, 'randomDate', 174),
(4084, 1061, 817, 'randomDate', 37),
(4085, 1061, 817, 'randomDate', 44),
(4086, 1169, 818, 'randomDate', 5),
(4087, 1169, 818, 'randomDate', 73),
(4088, 1169, 818, 'randomDate', 134),
(4089, 1169, 818, 'randomDate', 149),
(4090, 1169, 818, 'randomDate', 115),
(4091, 821, 819, 'randomDate', 58),
(4092, 821, 819, 'randomDate', 52),
(4093, 821, 819, 'randomDate', 87),
(4094, 821, 819, 'randomDate', 3),
(4095, 821, 819, 'randomDate', 162),
(4096, 750, 820, 'randomDate', 81),
(4097, 750, 820, 'randomDate', 102),
(4098, 750, 820, 'randomDate', 95),
(4099, 750, 820, 'randomDate', 197),
(4100, 750, 820, 'randomDate', 184),
(4101, 528, 821, 'randomDate', 17),
(4102, 528, 821, 'randomDate', 185),
(4103, 528, 821, 'randomDate', 46),
(4104, 528, 821, 'randomDate', 192),
(4105, 528, 821, 'randomDate', 45),
(4106, 1101, 822, 'randomDate', 23),
(4107, 1101, 822, 'randomDate', 182),
(4108, 1101, 822, 'randomDate', 58),
(4109, 1101, 822, 'randomDate', 99),
(4110, 1101, 822, 'randomDate', 157),
(4111, 604, 823, 'randomDate', 169),
(4112, 604, 823, 'randomDate', 84),
(4113, 604, 823, 'randomDate', 179),
(4114, 604, 823, 'randomDate', 86),
(4115, 604, 823, 'randomDate', 148),
(4116, 918, 824, 'randomDate', 29),
(4117, 918, 824, 'randomDate', 22),
(4118, 918, 824, 'randomDate', 71),
(4119, 918, 824, 'randomDate', 53),
(4120, 918, 824, 'randomDate', 119),
(4121, 524, 825, 'randomDate', 66),
(4122, 524, 825, 'randomDate', 101),
(4123, 524, 825, 'randomDate', 42),
(4124, 524, 825, 'randomDate', 17),
(4125, 524, 825, 'randomDate', 174),
(4126, 832, 826, 'randomDate', 198),
(4127, 832, 826, 'randomDate', 175),
(4128, 832, 826, 'randomDate', 37),
(4129, 832, 826, 'randomDate', 172),
(4130, 832, 826, 'randomDate', 97),
(4131, 329, 827, 'randomDate', 98),
(4132, 329, 827, 'randomDate', 43),
(4133, 329, 827, 'randomDate', 65),
(4134, 329, 827, 'randomDate', 115),
(4135, 329, 827, 'randomDate', 186),
(4136, 69, 828, 'randomDate', 55),
(4137, 69, 828, 'randomDate', 31),
(4138, 69, 828, 'randomDate', 115),
(4139, 69, 828, 'randomDate', 184),
(4140, 69, 828, 'randomDate', 87),
(4141, 935, 829, 'randomDate', 21),
(4142, 935, 829, 'randomDate', 196),
(4143, 935, 829, 'randomDate', 144),
(4144, 935, 829, 'randomDate', 24),
(4145, 935, 829, 'randomDate', 70),
(4146, 399, 830, 'randomDate', 4),
(4147, 399, 830, 'randomDate', 79),
(4148, 399, 830, 'randomDate', 32),
(4149, 399, 830, 'randomDate', 167),
(4150, 399, 830, 'randomDate', 28),
(4151, 791, 831, 'randomDate', 104),
(4152, 791, 831, 'randomDate', 15),
(4153, 791, 831, 'randomDate', 198),
(4154, 791, 831, 'randomDate', 108),
(4155, 791, 831, 'randomDate', 95),
(4156, 366, 832, 'randomDate', 143),
(4157, 366, 832, 'randomDate', 68),
(4158, 366, 832, 'randomDate', 108),
(4159, 366, 832, 'randomDate', 19),
(4160, 366, 832, 'randomDate', 159),
(4161, 1040, 833, 'randomDate', 176),
(4162, 1040, 833, 'randomDate', 179),
(4163, 1040, 833, 'randomDate', 100),
(4164, 1040, 833, 'randomDate', 30),
(4165, 1040, 833, 'randomDate', 71),
(4166, 448, 834, 'randomDate', 164),
(4167, 448, 834, 'randomDate', 10),
(4168, 448, 834, 'randomDate', 10),
(4169, 448, 834, 'randomDate', 46),
(4170, 448, 834, 'randomDate', 95),
(4171, 966, 835, 'randomDate', 82),
(4172, 966, 835, 'randomDate', 99),
(4173, 966, 835, 'randomDate', 108),
(4174, 966, 835, 'randomDate', 131),
(4175, 966, 835, 'randomDate', 114),
(4176, 935, 836, 'randomDate', 11),
(4177, 935, 836, 'randomDate', 138),
(4178, 935, 836, 'randomDate', 65),
(4179, 935, 836, 'randomDate', 173),
(4180, 935, 836, 'randomDate', 199),
(4181, 725, 837, 'randomDate', 81),
(4182, 725, 837, 'randomDate', 19),
(4183, 725, 837, 'randomDate', 57),
(4184, 725, 837, 'randomDate', 43),
(4185, 725, 837, 'randomDate', 88),
(4186, 1017, 838, 'randomDate', 32),
(4187, 1017, 838, 'randomDate', 163),
(4188, 1017, 838, 'randomDate', 95),
(4189, 1017, 838, 'randomDate', 153),
(4190, 1017, 838, 'randomDate', 186),
(4191, 437, 839, 'randomDate', 151),
(4192, 437, 839, 'randomDate', 157),
(4193, 437, 839, 'randomDate', 32),
(4194, 437, 839, 'randomDate', 63),
(4195, 437, 839, 'randomDate', 175),
(4196, 297, 840, 'randomDate', 17),
(4197, 297, 840, 'randomDate', 49),
(4198, 297, 840, 'randomDate', 155),
(4199, 297, 840, 'randomDate', 122),
(4200, 297, 840, 'randomDate', 111),
(4201, 484, 841, 'randomDate', 196),
(4202, 484, 841, 'randomDate', 169),
(4203, 484, 841, 'randomDate', 150),
(4204, 484, 841, 'randomDate', 144),
(4205, 484, 841, 'randomDate', 143),
(4206, 320, 842, 'randomDate', 120),
(4207, 320, 842, 'randomDate', 93),
(4208, 320, 842, 'randomDate', 113),
(4209, 320, 842, 'randomDate', 123),
(4210, 320, 842, 'randomDate', 143),
(4211, 607, 843, 'randomDate', 185),
(4212, 607, 843, 'randomDate', 100),
(4213, 607, 843, 'randomDate', 146),
(4214, 607, 843, 'randomDate', 96),
(4215, 607, 843, 'randomDate', 43),
(4216, 8, 844, 'randomDate', 102),
(4217, 8, 844, 'randomDate', 165),
(4218, 8, 844, 'randomDate', 76),
(4219, 8, 844, 'randomDate', 46),
(4220, 8, 844, 'randomDate', 66),
(4221, 202, 845, 'randomDate', 78),
(4222, 202, 845, 'randomDate', 60),
(4223, 202, 845, 'randomDate', 157),
(4224, 202, 845, 'randomDate', 181),
(4225, 202, 845, 'randomDate', 110),
(4226, 827, 846, 'randomDate', 170),
(4227, 827, 846, 'randomDate', 74),
(4228, 827, 846, 'randomDate', 106),
(4229, 827, 846, 'randomDate', 138),
(4230, 827, 846, 'randomDate', 15),
(4231, 1060, 847, 'randomDate', 81),
(4232, 1060, 847, 'randomDate', 166),
(4233, 1060, 847, 'randomDate', 116),
(4234, 1060, 847, 'randomDate', 19),
(4235, 1060, 847, 'randomDate', 155),
(4236, 1017, 848, 'randomDate', 86),
(4237, 1017, 848, 'randomDate', 153),
(4238, 1017, 848, 'randomDate', 152),
(4239, 1017, 848, 'randomDate', 76),
(4240, 1017, 848, 'randomDate', 3),
(4241, 374, 849, 'randomDate', 24),
(4242, 374, 849, 'randomDate', 83),
(4243, 374, 849, 'randomDate', 118),
(4244, 374, 849, 'randomDate', 182),
(4245, 374, 849, 'randomDate', 151),
(4246, 752, 850, 'randomDate', 138),
(4247, 752, 850, 'randomDate', 152),
(4248, 752, 850, 'randomDate', 174),
(4249, 752, 850, 'randomDate', 83),
(4250, 752, 850, 'randomDate', 76),
(4251, 770, 851, 'randomDate', 80),
(4252, 770, 851, 'randomDate', 27),
(4253, 770, 851, 'randomDate', 62),
(4254, 770, 851, 'randomDate', 43),
(4255, 770, 851, 'randomDate', 161),
(4256, 20, 852, 'randomDate', 25),
(4257, 20, 852, 'randomDate', 83),
(4258, 20, 852, 'randomDate', 94),
(4259, 20, 852, 'randomDate', 150),
(4260, 20, 852, 'randomDate', 144),
(4261, 885, 853, 'randomDate', 59),
(4262, 885, 853, 'randomDate', 113),
(4263, 885, 853, 'randomDate', 55),
(4264, 885, 853, 'randomDate', 10),
(4265, 885, 853, 'randomDate', 103),
(4266, 134, 854, 'randomDate', 10),
(4267, 134, 854, 'randomDate', 29),
(4268, 134, 854, 'randomDate', 117),
(4269, 134, 854, 'randomDate', 85),
(4270, 134, 854, 'randomDate', 29),
(4271, 534, 855, 'randomDate', 10),
(4272, 534, 855, 'randomDate', 184),
(4273, 534, 855, 'randomDate', 65),
(4274, 534, 855, 'randomDate', 36),
(4275, 534, 855, 'randomDate', 150),
(4276, 398, 856, 'randomDate', 48),
(4277, 398, 856, 'randomDate', 169),
(4278, 398, 856, 'randomDate', 151),
(4279, 398, 856, 'randomDate', 53),
(4280, 398, 856, 'randomDate', 18),
(4281, 1014, 857, 'randomDate', 77),
(4282, 1014, 857, 'randomDate', 97),
(4283, 1014, 857, 'randomDate', 164),
(4284, 1014, 857, 'randomDate', 126),
(4285, 1014, 857, 'randomDate', 199),
(4286, 833, 858, 'randomDate', 119),
(4287, 833, 858, 'randomDate', 27),
(4288, 833, 858, 'randomDate', 31),
(4289, 833, 858, 'randomDate', 116),
(4290, 833, 858, 'randomDate', 159),
(4291, 544, 859, 'randomDate', 78),
(4292, 544, 859, 'randomDate', 196),
(4293, 544, 859, 'randomDate', 108),
(4294, 544, 859, 'randomDate', 71),
(4295, 544, 859, 'randomDate', 67),
(4296, 61, 860, 'randomDate', 28),
(4297, 61, 860, 'randomDate', 165),
(4298, 61, 860, 'randomDate', 67),
(4299, 61, 860, 'randomDate', 99),
(4300, 61, 860, 'randomDate', 108),
(4301, 647, 861, 'randomDate', 144),
(4302, 647, 861, 'randomDate', 76),
(4303, 647, 861, 'randomDate', 124),
(4304, 647, 861, 'randomDate', 143),
(4305, 647, 861, 'randomDate', 117),
(4306, 457, 862, 'randomDate', 37),
(4307, 457, 862, 'randomDate', 91),
(4308, 457, 862, 'randomDate', 40),
(4309, 457, 862, 'randomDate', 133),
(4310, 457, 862, 'randomDate', 147),
(4311, 379, 863, 'randomDate', 2),
(4312, 379, 863, 'randomDate', 180),
(4313, 379, 863, 'randomDate', 180),
(4314, 379, 863, 'randomDate', 192),
(4315, 379, 863, 'randomDate', 103),
(4316, 1174, 864, 'randomDate', 15),
(4317, 1174, 864, 'randomDate', 79),
(4318, 1174, 864, 'randomDate', 100),
(4319, 1174, 864, 'randomDate', 43),
(4320, 1174, 864, 'randomDate', 118),
(4321, 277, 865, 'randomDate', 22),
(4322, 277, 865, 'randomDate', 125),
(4323, 277, 865, 'randomDate', 146),
(4324, 277, 865, 'randomDate', 58),
(4325, 277, 865, 'randomDate', 157),
(4326, 867, 866, 'randomDate', 116),
(4327, 867, 866, 'randomDate', 79),
(4328, 867, 866, 'randomDate', 123),
(4329, 867, 866, 'randomDate', 197),
(4330, 867, 866, 'randomDate', 103),
(4331, 232, 867, 'randomDate', 122),
(4332, 232, 867, 'randomDate', 195),
(4333, 232, 867, 'randomDate', 85),
(4334, 232, 867, 'randomDate', 149),
(4335, 232, 867, 'randomDate', 168),
(4336, 434, 868, 'randomDate', 40),
(4337, 434, 868, 'randomDate', 174),
(4338, 434, 868, 'randomDate', 106),
(4339, 434, 868, 'randomDate', 41),
(4340, 434, 868, 'randomDate', 147),
(4341, 1007, 869, 'randomDate', 35),
(4342, 1007, 869, 'randomDate', 81),
(4343, 1007, 869, 'randomDate', 107),
(4344, 1007, 869, 'randomDate', 16),
(4345, 1007, 869, 'randomDate', 189),
(4346, 885, 870, 'randomDate', 20),
(4347, 885, 870, 'randomDate', 67),
(4348, 885, 870, 'randomDate', 94),
(4349, 885, 870, 'randomDate', 130),
(4350, 885, 870, 'randomDate', 39),
(4351, 898, 871, 'randomDate', 33),
(4352, 898, 871, 'randomDate', 76),
(4353, 898, 871, 'randomDate', 16),
(4354, 898, 871, 'randomDate', 28),
(4355, 898, 871, 'randomDate', 43),
(4356, 4, 872, 'randomDate', 46),
(4357, 4, 872, 'randomDate', 43),
(4358, 4, 872, 'randomDate', 157),
(4359, 4, 872, 'randomDate', 164),
(4360, 4, 872, 'randomDate', 193),
(4361, 898, 873, 'randomDate', 27),
(4362, 898, 873, 'randomDate', 39),
(4363, 898, 873, 'randomDate', 6),
(4364, 898, 873, 'randomDate', 112),
(4365, 898, 873, 'randomDate', 174),
(4366, 1157, 874, 'randomDate', 56),
(4367, 1157, 874, 'randomDate', 130),
(4368, 1157, 874, 'randomDate', 114),
(4369, 1157, 874, 'randomDate', 95),
(4370, 1157, 874, 'randomDate', 126),
(4371, 138, 875, 'randomDate', 17),
(4372, 138, 875, 'randomDate', 199),
(4373, 138, 875, 'randomDate', 125),
(4374, 138, 875, 'randomDate', 153),
(4375, 138, 875, 'randomDate', 64),
(4376, 227, 876, 'randomDate', 16),
(4377, 227, 876, 'randomDate', 64);
INSERT INTO `sales` (`sale_id`, `saleman_id`, `customer_id`, `sale_date`, `product_id`) VALUES
(4378, 227, 876, 'randomDate', 42),
(4379, 227, 876, 'randomDate', 27),
(4380, 227, 876, 'randomDate', 89),
(4381, 1053, 877, 'randomDate', 66),
(4382, 1053, 877, 'randomDate', 147),
(4383, 1053, 877, 'randomDate', 10),
(4384, 1053, 877, 'randomDate', 119),
(4385, 1053, 877, 'randomDate', 172),
(4386, 505, 878, 'randomDate', 89),
(4387, 505, 878, 'randomDate', 102),
(4388, 505, 878, 'randomDate', 165),
(4389, 505, 878, 'randomDate', 64),
(4390, 505, 878, 'randomDate', 92),
(4391, 1180, 879, 'randomDate', 136),
(4392, 1180, 879, 'randomDate', 98),
(4393, 1180, 879, 'randomDate', 177),
(4394, 1180, 879, 'randomDate', 57),
(4395, 1180, 879, 'randomDate', 164),
(4396, 837, 880, 'randomDate', 82),
(4397, 837, 880, 'randomDate', 60),
(4398, 837, 880, 'randomDate', 16),
(4399, 837, 880, 'randomDate', 57),
(4400, 837, 880, 'randomDate', 38),
(4401, 750, 881, 'randomDate', 98),
(4402, 750, 881, 'randomDate', 74),
(4403, 750, 881, 'randomDate', 183),
(4404, 750, 881, 'randomDate', 185),
(4405, 750, 881, 'randomDate', 116),
(4406, 792, 882, 'randomDate', 155),
(4407, 792, 882, 'randomDate', 43),
(4408, 792, 882, 'randomDate', 13),
(4409, 792, 882, 'randomDate', 101),
(4410, 792, 882, 'randomDate', 161),
(4411, 567, 883, 'randomDate', 182),
(4412, 567, 883, 'randomDate', 90),
(4413, 567, 883, 'randomDate', 68),
(4414, 567, 883, 'randomDate', 9),
(4415, 567, 883, 'randomDate', 3),
(4416, 961, 884, 'randomDate', 197),
(4417, 961, 884, 'randomDate', 121),
(4418, 961, 884, 'randomDate', 142),
(4419, 961, 884, 'randomDate', 96),
(4420, 961, 884, 'randomDate', 47),
(4421, 1090, 885, 'randomDate', 197),
(4422, 1090, 885, 'randomDate', 140),
(4423, 1090, 885, 'randomDate', 34),
(4424, 1090, 885, 'randomDate', 85),
(4425, 1090, 885, 'randomDate', 191),
(4426, 838, 886, 'randomDate', 32),
(4427, 838, 886, 'randomDate', 15),
(4428, 838, 886, 'randomDate', 29),
(4429, 838, 886, 'randomDate', 47),
(4430, 838, 886, 'randomDate', 188),
(4431, 313, 887, 'randomDate', 16),
(4432, 313, 887, 'randomDate', 149),
(4433, 313, 887, 'randomDate', 200),
(4434, 313, 887, 'randomDate', 30),
(4435, 313, 887, 'randomDate', 94),
(4436, 332, 888, 'randomDate', 122),
(4437, 332, 888, 'randomDate', 3),
(4438, 332, 888, 'randomDate', 134),
(4439, 332, 888, 'randomDate', 113),
(4440, 332, 888, 'randomDate', 167),
(4441, 137, 889, 'randomDate', 27),
(4442, 137, 889, 'randomDate', 129),
(4443, 137, 889, 'randomDate', 109),
(4444, 137, 889, 'randomDate', 156),
(4445, 137, 889, 'randomDate', 127),
(4446, 75, 890, 'randomDate', 2),
(4447, 75, 890, 'randomDate', 58),
(4448, 75, 890, 'randomDate', 124),
(4449, 75, 890, 'randomDate', 79),
(4450, 75, 890, 'randomDate', 117),
(4451, 606, 891, 'randomDate', 93),
(4452, 606, 891, 'randomDate', 178),
(4453, 606, 891, 'randomDate', 130),
(4454, 606, 891, 'randomDate', 109),
(4455, 606, 891, 'randomDate', 165),
(4456, 508, 892, 'randomDate', 84),
(4457, 508, 892, 'randomDate', 52),
(4458, 508, 892, 'randomDate', 189),
(4459, 508, 892, 'randomDate', 196),
(4460, 508, 892, 'randomDate', 176),
(4461, 207, 893, 'randomDate', 51),
(4462, 207, 893, 'randomDate', 64),
(4463, 207, 893, 'randomDate', 23),
(4464, 207, 893, 'randomDate', 95),
(4465, 207, 893, 'randomDate', 186),
(4466, 971, 894, 'randomDate', 179),
(4467, 971, 894, 'randomDate', 154),
(4468, 971, 894, 'randomDate', 114),
(4469, 971, 894, 'randomDate', 190),
(4470, 971, 894, 'randomDate', 155),
(4471, 1031, 895, 'randomDate', 49),
(4472, 1031, 895, 'randomDate', 102),
(4473, 1031, 895, 'randomDate', 76),
(4474, 1031, 895, 'randomDate', 40),
(4475, 1031, 895, 'randomDate', 110),
(4476, 7, 896, 'randomDate', 158),
(4477, 7, 896, 'randomDate', 111),
(4478, 7, 896, 'randomDate', 161),
(4479, 7, 896, 'randomDate', 63),
(4480, 7, 896, 'randomDate', 190),
(4481, 578, 897, 'randomDate', 145),
(4482, 578, 897, 'randomDate', 29),
(4483, 578, 897, 'randomDate', 160),
(4484, 578, 897, 'randomDate', 64),
(4485, 578, 897, 'randomDate', 161),
(4486, 526, 898, 'randomDate', 16),
(4487, 526, 898, 'randomDate', 85),
(4488, 526, 898, 'randomDate', 176),
(4489, 526, 898, 'randomDate', 143),
(4490, 526, 898, 'randomDate', 49),
(4491, 560, 899, 'randomDate', 199),
(4492, 560, 899, 'randomDate', 158),
(4493, 560, 899, 'randomDate', 48),
(4494, 560, 899, 'randomDate', 67),
(4495, 560, 899, 'randomDate', 154),
(4496, 387, 900, 'randomDate', 86),
(4497, 387, 900, 'randomDate', 3),
(4498, 387, 900, 'randomDate', 104),
(4499, 387, 900, 'randomDate', 193),
(4500, 387, 900, 'randomDate', 40),
(4501, 1136, 901, 'randomDate', 40),
(4502, 1136, 901, 'randomDate', 13),
(4503, 1136, 901, 'randomDate', 129),
(4504, 1136, 901, 'randomDate', 137),
(4505, 1136, 901, 'randomDate', 70),
(4506, 1209, 902, 'randomDate', 17),
(4507, 1209, 902, 'randomDate', 10),
(4508, 1209, 902, 'randomDate', 64),
(4509, 1209, 902, 'randomDate', 30),
(4510, 1209, 902, 'randomDate', 58),
(4511, 1208, 903, 'randomDate', 73),
(4512, 1208, 903, 'randomDate', 197),
(4513, 1208, 903, 'randomDate', 152),
(4514, 1208, 903, 'randomDate', 46),
(4515, 1208, 903, 'randomDate', 189),
(4516, 167, 904, 'randomDate', 53),
(4517, 167, 904, 'randomDate', 72),
(4518, 167, 904, 'randomDate', 195),
(4519, 167, 904, 'randomDate', 95),
(4520, 167, 904, 'randomDate', 16),
(4521, 1160, 905, 'randomDate', 187),
(4522, 1160, 905, 'randomDate', 115),
(4523, 1160, 905, 'randomDate', 76),
(4524, 1160, 905, 'randomDate', 180),
(4525, 1160, 905, 'randomDate', 109),
(4526, 19, 906, 'randomDate', 38),
(4527, 19, 906, 'randomDate', 39),
(4528, 19, 906, 'randomDate', 163),
(4529, 19, 906, 'randomDate', 44),
(4530, 19, 906, 'randomDate', 114),
(4531, 733, 907, 'randomDate', 35),
(4532, 733, 907, 'randomDate', 187),
(4533, 733, 907, 'randomDate', 116),
(4534, 733, 907, 'randomDate', 171),
(4535, 733, 907, 'randomDate', 48),
(4536, 903, 908, 'randomDate', 119),
(4537, 903, 908, 'randomDate', 104),
(4538, 903, 908, 'randomDate', 175),
(4539, 903, 908, 'randomDate', 5),
(4540, 903, 908, 'randomDate', 30),
(4541, 537, 909, 'randomDate', 87),
(4542, 537, 909, 'randomDate', 23),
(4543, 537, 909, 'randomDate', 87),
(4544, 537, 909, 'randomDate', 126),
(4545, 537, 909, 'randomDate', 146),
(4546, 640, 910, 'randomDate', 136),
(4547, 640, 910, 'randomDate', 8),
(4548, 640, 910, 'randomDate', 71),
(4549, 640, 910, 'randomDate', 14),
(4550, 640, 910, 'randomDate', 68),
(4551, 1148, 911, 'randomDate', 57),
(4552, 1148, 911, 'randomDate', 125),
(4553, 1148, 911, 'randomDate', 81),
(4554, 1148, 911, 'randomDate', 116),
(4555, 1148, 911, 'randomDate', 111),
(4556, 1114, 912, 'randomDate', 134),
(4557, 1114, 912, 'randomDate', 31),
(4558, 1114, 912, 'randomDate', 133),
(4559, 1114, 912, 'randomDate', 123),
(4560, 1114, 912, 'randomDate', 169),
(4561, 974, 913, 'randomDate', 74),
(4562, 974, 913, 'randomDate', 162),
(4563, 974, 913, 'randomDate', 9),
(4564, 974, 913, 'randomDate', 195),
(4565, 974, 913, 'randomDate', 89),
(4566, 71, 914, 'randomDate', 61),
(4567, 71, 914, 'randomDate', 79),
(4568, 71, 914, 'randomDate', 63),
(4569, 71, 914, 'randomDate', 33),
(4570, 71, 914, 'randomDate', 11),
(4571, 212, 915, 'randomDate', 127),
(4572, 212, 915, 'randomDate', 180),
(4573, 212, 915, 'randomDate', 37),
(4574, 212, 915, 'randomDate', 26),
(4575, 212, 915, 'randomDate', 77),
(4576, 1143, 916, 'randomDate', 129),
(4577, 1143, 916, 'randomDate', 96),
(4578, 1143, 916, 'randomDate', 87),
(4579, 1143, 916, 'randomDate', 43),
(4580, 1143, 916, 'randomDate', 175),
(4581, 1144, 917, 'randomDate', 164),
(4582, 1144, 917, 'randomDate', 192),
(4583, 1144, 917, 'randomDate', 101),
(4584, 1144, 917, 'randomDate', 24),
(4585, 1144, 917, 'randomDate', 36),
(4586, 782, 918, 'randomDate', 133),
(4587, 782, 918, 'randomDate', 159),
(4588, 782, 918, 'randomDate', 17),
(4589, 782, 918, 'randomDate', 27),
(4590, 782, 918, 'randomDate', 36),
(4591, 1154, 919, 'randomDate', 115),
(4592, 1154, 919, 'randomDate', 70),
(4593, 1154, 919, 'randomDate', 40),
(4594, 1154, 919, 'randomDate', 102),
(4595, 1154, 919, 'randomDate', 7),
(4596, 723, 920, 'randomDate', 64),
(4597, 723, 920, 'randomDate', 52),
(4598, 723, 920, 'randomDate', 16),
(4599, 723, 920, 'randomDate', 117),
(4600, 723, 920, 'randomDate', 30),
(4601, 323, 921, 'randomDate', 22),
(4602, 323, 921, 'randomDate', 86),
(4603, 323, 921, 'randomDate', 96),
(4604, 323, 921, 'randomDate', 125),
(4605, 323, 921, 'randomDate', 182),
(4606, 988, 922, 'randomDate', 148),
(4607, 988, 922, 'randomDate', 138),
(4608, 988, 922, 'randomDate', 134),
(4609, 988, 922, 'randomDate', 187),
(4610, 988, 922, 'randomDate', 103),
(4611, 517, 923, 'randomDate', 129),
(4612, 517, 923, 'randomDate', 90),
(4613, 517, 923, 'randomDate', 77),
(4614, 517, 923, 'randomDate', 173),
(4615, 517, 923, 'randomDate', 86),
(4616, 196, 924, 'randomDate', 167),
(4617, 196, 924, 'randomDate', 51),
(4618, 196, 924, 'randomDate', 37),
(4619, 196, 924, 'randomDate', 66),
(4620, 196, 924, 'randomDate', 96),
(4621, 830, 925, 'randomDate', 115),
(4622, 830, 925, 'randomDate', 98),
(4623, 830, 925, 'randomDate', 25),
(4624, 830, 925, 'randomDate', 158),
(4625, 830, 925, 'randomDate', 137),
(4626, 726, 926, 'randomDate', 13),
(4627, 726, 926, 'randomDate', 148),
(4628, 726, 926, 'randomDate', 129),
(4629, 726, 926, 'randomDate', 187),
(4630, 726, 926, 'randomDate', 66),
(4631, 315, 927, 'randomDate', 148),
(4632, 315, 927, 'randomDate', 84),
(4633, 315, 927, 'randomDate', 98),
(4634, 315, 927, 'randomDate', 87),
(4635, 315, 927, 'randomDate', 32),
(4636, 512, 928, 'randomDate', 51),
(4637, 512, 928, 'randomDate', 50),
(4638, 512, 928, 'randomDate', 82),
(4639, 512, 928, 'randomDate', 134),
(4640, 512, 928, 'randomDate', 83),
(4641, 726, 929, 'randomDate', 139),
(4642, 726, 929, 'randomDate', 143),
(4643, 726, 929, 'randomDate', 168),
(4644, 726, 929, 'randomDate', 47),
(4645, 726, 929, 'randomDate', 29),
(4646, 641, 930, 'randomDate', 154),
(4647, 641, 930, 'randomDate', 129),
(4648, 641, 930, 'randomDate', 175),
(4649, 641, 930, 'randomDate', 3),
(4650, 641, 930, 'randomDate', 120),
(4651, 737, 931, 'randomDate', 156),
(4652, 737, 931, 'randomDate', 200),
(4653, 737, 931, 'randomDate', 191),
(4654, 737, 931, 'randomDate', 8),
(4655, 737, 931, 'randomDate', 22),
(4656, 797, 932, 'randomDate', 24),
(4657, 797, 932, 'randomDate', 38),
(4658, 797, 932, 'randomDate', 174),
(4659, 797, 932, 'randomDate', 49),
(4660, 797, 932, 'randomDate', 15),
(4661, 1113, 933, 'randomDate', 154),
(4662, 1113, 933, 'randomDate', 101),
(4663, 1113, 933, 'randomDate', 177),
(4664, 1113, 933, 'randomDate', 35),
(4665, 1113, 933, 'randomDate', 139),
(4666, 773, 934, 'randomDate', 99),
(4667, 773, 934, 'randomDate', 61),
(4668, 773, 934, 'randomDate', 14),
(4669, 773, 934, 'randomDate', 99),
(4670, 773, 934, 'randomDate', 84),
(4671, 151, 935, 'randomDate', 22),
(4672, 151, 935, 'randomDate', 183),
(4673, 151, 935, 'randomDate', 49),
(4674, 151, 935, 'randomDate', 73),
(4675, 151, 935, 'randomDate', 182),
(4676, 785, 936, 'randomDate', 76),
(4677, 785, 936, 'randomDate', 15),
(4678, 785, 936, 'randomDate', 159),
(4679, 785, 936, 'randomDate', 126),
(4680, 785, 936, 'randomDate', 85),
(4681, 56, 937, 'randomDate', 47),
(4682, 56, 937, 'randomDate', 28),
(4683, 56, 937, 'randomDate', 189),
(4684, 56, 937, 'randomDate', 15),
(4685, 56, 937, 'randomDate', 66),
(4686, 552, 938, 'randomDate', 172),
(4687, 552, 938, 'randomDate', 52),
(4688, 552, 938, 'randomDate', 88),
(4689, 552, 938, 'randomDate', 117),
(4690, 552, 938, 'randomDate', 168),
(4691, 1175, 939, 'randomDate', 125),
(4692, 1175, 939, 'randomDate', 137),
(4693, 1175, 939, 'randomDate', 154),
(4694, 1175, 939, 'randomDate', 198),
(4695, 1175, 939, 'randomDate', 151),
(4696, 818, 940, 'randomDate', 178),
(4697, 818, 940, 'randomDate', 95),
(4698, 818, 940, 'randomDate', 87),
(4699, 818, 940, 'randomDate', 147),
(4700, 818, 940, 'randomDate', 117),
(4701, 1084, 941, 'randomDate', 110),
(4702, 1084, 941, 'randomDate', 66),
(4703, 1084, 941, 'randomDate', 197),
(4704, 1084, 941, 'randomDate', 9),
(4705, 1084, 941, 'randomDate', 117),
(4706, 14, 942, 'randomDate', 6),
(4707, 14, 942, 'randomDate', 157),
(4708, 14, 942, 'randomDate', 101),
(4709, 14, 942, 'randomDate', 128),
(4710, 14, 942, 'randomDate', 14),
(4711, 964, 943, 'randomDate', 46),
(4712, 964, 943, 'randomDate', 73),
(4713, 964, 943, 'randomDate', 182),
(4714, 964, 943, 'randomDate', 93),
(4715, 964, 943, 'randomDate', 89),
(4716, 631, 944, 'randomDate', 166),
(4717, 631, 944, 'randomDate', 146),
(4718, 631, 944, 'randomDate', 197),
(4719, 631, 944, 'randomDate', 28),
(4720, 631, 944, 'randomDate', 165),
(4721, 1047, 945, 'randomDate', 89),
(4722, 1047, 945, 'randomDate', 34),
(4723, 1047, 945, 'randomDate', 53),
(4724, 1047, 945, 'randomDate', 147),
(4725, 1047, 945, 'randomDate', 64),
(4726, 1022, 946, 'randomDate', 2),
(4727, 1022, 946, 'randomDate', 176),
(4728, 1022, 946, 'randomDate', 44),
(4729, 1022, 946, 'randomDate', 54),
(4730, 1022, 946, 'randomDate', 86),
(4731, 921, 947, 'randomDate', 52),
(4732, 921, 947, 'randomDate', 75),
(4733, 921, 947, 'randomDate', 119),
(4734, 921, 947, 'randomDate', 139),
(4735, 921, 947, 'randomDate', 166),
(4736, 565, 948, 'randomDate', 143),
(4737, 565, 948, 'randomDate', 106),
(4738, 565, 948, 'randomDate', 137),
(4739, 565, 948, 'randomDate', 131),
(4740, 565, 948, 'randomDate', 183),
(4741, 1045, 949, 'randomDate', 34),
(4742, 1045, 949, 'randomDate', 32),
(4743, 1045, 949, 'randomDate', 38),
(4744, 1045, 949, 'randomDate', 21),
(4745, 1045, 949, 'randomDate', 97),
(4746, 1182, 950, 'randomDate', 111),
(4747, 1182, 950, 'randomDate', 122),
(4748, 1182, 950, 'randomDate', 107),
(4749, 1182, 950, 'randomDate', 30),
(4750, 1182, 950, 'randomDate', 158),
(4751, 628, 951, 'randomDate', 130),
(4752, 628, 951, 'randomDate', 115),
(4753, 628, 951, 'randomDate', 50),
(4754, 628, 951, 'randomDate', 11),
(4755, 628, 951, 'randomDate', 60),
(4756, 354, 952, 'randomDate', 143),
(4757, 354, 952, 'randomDate', 54),
(4758, 354, 952, 'randomDate', 95),
(4759, 354, 952, 'randomDate', 138),
(4760, 354, 952, 'randomDate', 52),
(4761, 358, 953, 'randomDate', 28),
(4762, 358, 953, 'randomDate', 196),
(4763, 358, 953, 'randomDate', 41),
(4764, 358, 953, 'randomDate', 63),
(4765, 358, 953, 'randomDate', 17),
(4766, 1141, 954, 'randomDate', 88),
(4767, 1141, 954, 'randomDate', 197),
(4768, 1141, 954, 'randomDate', 41),
(4769, 1141, 954, 'randomDate', 86),
(4770, 1141, 954, 'randomDate', 163),
(4771, 277, 955, 'randomDate', 59),
(4772, 277, 955, 'randomDate', 63),
(4773, 277, 955, 'randomDate', 74),
(4774, 277, 955, 'randomDate', 85),
(4775, 277, 955, 'randomDate', 108),
(4776, 340, 956, 'randomDate', 174),
(4777, 340, 956, 'randomDate', 200),
(4778, 340, 956, 'randomDate', 111),
(4779, 340, 956, 'randomDate', 125),
(4780, 340, 956, 'randomDate', 79),
(4781, 86, 957, 'randomDate', 157),
(4782, 86, 957, 'randomDate', 1),
(4783, 86, 957, 'randomDate', 138),
(4784, 86, 957, 'randomDate', 8),
(4785, 86, 957, 'randomDate', 31),
(4786, 936, 958, 'randomDate', 75),
(4787, 936, 958, 'randomDate', 35),
(4788, 936, 958, 'randomDate', 146),
(4789, 936, 958, 'randomDate', 23),
(4790, 936, 958, 'randomDate', 55),
(4791, 663, 959, 'randomDate', 141),
(4792, 663, 959, 'randomDate', 152),
(4793, 663, 959, 'randomDate', 62),
(4794, 663, 959, 'randomDate', 35),
(4795, 663, 959, 'randomDate', 165),
(4796, 257, 960, 'randomDate', 11),
(4797, 257, 960, 'randomDate', 89),
(4798, 257, 960, 'randomDate', 184),
(4799, 257, 960, 'randomDate', 109),
(4800, 257, 960, 'randomDate', 27),
(4801, 722, 961, 'randomDate', 53),
(4802, 722, 961, 'randomDate', 118),
(4803, 722, 961, 'randomDate', 189),
(4804, 722, 961, 'randomDate', 35),
(4805, 722, 961, 'randomDate', 16),
(4806, 1212, 962, 'randomDate', 172),
(4807, 1212, 962, 'randomDate', 181),
(4808, 1212, 962, 'randomDate', 19),
(4809, 1212, 962, 'randomDate', 100),
(4810, 1212, 962, 'randomDate', 159),
(4811, 762, 963, 'randomDate', 117),
(4812, 762, 963, 'randomDate', 6),
(4813, 762, 963, 'randomDate', 32),
(4814, 762, 963, 'randomDate', 79),
(4815, 762, 963, 'randomDate', 134),
(4816, 447, 964, 'randomDate', 3),
(4817, 447, 964, 'randomDate', 174),
(4818, 447, 964, 'randomDate', 33),
(4819, 447, 964, 'randomDate', 7),
(4820, 447, 964, 'randomDate', 137),
(4821, 939, 965, 'randomDate', 12),
(4822, 939, 965, 'randomDate', 17),
(4823, 939, 965, 'randomDate', 166),
(4824, 939, 965, 'randomDate', 29),
(4825, 939, 965, 'randomDate', 56),
(4826, 793, 966, 'randomDate', 114),
(4827, 793, 966, 'randomDate', 154),
(4828, 793, 966, 'randomDate', 87),
(4829, 793, 966, 'randomDate', 17),
(4830, 793, 966, 'randomDate', 64),
(4831, 157, 967, 'randomDate', 77),
(4832, 157, 967, 'randomDate', 50),
(4833, 157, 967, 'randomDate', 162),
(4834, 157, 967, 'randomDate', 122),
(4835, 157, 967, 'randomDate', 96),
(4836, 644, 968, 'randomDate', 50),
(4837, 644, 968, 'randomDate', 144),
(4838, 644, 968, 'randomDate', 187),
(4839, 644, 968, 'randomDate', 183),
(4840, 644, 968, 'randomDate', 154),
(4841, 14, 969, 'randomDate', 168),
(4842, 14, 969, 'randomDate', 159),
(4843, 14, 969, 'randomDate', 69),
(4844, 14, 969, 'randomDate', 99),
(4845, 14, 969, 'randomDate', 107),
(4846, 325, 970, 'randomDate', 187),
(4847, 325, 970, 'randomDate', 8),
(4848, 325, 970, 'randomDate', 192),
(4849, 325, 970, 'randomDate', 12),
(4850, 325, 970, 'randomDate', 80),
(4851, 251, 971, 'randomDate', 60),
(4852, 251, 971, 'randomDate', 192),
(4853, 251, 971, 'randomDate', 194),
(4854, 251, 971, 'randomDate', 89),
(4855, 251, 971, 'randomDate', 9),
(4856, 1190, 972, 'randomDate', 183),
(4857, 1190, 972, 'randomDate', 11),
(4858, 1190, 972, 'randomDate', 41),
(4859, 1190, 972, 'randomDate', 112),
(4860, 1190, 972, 'randomDate', 22),
(4861, 264, 973, 'randomDate', 118),
(4862, 264, 973, 'randomDate', 58),
(4863, 264, 973, 'randomDate', 25),
(4864, 264, 973, 'randomDate', 67),
(4865, 264, 973, 'randomDate', 179),
(4866, 1060, 974, 'randomDate', 101),
(4867, 1060, 974, 'randomDate', 144),
(4868, 1060, 974, 'randomDate', 195),
(4869, 1060, 974, 'randomDate', 112),
(4870, 1060, 974, 'randomDate', 170),
(4871, 628, 975, 'randomDate', 12),
(4872, 628, 975, 'randomDate', 70),
(4873, 628, 975, 'randomDate', 176),
(4874, 628, 975, 'randomDate', 152),
(4875, 628, 975, 'randomDate', 119),
(4876, 604, 976, 'randomDate', 138),
(4877, 604, 976, 'randomDate', 70),
(4878, 604, 976, 'randomDate', 147),
(4879, 604, 976, 'randomDate', 138),
(4880, 604, 976, 'randomDate', 159),
(4881, 967, 977, 'randomDate', 155),
(4882, 967, 977, 'randomDate', 100),
(4883, 967, 977, 'randomDate', 157),
(4884, 967, 977, 'randomDate', 125),
(4885, 967, 977, 'randomDate', 124),
(4886, 1213, 978, 'randomDate', 124),
(4887, 1213, 978, 'randomDate', 171),
(4888, 1213, 978, 'randomDate', 88),
(4889, 1213, 978, 'randomDate', 18),
(4890, 1213, 978, 'randomDate', 145),
(4891, 262, 979, 'randomDate', 196),
(4892, 262, 979, 'randomDate', 69),
(4893, 262, 979, 'randomDate', 67),
(4894, 262, 979, 'randomDate', 5),
(4895, 262, 979, 'randomDate', 143),
(4896, 442, 980, 'randomDate', 110),
(4897, 442, 980, 'randomDate', 175),
(4898, 442, 980, 'randomDate', 10),
(4899, 442, 980, 'randomDate', 111),
(4900, 442, 980, 'randomDate', 31),
(4901, 795, 981, 'randomDate', 129),
(4902, 795, 981, 'randomDate', 100),
(4903, 795, 981, 'randomDate', 169),
(4904, 795, 981, 'randomDate', 195),
(4905, 795, 981, 'randomDate', 159),
(4906, 823, 982, 'randomDate', 198),
(4907, 823, 982, 'randomDate', 112),
(4908, 823, 982, 'randomDate', 108),
(4909, 823, 982, 'randomDate', 57),
(4910, 823, 982, 'randomDate', 176),
(4911, 1166, 983, 'randomDate', 129),
(4912, 1166, 983, 'randomDate', 81),
(4913, 1166, 983, 'randomDate', 28),
(4914, 1166, 983, 'randomDate', 134),
(4915, 1166, 983, 'randomDate', 163),
(4916, 440, 984, 'randomDate', 190),
(4917, 440, 984, 'randomDate', 160),
(4918, 440, 984, 'randomDate', 43),
(4919, 440, 984, 'randomDate', 53),
(4920, 440, 984, 'randomDate', 40),
(4921, 240, 985, 'randomDate', 98),
(4922, 240, 985, 'randomDate', 74),
(4923, 240, 985, 'randomDate', 88),
(4924, 240, 985, 'randomDate', 114),
(4925, 240, 985, 'randomDate', 78),
(4926, 534, 986, 'randomDate', 183),
(4927, 534, 986, 'randomDate', 114),
(4928, 534, 986, 'randomDate', 74),
(4929, 534, 986, 'randomDate', 158),
(4930, 534, 986, 'randomDate', 56),
(4931, 1099, 987, 'randomDate', 75),
(4932, 1099, 987, 'randomDate', 93),
(4933, 1099, 987, 'randomDate', 198),
(4934, 1099, 987, 'randomDate', 90),
(4935, 1099, 987, 'randomDate', 77),
(4936, 939, 988, 'randomDate', 88),
(4937, 939, 988, 'randomDate', 11),
(4938, 939, 988, 'randomDate', 86),
(4939, 939, 988, 'randomDate', 23),
(4940, 939, 988, 'randomDate', 178),
(4941, 405, 989, 'randomDate', 76),
(4942, 405, 989, 'randomDate', 61),
(4943, 405, 989, 'randomDate', 117),
(4944, 405, 989, 'randomDate', 47),
(4945, 405, 989, 'randomDate', 94),
(4946, 386, 990, 'randomDate', 139),
(4947, 386, 990, 'randomDate', 72),
(4948, 386, 990, 'randomDate', 20),
(4949, 386, 990, 'randomDate', 53),
(4950, 386, 990, 'randomDate', 75),
(4951, 859, 991, 'randomDate', 198),
(4952, 859, 991, 'randomDate', 78),
(4953, 859, 991, 'randomDate', 147),
(4954, 859, 991, 'randomDate', 102),
(4955, 859, 991, 'randomDate', 17),
(4956, 457, 992, 'randomDate', 197),
(4957, 457, 992, 'randomDate', 179),
(4958, 457, 992, 'randomDate', 150),
(4959, 457, 992, 'randomDate', 160),
(4960, 457, 992, 'randomDate', 87),
(4961, 567, 993, 'randomDate', 147),
(4962, 567, 993, 'randomDate', 39),
(4963, 567, 993, 'randomDate', 4),
(4964, 567, 993, 'randomDate', 27),
(4965, 567, 993, 'randomDate', 119),
(4966, 1024, 994, 'randomDate', 127),
(4967, 1024, 994, 'randomDate', 194),
(4968, 1024, 994, 'randomDate', 127),
(4969, 1024, 994, 'randomDate', 73),
(4970, 1024, 994, 'randomDate', 181),
(4971, 635, 995, 'randomDate', 115),
(4972, 635, 995, 'randomDate', 151),
(4973, 635, 995, 'randomDate', 162),
(4974, 635, 995, 'randomDate', 147),
(4975, 635, 995, 'randomDate', 190),
(4976, 552, 996, 'randomDate', 12),
(4977, 552, 996, 'randomDate', 129),
(4978, 552, 996, 'randomDate', 170),
(4979, 552, 996, 'randomDate', 68),
(4980, 552, 996, 'randomDate', 98),
(4981, 613, 997, 'randomDate', 181),
(4982, 613, 997, 'randomDate', 161),
(4983, 613, 997, 'randomDate', 105),
(4984, 613, 997, 'randomDate', 179),
(4985, 613, 997, 'randomDate', 98),
(4986, 54, 998, 'randomDate', 12),
(4987, 54, 998, 'randomDate', 52),
(4988, 54, 998, 'randomDate', 34),
(4989, 54, 998, 'randomDate', 67),
(4990, 54, 998, 'randomDate', 49),
(4991, 11, 999, 'randomDate', 65),
(4992, 11, 999, 'randomDate', 115),
(4993, 11, 999, 'randomDate', 176),
(4994, 11, 999, 'randomDate', 130),
(4995, 11, 999, 'randomDate', 54),
(4996, 958, 1000, 'randomDate', 16),
(4997, 958, 1000, 'randomDate', 30),
(4998, 958, 1000, 'randomDate', 111),
(4999, 958, 1000, 'randomDate', 169),
(5000, 958, 1000, 'randomDate', 181),
(5001, 1036, 1001, 'randomDate', 192),
(5002, 1036, 1001, 'randomDate', 191),
(5003, 1036, 1001, 'randomDate', 96),
(5004, 1036, 1001, 'randomDate', 119),
(5005, 1036, 1001, 'randomDate', 26),
(5006, 554, 1002, 'randomDate', 92),
(5007, 554, 1002, 'randomDate', 27),
(5008, 554, 1002, 'randomDate', 11),
(5009, 554, 1002, 'randomDate', 90),
(5010, 554, 1002, 'randomDate', 14),
(5011, 390, 1003, 'randomDate', 24),
(5012, 390, 1003, 'randomDate', 95),
(5013, 390, 1003, 'randomDate', 95),
(5014, 390, 1003, 'randomDate', 186),
(5015, 390, 1003, 'randomDate', 136),
(5016, 802, 1004, 'randomDate', 160),
(5017, 802, 1004, 'randomDate', 16),
(5018, 802, 1004, 'randomDate', 86),
(5019, 802, 1004, 'randomDate', 56),
(5020, 802, 1004, 'randomDate', 192),
(5021, 507, 1005, 'randomDate', 72),
(5022, 507, 1005, 'randomDate', 141),
(5023, 507, 1005, 'randomDate', 152),
(5024, 507, 1005, 'randomDate', 145),
(5025, 507, 1005, 'randomDate', 32),
(5026, 130, 1006, 'randomDate', 125),
(5027, 130, 1006, 'randomDate', 127),
(5028, 130, 1006, 'randomDate', 64),
(5029, 130, 1006, 'randomDate', 156),
(5030, 130, 1006, 'randomDate', 20),
(5031, 140, 1007, 'randomDate', 19),
(5032, 140, 1007, 'randomDate', 135),
(5033, 140, 1007, 'randomDate', 142),
(5034, 140, 1007, 'randomDate', 139),
(5035, 140, 1007, 'randomDate', 61),
(5036, 1032, 1008, 'randomDate', 134),
(5037, 1032, 1008, 'randomDate', 90),
(5038, 1032, 1008, 'randomDate', 91),
(5039, 1032, 1008, 'randomDate', 84),
(5040, 1032, 1008, 'randomDate', 23),
(5041, 736, 1009, 'randomDate', 31),
(5042, 736, 1009, 'randomDate', 61),
(5043, 736, 1009, 'randomDate', 173),
(5044, 736, 1009, 'randomDate', 100),
(5045, 736, 1009, 'randomDate', 170),
(5046, 644, 1010, 'randomDate', 66),
(5047, 644, 1010, 'randomDate', 152),
(5048, 644, 1010, 'randomDate', 80),
(5049, 644, 1010, 'randomDate', 84),
(5050, 644, 1010, 'randomDate', 179),
(5051, 667, 1011, 'randomDate', 72),
(5052, 667, 1011, 'randomDate', 21),
(5053, 667, 1011, 'randomDate', 81),
(5054, 667, 1011, 'randomDate', 49),
(5055, 667, 1011, 'randomDate', 178),
(5056, 776, 1012, 'randomDate', 195),
(5057, 776, 1012, 'randomDate', 105),
(5058, 776, 1012, 'randomDate', 19),
(5059, 776, 1012, 'randomDate', 69),
(5060, 776, 1012, 'randomDate', 195),
(5061, 393, 1013, 'randomDate', 150),
(5062, 393, 1013, 'randomDate', 130),
(5063, 393, 1013, 'randomDate', 101),
(5064, 393, 1013, 'randomDate', 144),
(5065, 393, 1013, 'randomDate', 134),
(5066, 919, 1014, 'randomDate', 77),
(5067, 919, 1014, 'randomDate', 8),
(5068, 919, 1014, 'randomDate', 37),
(5069, 919, 1014, 'randomDate', 141),
(5070, 919, 1014, 'randomDate', 116),
(5071, 336, 1015, 'randomDate', 36),
(5072, 336, 1015, 'randomDate', 168),
(5073, 336, 1015, 'randomDate', 28),
(5074, 336, 1015, 'randomDate', 91),
(5075, 336, 1015, 'randomDate', 176),
(5076, 982, 1016, 'randomDate', 28),
(5077, 982, 1016, 'randomDate', 78),
(5078, 982, 1016, 'randomDate', 161),
(5079, 982, 1016, 'randomDate', 78),
(5080, 982, 1016, 'randomDate', 168),
(5081, 1186, 1017, 'randomDate', 94),
(5082, 1186, 1017, 'randomDate', 13),
(5083, 1186, 1017, 'randomDate', 188),
(5084, 1186, 1017, 'randomDate', 145),
(5085, 1186, 1017, 'randomDate', 83),
(5086, 384, 1018, 'randomDate', 93),
(5087, 384, 1018, 'randomDate', 35),
(5088, 384, 1018, 'randomDate', 35),
(5089, 384, 1018, 'randomDate', 101),
(5090, 384, 1018, 'randomDate', 132),
(5091, 554, 1019, 'randomDate', 160),
(5092, 554, 1019, 'randomDate', 85),
(5093, 554, 1019, 'randomDate', 103),
(5094, 554, 1019, 'randomDate', 107),
(5095, 554, 1019, 'randomDate', 50),
(5096, 779, 1020, 'randomDate', 53),
(5097, 779, 1020, 'randomDate', 43),
(5098, 779, 1020, 'randomDate', 180),
(5099, 779, 1020, 'randomDate', 127),
(5100, 779, 1020, 'randomDate', 96),
(5101, 572, 1021, 'randomDate', 14),
(5102, 572, 1021, 'randomDate', 49),
(5103, 572, 1021, 'randomDate', 3),
(5104, 572, 1021, 'randomDate', 61),
(5105, 572, 1021, 'randomDate', 77),
(5106, 292, 1022, 'randomDate', 138),
(5107, 292, 1022, 'randomDate', 135),
(5108, 292, 1022, 'randomDate', 183),
(5109, 292, 1022, 'randomDate', 133),
(5110, 292, 1022, 'randomDate', 155),
(5111, 903, 1023, 'randomDate', 80),
(5112, 903, 1023, 'randomDate', 153),
(5113, 903, 1023, 'randomDate', 29),
(5114, 903, 1023, 'randomDate', 30),
(5115, 903, 1023, 'randomDate', 66),
(5116, 1113, 1024, 'randomDate', 2),
(5117, 1113, 1024, 'randomDate', 198),
(5118, 1113, 1024, 'randomDate', 174),
(5119, 1113, 1024, 'randomDate', 132),
(5120, 1113, 1024, 'randomDate', 192),
(5121, 260, 1025, 'randomDate', 177),
(5122, 260, 1025, 'randomDate', 127),
(5123, 260, 1025, 'randomDate', 79),
(5124, 260, 1025, 'randomDate', 192),
(5125, 260, 1025, 'randomDate', 143),
(5126, 75, 1026, 'randomDate', 129),
(5127, 75, 1026, 'randomDate', 164),
(5128, 75, 1026, 'randomDate', 147),
(5129, 75, 1026, 'randomDate', 179),
(5130, 75, 1026, 'randomDate', 165),
(5131, 356, 1027, 'randomDate', 144),
(5132, 356, 1027, 'randomDate', 57),
(5133, 356, 1027, 'randomDate', 49),
(5134, 356, 1027, 'randomDate', 46),
(5135, 356, 1027, 'randomDate', 155),
(5136, 1113, 1028, 'randomDate', 178),
(5137, 1113, 1028, 'randomDate', 183),
(5138, 1113, 1028, 'randomDate', 74),
(5139, 1113, 1028, 'randomDate', 4),
(5140, 1113, 1028, 'randomDate', 116),
(5141, 135, 1029, 'randomDate', 63),
(5142, 135, 1029, 'randomDate', 33),
(5143, 135, 1029, 'randomDate', 98),
(5144, 135, 1029, 'randomDate', 15),
(5145, 135, 1029, 'randomDate', 78),
(5146, 986, 1030, 'randomDate', 130),
(5147, 986, 1030, 'randomDate', 189),
(5148, 986, 1030, 'randomDate', 114),
(5149, 986, 1030, 'randomDate', 15),
(5150, 986, 1030, 'randomDate', 10),
(5151, 928, 1031, 'randomDate', 109),
(5152, 928, 1031, 'randomDate', 11),
(5153, 928, 1031, 'randomDate', 19),
(5154, 928, 1031, 'randomDate', 2),
(5155, 928, 1031, 'randomDate', 9),
(5156, 513, 1032, 'randomDate', 41),
(5157, 513, 1032, 'randomDate', 73),
(5158, 513, 1032, 'randomDate', 110),
(5159, 513, 1032, 'randomDate', 58),
(5160, 513, 1032, 'randomDate', 171),
(5161, 691, 1033, 'randomDate', 189),
(5162, 691, 1033, 'randomDate', 63),
(5163, 691, 1033, 'randomDate', 130),
(5164, 691, 1033, 'randomDate', 37),
(5165, 691, 1033, 'randomDate', 23),
(5166, 24, 1034, 'randomDate', 194),
(5167, 24, 1034, 'randomDate', 64),
(5168, 24, 1034, 'randomDate', 123),
(5169, 24, 1034, 'randomDate', 100),
(5170, 24, 1034, 'randomDate', 145),
(5171, 377, 1035, 'randomDate', 177),
(5172, 377, 1035, 'randomDate', 85),
(5173, 377, 1035, 'randomDate', 90),
(5174, 377, 1035, 'randomDate', 137),
(5175, 377, 1035, 'randomDate', 30),
(5176, 869, 1036, 'randomDate', 128),
(5177, 869, 1036, 'randomDate', 27),
(5178, 869, 1036, 'randomDate', 178),
(5179, 869, 1036, 'randomDate', 149),
(5180, 869, 1036, 'randomDate', 122),
(5181, 599, 1037, 'randomDate', 198),
(5182, 599, 1037, 'randomDate', 45),
(5183, 599, 1037, 'randomDate', 10),
(5184, 599, 1037, 'randomDate', 166),
(5185, 599, 1037, 'randomDate', 96),
(5186, 872, 1038, 'randomDate', 114),
(5187, 872, 1038, 'randomDate', 169),
(5188, 872, 1038, 'randomDate', 186),
(5189, 872, 1038, 'randomDate', 173),
(5190, 872, 1038, 'randomDate', 190),
(5191, 716, 1039, 'randomDate', 36),
(5192, 716, 1039, 'randomDate', 139),
(5193, 716, 1039, 'randomDate', 197),
(5194, 716, 1039, 'randomDate', 145),
(5195, 716, 1039, 'randomDate', 148),
(5196, 701, 1040, 'randomDate', 30),
(5197, 701, 1040, 'randomDate', 145),
(5198, 701, 1040, 'randomDate', 183),
(5199, 701, 1040, 'randomDate', 67),
(5200, 701, 1040, 'randomDate', 30),
(5201, 353, 1041, 'randomDate', 98),
(5202, 353, 1041, 'randomDate', 51),
(5203, 353, 1041, 'randomDate', 107),
(5204, 353, 1041, 'randomDate', 90),
(5205, 353, 1041, 'randomDate', 84),
(5206, 532, 1042, 'randomDate', 71),
(5207, 532, 1042, 'randomDate', 115),
(5208, 532, 1042, 'randomDate', 148),
(5209, 532, 1042, 'randomDate', 67),
(5210, 532, 1042, 'randomDate', 54),
(5211, 919, 1043, 'randomDate', 32),
(5212, 919, 1043, 'randomDate', 124),
(5213, 919, 1043, 'randomDate', 144),
(5214, 919, 1043, 'randomDate', 166),
(5215, 919, 1043, 'randomDate', 138),
(5216, 350, 1044, 'randomDate', 47),
(5217, 350, 1044, 'randomDate', 124),
(5218, 350, 1044, 'randomDate', 33),
(5219, 350, 1044, 'randomDate', 37),
(5220, 350, 1044, 'randomDate', 158),
(5221, 1054, 1045, 'randomDate', 165),
(5222, 1054, 1045, 'randomDate', 200),
(5223, 1054, 1045, 'randomDate', 186),
(5224, 1054, 1045, 'randomDate', 157),
(5225, 1054, 1045, 'randomDate', 149),
(5226, 255, 1046, 'randomDate', 33),
(5227, 255, 1046, 'randomDate', 148),
(5228, 255, 1046, 'randomDate', 112),
(5229, 255, 1046, 'randomDate', 189),
(5230, 255, 1046, 'randomDate', 94),
(5231, 570, 1047, 'randomDate', 76),
(5232, 570, 1047, 'randomDate', 176),
(5233, 570, 1047, 'randomDate', 9),
(5234, 570, 1047, 'randomDate', 33),
(5235, 570, 1047, 'randomDate', 34),
(5236, 765, 1048, 'randomDate', 72),
(5237, 765, 1048, 'randomDate', 178),
(5238, 765, 1048, 'randomDate', 189),
(5239, 765, 1048, 'randomDate', 170),
(5240, 765, 1048, 'randomDate', 57),
(5241, 765, 1049, 'randomDate', 167),
(5242, 765, 1049, 'randomDate', 182),
(5243, 765, 1049, 'randomDate', 80),
(5244, 765, 1049, 'randomDate', 84),
(5245, 765, 1049, 'randomDate', 188),
(5246, 689, 1050, 'randomDate', 197),
(5247, 689, 1050, 'randomDate', 103),
(5248, 689, 1050, 'randomDate', 125),
(5249, 689, 1050, 'randomDate', 137),
(5250, 689, 1050, 'randomDate', 149),
(5251, 1073, 1051, 'randomDate', 63),
(5252, 1073, 1051, 'randomDate', 3),
(5253, 1073, 1051, 'randomDate', 187),
(5254, 1073, 1051, 'randomDate', 192),
(5255, 1073, 1051, 'randomDate', 175),
(5256, 1074, 1052, 'randomDate', 146),
(5257, 1074, 1052, 'randomDate', 185),
(5258, 1074, 1052, 'randomDate', 62),
(5259, 1074, 1052, 'randomDate', 115),
(5260, 1074, 1052, 'randomDate', 88),
(5261, 587, 1053, 'randomDate', 138),
(5262, 587, 1053, 'randomDate', 51),
(5263, 587, 1053, 'randomDate', 45),
(5264, 587, 1053, 'randomDate', 52),
(5265, 587, 1053, 'randomDate', 42),
(5266, 654, 1054, 'randomDate', 154),
(5267, 654, 1054, 'randomDate', 137),
(5268, 654, 1054, 'randomDate', 115),
(5269, 654, 1054, 'randomDate', 16),
(5270, 654, 1054, 'randomDate', 109),
(5271, 795, 1055, 'randomDate', 145),
(5272, 795, 1055, 'randomDate', 68),
(5273, 795, 1055, 'randomDate', 147),
(5274, 795, 1055, 'randomDate', 174),
(5275, 795, 1055, 'randomDate', 58),
(5276, 1010, 1056, 'randomDate', 26),
(5277, 1010, 1056, 'randomDate', 35),
(5278, 1010, 1056, 'randomDate', 46),
(5279, 1010, 1056, 'randomDate', 97),
(5280, 1010, 1056, 'randomDate', 114),
(5281, 1015, 1057, 'randomDate', 69),
(5282, 1015, 1057, 'randomDate', 169),
(5283, 1015, 1057, 'randomDate', 3),
(5284, 1015, 1057, 'randomDate', 94),
(5285, 1015, 1057, 'randomDate', 15),
(5286, 798, 1058, 'randomDate', 110),
(5287, 798, 1058, 'randomDate', 57),
(5288, 798, 1058, 'randomDate', 112),
(5289, 798, 1058, 'randomDate', 168),
(5290, 798, 1058, 'randomDate', 42),
(5291, 1141, 1059, 'randomDate', 66),
(5292, 1141, 1059, 'randomDate', 121),
(5293, 1141, 1059, 'randomDate', 8),
(5294, 1141, 1059, 'randomDate', 134),
(5295, 1141, 1059, 'randomDate', 16),
(5296, 915, 1060, 'randomDate', 117),
(5297, 915, 1060, 'randomDate', 109),
(5298, 915, 1060, 'randomDate', 129),
(5299, 915, 1060, 'randomDate', 98),
(5300, 915, 1060, 'randomDate', 128),
(5301, 719, 1061, 'randomDate', 119),
(5302, 719, 1061, 'randomDate', 174),
(5303, 719, 1061, 'randomDate', 95),
(5304, 719, 1061, 'randomDate', 100),
(5305, 719, 1061, 'randomDate', 9),
(5306, 1158, 1062, 'randomDate', 129),
(5307, 1158, 1062, 'randomDate', 120),
(5308, 1158, 1062, 'randomDate', 187),
(5309, 1158, 1062, 'randomDate', 124),
(5310, 1158, 1062, 'randomDate', 178),
(5311, 478, 1063, 'randomDate', 54),
(5312, 478, 1063, 'randomDate', 88),
(5313, 478, 1063, 'randomDate', 95),
(5314, 478, 1063, 'randomDate', 86),
(5315, 478, 1063, 'randomDate', 129),
(5316, 524, 1064, 'randomDate', 83),
(5317, 524, 1064, 'randomDate', 163),
(5318, 524, 1064, 'randomDate', 179),
(5319, 524, 1064, 'randomDate', 191),
(5320, 524, 1064, 'randomDate', 116),
(5321, 193, 1065, 'randomDate', 127),
(5322, 193, 1065, 'randomDate', 139),
(5323, 193, 1065, 'randomDate', 26),
(5324, 193, 1065, 'randomDate', 57),
(5325, 193, 1065, 'randomDate', 196),
(5326, 1164, 1066, 'randomDate', 175),
(5327, 1164, 1066, 'randomDate', 59),
(5328, 1164, 1066, 'randomDate', 108),
(5329, 1164, 1066, 'randomDate', 164),
(5330, 1164, 1066, 'randomDate', 78),
(5331, 212, 1067, 'randomDate', 91),
(5332, 212, 1067, 'randomDate', 123),
(5333, 212, 1067, 'randomDate', 161),
(5334, 212, 1067, 'randomDate', 184),
(5335, 212, 1067, 'randomDate', 178),
(5336, 178, 1068, 'randomDate', 90),
(5337, 178, 1068, 'randomDate', 184),
(5338, 178, 1068, 'randomDate', 27),
(5339, 178, 1068, 'randomDate', 10),
(5340, 178, 1068, 'randomDate', 29),
(5341, 538, 1069, 'randomDate', 48),
(5342, 538, 1069, 'randomDate', 16),
(5343, 538, 1069, 'randomDate', 37),
(5344, 538, 1069, 'randomDate', 7),
(5345, 538, 1069, 'randomDate', 144),
(5346, 854, 1070, 'randomDate', 91),
(5347, 854, 1070, 'randomDate', 8),
(5348, 854, 1070, 'randomDate', 64),
(5349, 854, 1070, 'randomDate', 80),
(5350, 854, 1070, 'randomDate', 107),
(5351, 1139, 1071, 'randomDate', 187),
(5352, 1139, 1071, 'randomDate', 50),
(5353, 1139, 1071, 'randomDate', 177),
(5354, 1139, 1071, 'randomDate', 127),
(5355, 1139, 1071, 'randomDate', 43),
(5356, 826, 1072, 'randomDate', 110),
(5357, 826, 1072, 'randomDate', 7),
(5358, 826, 1072, 'randomDate', 44),
(5359, 826, 1072, 'randomDate', 168),
(5360, 826, 1072, 'randomDate', 43),
(5361, 1033, 1073, 'randomDate', 44),
(5362, 1033, 1073, 'randomDate', 166),
(5363, 1033, 1073, 'randomDate', 176),
(5364, 1033, 1073, 'randomDate', 64),
(5365, 1033, 1073, 'randomDate', 94),
(5366, 875, 1074, 'randomDate', 32),
(5367, 875, 1074, 'randomDate', 48),
(5368, 875, 1074, 'randomDate', 103),
(5369, 875, 1074, 'randomDate', 91),
(5370, 875, 1074, 'randomDate', 185),
(5371, 1020, 1075, 'randomDate', 93),
(5372, 1020, 1075, 'randomDate', 153),
(5373, 1020, 1075, 'randomDate', 77),
(5374, 1020, 1075, 'randomDate', 196),
(5375, 1020, 1075, 'randomDate', 90),
(5376, 380, 1076, 'randomDate', 116),
(5377, 380, 1076, 'randomDate', 30),
(5378, 380, 1076, 'randomDate', 88),
(5379, 380, 1076, 'randomDate', 143),
(5380, 380, 1076, 'randomDate', 192),
(5381, 348, 1077, 'randomDate', 130),
(5382, 348, 1077, 'randomDate', 127),
(5383, 348, 1077, 'randomDate', 79),
(5384, 348, 1077, 'randomDate', 179),
(5385, 348, 1077, 'randomDate', 33),
(5386, 48, 1078, 'randomDate', 59),
(5387, 48, 1078, 'randomDate', 50),
(5388, 48, 1078, 'randomDate', 75),
(5389, 48, 1078, 'randomDate', 111),
(5390, 48, 1078, 'randomDate', 20),
(5391, 652, 1079, 'randomDate', 81),
(5392, 652, 1079, 'randomDate', 101),
(5393, 652, 1079, 'randomDate', 74),
(5394, 652, 1079, 'randomDate', 45),
(5395, 652, 1079, 'randomDate', 93),
(5396, 1004, 1080, 'randomDate', 46),
(5397, 1004, 1080, 'randomDate', 124),
(5398, 1004, 1080, 'randomDate', 73),
(5399, 1004, 1080, 'randomDate', 89),
(5400, 1004, 1080, 'randomDate', 68),
(5401, 192, 1081, 'randomDate', 149),
(5402, 192, 1081, 'randomDate', 127),
(5403, 192, 1081, 'randomDate', 71),
(5404, 192, 1081, 'randomDate', 127),
(5405, 192, 1081, 'randomDate', 49),
(5406, 234, 1082, 'randomDate', 192),
(5407, 234, 1082, 'randomDate', 59),
(5408, 234, 1082, 'randomDate', 68),
(5409, 234, 1082, 'randomDate', 131),
(5410, 234, 1082, 'randomDate', 112),
(5411, 224, 1083, 'randomDate', 143),
(5412, 224, 1083, 'randomDate', 140),
(5413, 224, 1083, 'randomDate', 60),
(5414, 224, 1083, 'randomDate', 54),
(5415, 224, 1083, 'randomDate', 18),
(5416, 610, 1084, 'randomDate', 137),
(5417, 610, 1084, 'randomDate', 122),
(5418, 610, 1084, 'randomDate', 123),
(5419, 610, 1084, 'randomDate', 25),
(5420, 610, 1084, 'randomDate', 141),
(5421, 451, 1085, 'randomDate', 18),
(5422, 451, 1085, 'randomDate', 44),
(5423, 451, 1085, 'randomDate', 153),
(5424, 451, 1085, 'randomDate', 45),
(5425, 451, 1085, 'randomDate', 30),
(5426, 257, 1086, 'randomDate', 24),
(5427, 257, 1086, 'randomDate', 48),
(5428, 257, 1086, 'randomDate', 131),
(5429, 257, 1086, 'randomDate', 191),
(5430, 257, 1086, 'randomDate', 26),
(5431, 535, 1087, 'randomDate', 137),
(5432, 535, 1087, 'randomDate', 104),
(5433, 535, 1087, 'randomDate', 17),
(5434, 535, 1087, 'randomDate', 103),
(5435, 535, 1087, 'randomDate', 163),
(5436, 147, 1088, 'randomDate', 104),
(5437, 147, 1088, 'randomDate', 45),
(5438, 147, 1088, 'randomDate', 192),
(5439, 147, 1088, 'randomDate', 16),
(5440, 147, 1088, 'randomDate', 172),
(5441, 404, 1089, 'randomDate', 121),
(5442, 404, 1089, 'randomDate', 47),
(5443, 404, 1089, 'randomDate', 51),
(5444, 404, 1089, 'randomDate', 198),
(5445, 404, 1089, 'randomDate', 136),
(5446, 761, 1090, 'randomDate', 139),
(5447, 761, 1090, 'randomDate', 147),
(5448, 761, 1090, 'randomDate', 1),
(5449, 761, 1090, 'randomDate', 42),
(5450, 761, 1090, 'randomDate', 143),
(5451, 558, 1091, 'randomDate', 92),
(5452, 558, 1091, 'randomDate', 153),
(5453, 558, 1091, 'randomDate', 80),
(5454, 558, 1091, 'randomDate', 176),
(5455, 558, 1091, 'randomDate', 95),
(5456, 1173, 1092, 'randomDate', 26),
(5457, 1173, 1092, 'randomDate', 7),
(5458, 1173, 1092, 'randomDate', 15),
(5459, 1173, 1092, 'randomDate', 169),
(5460, 1173, 1092, 'randomDate', 3),
(5461, 1153, 1093, 'randomDate', 49),
(5462, 1153, 1093, 'randomDate', 84),
(5463, 1153, 1093, 'randomDate', 85),
(5464, 1153, 1093, 'randomDate', 21),
(5465, 1153, 1093, 'randomDate', 18),
(5466, 570, 1094, 'randomDate', 29),
(5467, 570, 1094, 'randomDate', 128),
(5468, 570, 1094, 'randomDate', 116),
(5469, 570, 1094, 'randomDate', 107),
(5470, 570, 1094, 'randomDate', 53),
(5471, 1092, 1095, 'randomDate', 83),
(5472, 1092, 1095, 'randomDate', 99),
(5473, 1092, 1095, 'randomDate', 159),
(5474, 1092, 1095, 'randomDate', 161),
(5475, 1092, 1095, 'randomDate', 82),
(5476, 990, 1096, 'randomDate', 188),
(5477, 990, 1096, 'randomDate', 164),
(5478, 990, 1096, 'randomDate', 108),
(5479, 990, 1096, 'randomDate', 107),
(5480, 990, 1096, 'randomDate', 55),
(5481, 759, 1097, 'randomDate', 8),
(5482, 759, 1097, 'randomDate', 3),
(5483, 759, 1097, 'randomDate', 87),
(5484, 759, 1097, 'randomDate', 94),
(5485, 759, 1097, 'randomDate', 134),
(5486, 330, 1098, 'randomDate', 105),
(5487, 330, 1098, 'randomDate', 181),
(5488, 330, 1098, 'randomDate', 158),
(5489, 330, 1098, 'randomDate', 151),
(5490, 330, 1098, 'randomDate', 113),
(5491, 1110, 1099, 'randomDate', 194),
(5492, 1110, 1099, 'randomDate', 67),
(5493, 1110, 1099, 'randomDate', 143),
(5494, 1110, 1099, 'randomDate', 153),
(5495, 1110, 1099, 'randomDate', 27),
(5496, 1156, 1100, 'randomDate', 108),
(5497, 1156, 1100, 'randomDate', 183),
(5498, 1156, 1100, 'randomDate', 55),
(5499, 1156, 1100, 'randomDate', 148),
(5500, 1156, 1100, 'randomDate', 168),
(5501, 326, 1101, 'randomDate', 194),
(5502, 326, 1101, 'randomDate', 128),
(5503, 326, 1101, 'randomDate', 131),
(5504, 326, 1101, 'randomDate', 17),
(5505, 326, 1101, 'randomDate', 25),
(5506, 77, 1102, 'randomDate', 178),
(5507, 77, 1102, 'randomDate', 46),
(5508, 77, 1102, 'randomDate', 102),
(5509, 77, 1102, 'randomDate', 81),
(5510, 77, 1102, 'randomDate', 38),
(5511, 196, 1103, 'randomDate', 45),
(5512, 196, 1103, 'randomDate', 18),
(5513, 196, 1103, 'randomDate', 19),
(5514, 196, 1103, 'randomDate', 61),
(5515, 196, 1103, 'randomDate', 171),
(5516, 191, 1104, 'randomDate', 107),
(5517, 191, 1104, 'randomDate', 168),
(5518, 191, 1104, 'randomDate', 65),
(5519, 191, 1104, 'randomDate', 148),
(5520, 191, 1104, 'randomDate', 165),
(5521, 346, 1105, 'randomDate', 137),
(5522, 346, 1105, 'randomDate', 199),
(5523, 346, 1105, 'randomDate', 167),
(5524, 346, 1105, 'randomDate', 176),
(5525, 346, 1105, 'randomDate', 173),
(5526, 458, 1106, 'randomDate', 4),
(5527, 458, 1106, 'randomDate', 152),
(5528, 458, 1106, 'randomDate', 4),
(5529, 458, 1106, 'randomDate', 95),
(5530, 458, 1106, 'randomDate', 83),
(5531, 969, 1107, 'randomDate', 2),
(5532, 969, 1107, 'randomDate', 73),
(5533, 969, 1107, 'randomDate', 81),
(5534, 969, 1107, 'randomDate', 35),
(5535, 969, 1107, 'randomDate', 140),
(5536, 865, 1108, 'randomDate', 37),
(5537, 865, 1108, 'randomDate', 16),
(5538, 865, 1108, 'randomDate', 103),
(5539, 865, 1108, 'randomDate', 114),
(5540, 865, 1108, 'randomDate', 16),
(5541, 705, 1109, 'randomDate', 60),
(5542, 705, 1109, 'randomDate', 170),
(5543, 705, 1109, 'randomDate', 75),
(5544, 705, 1109, 'randomDate', 53),
(5545, 705, 1109, 'randomDate', 29),
(5546, 296, 1110, 'randomDate', 71),
(5547, 296, 1110, 'randomDate', 31),
(5548, 296, 1110, 'randomDate', 123),
(5549, 296, 1110, 'randomDate', 66),
(5550, 296, 1110, 'randomDate', 91),
(5551, 582, 1111, 'randomDate', 109),
(5552, 582, 1111, 'randomDate', 170),
(5553, 582, 1111, 'randomDate', 38),
(5554, 582, 1111, 'randomDate', 178),
(5555, 582, 1111, 'randomDate', 100),
(5556, 483, 1112, 'randomDate', 67),
(5557, 483, 1112, 'randomDate', 49),
(5558, 483, 1112, 'randomDate', 48),
(5559, 483, 1112, 'randomDate', 163),
(5560, 483, 1112, 'randomDate', 82),
(5561, 682, 1113, 'randomDate', 27),
(5562, 682, 1113, 'randomDate', 64),
(5563, 682, 1113, 'randomDate', 112),
(5564, 682, 1113, 'randomDate', 162),
(5565, 682, 1113, 'randomDate', 161),
(5566, 235, 1114, 'randomDate', 120),
(5567, 235, 1114, 'randomDate', 189),
(5568, 235, 1114, 'randomDate', 90),
(5569, 235, 1114, 'randomDate', 41),
(5570, 235, 1114, 'randomDate', 148),
(5571, 439, 1115, 'randomDate', 54),
(5572, 439, 1115, 'randomDate', 5),
(5573, 439, 1115, 'randomDate', 45),
(5574, 439, 1115, 'randomDate', 76),
(5575, 439, 1115, 'randomDate', 75),
(5576, 602, 1116, 'randomDate', 85),
(5577, 602, 1116, 'randomDate', 166),
(5578, 602, 1116, 'randomDate', 81),
(5579, 602, 1116, 'randomDate', 147),
(5580, 602, 1116, 'randomDate', 137),
(5581, 163, 1117, 'randomDate', 45),
(5582, 163, 1117, 'randomDate', 40),
(5583, 163, 1117, 'randomDate', 61),
(5584, 163, 1117, 'randomDate', 95),
(5585, 163, 1117, 'randomDate', 187),
(5586, 315, 1118, 'randomDate', 136),
(5587, 315, 1118, 'randomDate', 34),
(5588, 315, 1118, 'randomDate', 7),
(5589, 315, 1118, 'randomDate', 127),
(5590, 315, 1118, 'randomDate', 119),
(5591, 123, 1119, 'randomDate', 106),
(5592, 123, 1119, 'randomDate', 95),
(5593, 123, 1119, 'randomDate', 17),
(5594, 123, 1119, 'randomDate', 17),
(5595, 123, 1119, 'randomDate', 150),
(5596, 956, 1120, 'randomDate', 36),
(5597, 956, 1120, 'randomDate', 174),
(5598, 956, 1120, 'randomDate', 111),
(5599, 956, 1120, 'randomDate', 9),
(5600, 956, 1120, 'randomDate', 40),
(5601, 856, 1121, 'randomDate', 21),
(5602, 856, 1121, 'randomDate', 184),
(5603, 856, 1121, 'randomDate', 46),
(5604, 856, 1121, 'randomDate', 117),
(5605, 856, 1121, 'randomDate', 104),
(5606, 1180, 1122, 'randomDate', 137),
(5607, 1180, 1122, 'randomDate', 120),
(5608, 1180, 1122, 'randomDate', 37),
(5609, 1180, 1122, 'randomDate', 101),
(5610, 1180, 1122, 'randomDate', 141),
(5611, 1039, 1123, 'randomDate', 47),
(5612, 1039, 1123, 'randomDate', 61),
(5613, 1039, 1123, 'randomDate', 31),
(5614, 1039, 1123, 'randomDate', 191),
(5615, 1039, 1123, 'randomDate', 137),
(5616, 671, 1124, 'randomDate', 127),
(5617, 671, 1124, 'randomDate', 116),
(5618, 671, 1124, 'randomDate', 182),
(5619, 671, 1124, 'randomDate', 120),
(5620, 671, 1124, 'randomDate', 9),
(5621, 219, 1125, 'randomDate', 181),
(5622, 219, 1125, 'randomDate', 190),
(5623, 219, 1125, 'randomDate', 105),
(5624, 219, 1125, 'randomDate', 187),
(5625, 219, 1125, 'randomDate', 49),
(5626, 439, 1126, 'randomDate', 190),
(5627, 439, 1126, 'randomDate', 181),
(5628, 439, 1126, 'randomDate', 172),
(5629, 439, 1126, 'randomDate', 165),
(5630, 439, 1126, 'randomDate', 82),
(5631, 338, 1127, 'randomDate', 169),
(5632, 338, 1127, 'randomDate', 71),
(5633, 338, 1127, 'randomDate', 126),
(5634, 338, 1127, 'randomDate', 77),
(5635, 338, 1127, 'randomDate', 107),
(5636, 697, 1128, 'randomDate', 86),
(5637, 697, 1128, 'randomDate', 151),
(5638, 697, 1128, 'randomDate', 104),
(5639, 697, 1128, 'randomDate', 18),
(5640, 697, 1128, 'randomDate', 24),
(5641, 1173, 1129, 'randomDate', 168),
(5642, 1173, 1129, 'randomDate', 136),
(5643, 1173, 1129, 'randomDate', 179),
(5644, 1173, 1129, 'randomDate', 102),
(5645, 1173, 1129, 'randomDate', 107),
(5646, 1166, 1130, 'randomDate', 14),
(5647, 1166, 1130, 'randomDate', 10),
(5648, 1166, 1130, 'randomDate', 193),
(5649, 1166, 1130, 'randomDate', 198),
(5650, 1166, 1130, 'randomDate', 58),
(5651, 641, 1131, 'randomDate', 91),
(5652, 641, 1131, 'randomDate', 47),
(5653, 641, 1131, 'randomDate', 62),
(5654, 641, 1131, 'randomDate', 74),
(5655, 641, 1131, 'randomDate', 4),
(5656, 161, 1132, 'randomDate', 112),
(5657, 161, 1132, 'randomDate', 23),
(5658, 161, 1132, 'randomDate', 71),
(5659, 161, 1132, 'randomDate', 129),
(5660, 161, 1132, 'randomDate', 105),
(5661, 1177, 1133, 'randomDate', 173),
(5662, 1177, 1133, 'randomDate', 182),
(5663, 1177, 1133, 'randomDate', 19),
(5664, 1177, 1133, 'randomDate', 54),
(5665, 1177, 1133, 'randomDate', 75),
(5666, 971, 1134, 'randomDate', 43),
(5667, 971, 1134, 'randomDate', 85),
(5668, 971, 1134, 'randomDate', 148),
(5669, 971, 1134, 'randomDate', 143),
(5670, 971, 1134, 'randomDate', 157),
(5671, 316, 1135, 'randomDate', 55),
(5672, 316, 1135, 'randomDate', 28),
(5673, 316, 1135, 'randomDate', 38),
(5674, 316, 1135, 'randomDate', 80),
(5675, 316, 1135, 'randomDate', 139),
(5676, 12, 1136, 'randomDate', 10),
(5677, 12, 1136, 'randomDate', 139),
(5678, 12, 1136, 'randomDate', 56),
(5679, 12, 1136, 'randomDate', 41),
(5680, 12, 1136, 'randomDate', 184),
(5681, 722, 1137, 'randomDate', 191),
(5682, 722, 1137, 'randomDate', 111),
(5683, 722, 1137, 'randomDate', 57),
(5684, 722, 1137, 'randomDate', 185),
(5685, 722, 1137, 'randomDate', 41),
(5686, 497, 1138, 'randomDate', 192),
(5687, 497, 1138, 'randomDate', 188),
(5688, 497, 1138, 'randomDate', 154),
(5689, 497, 1138, 'randomDate', 44),
(5690, 497, 1138, 'randomDate', 19),
(5691, 766, 1139, 'randomDate', 11),
(5692, 766, 1139, 'randomDate', 191),
(5693, 766, 1139, 'randomDate', 57),
(5694, 766, 1139, 'randomDate', 68),
(5695, 766, 1139, 'randomDate', 159),
(5696, 591, 1140, 'randomDate', 168),
(5697, 591, 1140, 'randomDate', 29),
(5698, 591, 1140, 'randomDate', 117),
(5699, 591, 1140, 'randomDate', 186),
(5700, 591, 1140, 'randomDate', 167),
(5701, 910, 1141, 'randomDate', 83),
(5702, 910, 1141, 'randomDate', 115),
(5703, 910, 1141, 'randomDate', 32),
(5704, 910, 1141, 'randomDate', 103),
(5705, 910, 1141, 'randomDate', 61),
(5706, 999, 1142, 'randomDate', 88),
(5707, 999, 1142, 'randomDate', 49),
(5708, 999, 1142, 'randomDate', 33),
(5709, 999, 1142, 'randomDate', 199),
(5710, 999, 1142, 'randomDate', 4),
(5711, 360, 1143, 'randomDate', 24),
(5712, 360, 1143, 'randomDate', 71),
(5713, 360, 1143, 'randomDate', 192),
(5714, 360, 1143, 'randomDate', 10),
(5715, 360, 1143, 'randomDate', 31),
(5716, 418, 1144, 'randomDate', 50),
(5717, 418, 1144, 'randomDate', 132),
(5718, 418, 1144, 'randomDate', 88),
(5719, 418, 1144, 'randomDate', 6),
(5720, 418, 1144, 'randomDate', 105),
(5721, 1020, 1145, 'randomDate', 42),
(5722, 1020, 1145, 'randomDate', 179),
(5723, 1020, 1145, 'randomDate', 12),
(5724, 1020, 1145, 'randomDate', 177),
(5725, 1020, 1145, 'randomDate', 75),
(5726, 692, 1146, 'randomDate', 92),
(5727, 692, 1146, 'randomDate', 154),
(5728, 692, 1146, 'randomDate', 79),
(5729, 692, 1146, 'randomDate', 32),
(5730, 692, 1146, 'randomDate', 33),
(5731, 502, 1147, 'randomDate', 139),
(5732, 502, 1147, 'randomDate', 44),
(5733, 502, 1147, 'randomDate', 152),
(5734, 502, 1147, 'randomDate', 44),
(5735, 502, 1147, 'randomDate', 24),
(5736, 1049, 1148, 'randomDate', 33),
(5737, 1049, 1148, 'randomDate', 88),
(5738, 1049, 1148, 'randomDate', 30),
(5739, 1049, 1148, 'randomDate', 90),
(5740, 1049, 1148, 'randomDate', 34),
(5741, 938, 1149, 'randomDate', 193),
(5742, 938, 1149, 'randomDate', 110),
(5743, 938, 1149, 'randomDate', 96),
(5744, 938, 1149, 'randomDate', 106),
(5745, 938, 1149, 'randomDate', 75),
(5746, 829, 1150, 'randomDate', 120),
(5747, 829, 1150, 'randomDate', 104),
(5748, 829, 1150, 'randomDate', 112),
(5749, 829, 1150, 'randomDate', 60),
(5750, 829, 1150, 'randomDate', 141),
(5751, 774, 1151, 'randomDate', 19),
(5752, 774, 1151, 'randomDate', 188),
(5753, 774, 1151, 'randomDate', 89),
(5754, 774, 1151, 'randomDate', 128),
(5755, 774, 1151, 'randomDate', 91),
(5756, 1004, 1152, 'randomDate', 11),
(5757, 1004, 1152, 'randomDate', 55),
(5758, 1004, 1152, 'randomDate', 117),
(5759, 1004, 1152, 'randomDate', 113),
(5760, 1004, 1152, 'randomDate', 184),
(5761, 1157, 1153, 'randomDate', 13),
(5762, 1157, 1153, 'randomDate', 73),
(5763, 1157, 1153, 'randomDate', 110),
(5764, 1157, 1153, 'randomDate', 12),
(5765, 1157, 1153, 'randomDate', 2),
(5766, 840, 1154, 'randomDate', 26),
(5767, 840, 1154, 'randomDate', 46),
(5768, 840, 1154, 'randomDate', 88),
(5769, 840, 1154, 'randomDate', 193),
(5770, 840, 1154, 'randomDate', 34),
(5771, 152, 1155, 'randomDate', 37),
(5772, 152, 1155, 'randomDate', 189),
(5773, 152, 1155, 'randomDate', 118),
(5774, 152, 1155, 'randomDate', 74),
(5775, 152, 1155, 'randomDate', 104),
(5776, 625, 1156, 'randomDate', 3),
(5777, 625, 1156, 'randomDate', 145),
(5778, 625, 1156, 'randomDate', 150),
(5779, 625, 1156, 'randomDate', 114),
(5780, 625, 1156, 'randomDate', 126),
(5781, 348, 1157, 'randomDate', 181),
(5782, 348, 1157, 'randomDate', 117),
(5783, 348, 1157, 'randomDate', 90),
(5784, 348, 1157, 'randomDate', 10),
(5785, 348, 1157, 'randomDate', 64),
(5786, 763, 1158, 'randomDate', 190),
(5787, 763, 1158, 'randomDate', 123),
(5788, 763, 1158, 'randomDate', 13),
(5789, 763, 1158, 'randomDate', 83),
(5790, 763, 1158, 'randomDate', 96),
(5791, 648, 1159, 'randomDate', 81),
(5792, 648, 1159, 'randomDate', 91),
(5793, 648, 1159, 'randomDate', 142),
(5794, 648, 1159, 'randomDate', 32),
(5795, 648, 1159, 'randomDate', 70),
(5796, 860, 1160, 'randomDate', 164);
INSERT INTO `sales` (`sale_id`, `saleman_id`, `customer_id`, `sale_date`, `product_id`) VALUES
(5797, 860, 1160, 'randomDate', 127),
(5798, 860, 1160, 'randomDate', 85),
(5799, 860, 1160, 'randomDate', 117),
(5800, 860, 1160, 'randomDate', 181),
(5801, 221, 1161, 'randomDate', 106),
(5802, 221, 1161, 'randomDate', 188),
(5803, 221, 1161, 'randomDate', 87),
(5804, 221, 1161, 'randomDate', 20),
(5805, 221, 1161, 'randomDate', 158),
(5806, 28, 1162, 'randomDate', 103),
(5807, 28, 1162, 'randomDate', 106),
(5808, 28, 1162, 'randomDate', 154),
(5809, 28, 1162, 'randomDate', 64),
(5810, 28, 1162, 'randomDate', 91),
(5811, 21, 1163, 'randomDate', 10),
(5812, 21, 1163, 'randomDate', 145),
(5813, 21, 1163, 'randomDate', 164),
(5814, 21, 1163, 'randomDate', 87),
(5815, 21, 1163, 'randomDate', 38),
(5816, 836, 1164, 'randomDate', 114),
(5817, 836, 1164, 'randomDate', 3),
(5818, 836, 1164, 'randomDate', 169),
(5819, 836, 1164, 'randomDate', 155),
(5820, 836, 1164, 'randomDate', 200),
(5821, 660, 1165, 'randomDate', 155),
(5822, 660, 1165, 'randomDate', 114),
(5823, 660, 1165, 'randomDate', 96),
(5824, 660, 1165, 'randomDate', 11),
(5825, 660, 1165, 'randomDate', 149),
(5826, 1105, 1166, 'randomDate', 97),
(5827, 1105, 1166, 'randomDate', 166),
(5828, 1105, 1166, 'randomDate', 32),
(5829, 1105, 1166, 'randomDate', 91),
(5830, 1105, 1166, 'randomDate', 59),
(5831, 284, 1167, 'randomDate', 154),
(5832, 284, 1167, 'randomDate', 36),
(5833, 284, 1167, 'randomDate', 76),
(5834, 284, 1167, 'randomDate', 40),
(5835, 284, 1167, 'randomDate', 125),
(5836, 288, 1168, 'randomDate', 114),
(5837, 288, 1168, 'randomDate', 11),
(5838, 288, 1168, 'randomDate', 38),
(5839, 288, 1168, 'randomDate', 130),
(5840, 288, 1168, 'randomDate', 89),
(5841, 946, 1169, 'randomDate', 196),
(5842, 946, 1169, 'randomDate', 26),
(5843, 946, 1169, 'randomDate', 13),
(5844, 946, 1169, 'randomDate', 64),
(5845, 946, 1169, 'randomDate', 199),
(5846, 992, 1170, 'randomDate', 24),
(5847, 992, 1170, 'randomDate', 118),
(5848, 992, 1170, 'randomDate', 125),
(5849, 992, 1170, 'randomDate', 23),
(5850, 992, 1170, 'randomDate', 78),
(5851, 412, 1171, 'randomDate', 197),
(5852, 412, 1171, 'randomDate', 97),
(5853, 412, 1171, 'randomDate', 46),
(5854, 412, 1171, 'randomDate', 78),
(5855, 412, 1171, 'randomDate', 189),
(5856, 772, 1172, 'randomDate', 12),
(5857, 772, 1172, 'randomDate', 14),
(5858, 772, 1172, 'randomDate', 196),
(5859, 772, 1172, 'randomDate', 153),
(5860, 772, 1172, 'randomDate', 51),
(5861, 963, 1173, 'randomDate', 43),
(5862, 963, 1173, 'randomDate', 28),
(5863, 963, 1173, 'randomDate', 58),
(5864, 963, 1173, 'randomDate', 116),
(5865, 963, 1173, 'randomDate', 29),
(5866, 944, 1174, 'randomDate', 60),
(5867, 944, 1174, 'randomDate', 3),
(5868, 944, 1174, 'randomDate', 185),
(5869, 944, 1174, 'randomDate', 75),
(5870, 944, 1174, 'randomDate', 195),
(5871, 1201, 1175, 'randomDate', 83),
(5872, 1201, 1175, 'randomDate', 96),
(5873, 1201, 1175, 'randomDate', 108),
(5874, 1201, 1175, 'randomDate', 76),
(5875, 1201, 1175, 'randomDate', 103),
(5876, 808, 1176, 'randomDate', 83),
(5877, 808, 1176, 'randomDate', 12),
(5878, 808, 1176, 'randomDate', 185),
(5879, 808, 1176, 'randomDate', 30),
(5880, 808, 1176, 'randomDate', 70),
(5881, 1206, 1177, 'randomDate', 154),
(5882, 1206, 1177, 'randomDate', 125),
(5883, 1206, 1177, 'randomDate', 32),
(5884, 1206, 1177, 'randomDate', 167),
(5885, 1206, 1177, 'randomDate', 54),
(5886, 390, 1178, 'randomDate', 21),
(5887, 390, 1178, 'randomDate', 141),
(5888, 390, 1178, 'randomDate', 145),
(5889, 390, 1178, 'randomDate', 130),
(5890, 390, 1178, 'randomDate', 13),
(5891, 413, 1179, 'randomDate', 116),
(5892, 413, 1179, 'randomDate', 95),
(5893, 413, 1179, 'randomDate', 187),
(5894, 413, 1179, 'randomDate', 39),
(5895, 413, 1179, 'randomDate', 150),
(5896, 737, 1180, 'randomDate', 161),
(5897, 737, 1180, 'randomDate', 136),
(5898, 737, 1180, 'randomDate', 104),
(5899, 737, 1180, 'randomDate', 37),
(5900, 737, 1180, 'randomDate', 79),
(5901, 345, 1181, 'randomDate', 80),
(5902, 345, 1181, 'randomDate', 164),
(5903, 345, 1181, 'randomDate', 137),
(5904, 345, 1181, 'randomDate', 166),
(5905, 345, 1181, 'randomDate', 151),
(5906, 583, 1182, 'randomDate', 99),
(5907, 583, 1182, 'randomDate', 51),
(5908, 583, 1182, 'randomDate', 101),
(5909, 583, 1182, 'randomDate', 191),
(5910, 583, 1182, 'randomDate', 141),
(5911, 59, 1183, 'randomDate', 178),
(5912, 59, 1183, 'randomDate', 160),
(5913, 59, 1183, 'randomDate', 200),
(5914, 59, 1183, 'randomDate', 145),
(5915, 59, 1183, 'randomDate', 19),
(5916, 293, 1184, 'randomDate', 125),
(5917, 293, 1184, 'randomDate', 151),
(5918, 293, 1184, 'randomDate', 72),
(5919, 293, 1184, 'randomDate', 179),
(5920, 293, 1184, 'randomDate', 158),
(5921, 90, 1185, 'randomDate', 91),
(5922, 90, 1185, 'randomDate', 65),
(5923, 90, 1185, 'randomDate', 174),
(5924, 90, 1185, 'randomDate', 7),
(5925, 90, 1185, 'randomDate', 72),
(5926, 955, 1186, 'randomDate', 134),
(5927, 955, 1186, 'randomDate', 65),
(5928, 955, 1186, 'randomDate', 31),
(5929, 955, 1186, 'randomDate', 47),
(5930, 955, 1186, 'randomDate', 83),
(5931, 329, 1187, 'randomDate', 46),
(5932, 329, 1187, 'randomDate', 122),
(5933, 329, 1187, 'randomDate', 198),
(5934, 329, 1187, 'randomDate', 38),
(5935, 329, 1187, 'randomDate', 92),
(5936, 1034, 1188, 'randomDate', 86),
(5937, 1034, 1188, 'randomDate', 12),
(5938, 1034, 1188, 'randomDate', 173),
(5939, 1034, 1188, 'randomDate', 62),
(5940, 1034, 1188, 'randomDate', 150),
(5941, 326, 1189, 'randomDate', 109),
(5942, 326, 1189, 'randomDate', 147),
(5943, 326, 1189, 'randomDate', 83),
(5944, 326, 1189, 'randomDate', 7),
(5945, 326, 1189, 'randomDate', 53),
(5946, 327, 1190, 'randomDate', 52),
(5947, 327, 1190, 'randomDate', 23),
(5948, 327, 1190, 'randomDate', 77),
(5949, 327, 1190, 'randomDate', 143),
(5950, 327, 1190, 'randomDate', 46),
(5951, 806, 1191, 'randomDate', 8),
(5952, 806, 1191, 'randomDate', 66),
(5953, 806, 1191, 'randomDate', 157),
(5954, 806, 1191, 'randomDate', 144),
(5955, 806, 1191, 'randomDate', 185),
(5956, 263, 1192, 'randomDate', 19),
(5957, 263, 1192, 'randomDate', 190),
(5958, 263, 1192, 'randomDate', 128),
(5959, 263, 1192, 'randomDate', 76),
(5960, 263, 1192, 'randomDate', 161),
(5961, 331, 1193, 'randomDate', 186),
(5962, 331, 1193, 'randomDate', 66),
(5963, 331, 1193, 'randomDate', 124),
(5964, 331, 1193, 'randomDate', 2),
(5965, 331, 1193, 'randomDate', 145),
(5966, 561, 1194, 'randomDate', 43),
(5967, 561, 1194, 'randomDate', 136),
(5968, 561, 1194, 'randomDate', 171),
(5969, 561, 1194, 'randomDate', 44),
(5970, 561, 1194, 'randomDate', 86),
(5971, 463, 1195, 'randomDate', 85),
(5972, 463, 1195, 'randomDate', 3),
(5973, 463, 1195, 'randomDate', 10),
(5974, 463, 1195, 'randomDate', 64),
(5975, 463, 1195, 'randomDate', 101),
(5976, 752, 1196, 'randomDate', 62),
(5977, 752, 1196, 'randomDate', 29),
(5978, 752, 1196, 'randomDate', 51),
(5979, 752, 1196, 'randomDate', 182),
(5980, 752, 1196, 'randomDate', 41),
(5981, 1207, 1197, 'randomDate', 10),
(5982, 1207, 1197, 'randomDate', 162),
(5983, 1207, 1197, 'randomDate', 139),
(5984, 1207, 1197, 'randomDate', 19),
(5985, 1207, 1197, 'randomDate', 146),
(5986, 479, 1198, 'randomDate', 38),
(5987, 479, 1198, 'randomDate', 16),
(5988, 479, 1198, 'randomDate', 25),
(5989, 479, 1198, 'randomDate', 54),
(5990, 479, 1198, 'randomDate', 82),
(5991, 100, 1199, 'randomDate', 80),
(5992, 100, 1199, 'randomDate', 24),
(5993, 100, 1199, 'randomDate', 46),
(5994, 100, 1199, 'randomDate', 42),
(5995, 100, 1199, 'randomDate', 88),
(5996, 1020, 1200, 'randomDate', 37),
(5997, 1020, 1200, 'randomDate', 133),
(5998, 1020, 1200, 'randomDate', 184),
(5999, 1020, 1200, 'randomDate', 118),
(6000, 1020, 1200, 'randomDate', 124),
(6001, 1018, 1201, 'randomDate', 39),
(6002, 1018, 1201, 'randomDate', 95),
(6003, 1018, 1201, 'randomDate', 106),
(6004, 1018, 1201, 'randomDate', 146),
(6005, 1018, 1201, 'randomDate', 64),
(6006, 727, 1202, 'randomDate', 67),
(6007, 727, 1202, 'randomDate', 140),
(6008, 727, 1202, 'randomDate', 182),
(6009, 727, 1202, 'randomDate', 50),
(6010, 727, 1202, 'randomDate', 158),
(6011, 1120, 1203, 'randomDate', 43),
(6012, 1120, 1203, 'randomDate', 190),
(6013, 1120, 1203, 'randomDate', 2),
(6014, 1120, 1203, 'randomDate', 125),
(6015, 1120, 1203, 'randomDate', 122),
(6016, 194, 1204, 'randomDate', 144),
(6017, 194, 1204, 'randomDate', 13),
(6018, 194, 1204, 'randomDate', 95),
(6019, 194, 1204, 'randomDate', 43),
(6020, 194, 1204, 'randomDate', 108),
(6021, 865, 1205, 'randomDate', 28),
(6022, 865, 1205, 'randomDate', 40),
(6023, 865, 1205, 'randomDate', 98),
(6024, 865, 1205, 'randomDate', 174),
(6025, 865, 1205, 'randomDate', 185),
(6026, 128, 1206, 'randomDate', 33),
(6027, 128, 1206, 'randomDate', 98),
(6028, 128, 1206, 'randomDate', 66),
(6029, 128, 1206, 'randomDate', 67),
(6030, 128, 1206, 'randomDate', 19),
(6031, 676, 1207, 'randomDate', 108),
(6032, 676, 1207, 'randomDate', 194),
(6033, 676, 1207, 'randomDate', 176),
(6034, 676, 1207, 'randomDate', 158),
(6035, 676, 1207, 'randomDate', 158),
(6036, 439, 1208, 'randomDate', 164),
(6037, 439, 1208, 'randomDate', 180),
(6038, 439, 1208, 'randomDate', 171),
(6039, 439, 1208, 'randomDate', 26),
(6040, 439, 1208, 'randomDate', 88),
(6041, 26, 1209, 'randomDate', 98),
(6042, 26, 1209, 'randomDate', 36),
(6043, 26, 1209, 'randomDate', 35),
(6044, 26, 1209, 'randomDate', 199),
(6045, 26, 1209, 'randomDate', 96),
(6046, 543, 1210, 'randomDate', 145),
(6047, 543, 1210, 'randomDate', 6),
(6048, 543, 1210, 'randomDate', 55),
(6049, 543, 1210, 'randomDate', 169),
(6050, 543, 1210, 'randomDate', 176),
(6051, 172, 1211, 'randomDate', 199),
(6052, 172, 1211, 'randomDate', 48),
(6053, 172, 1211, 'randomDate', 94),
(6054, 172, 1211, 'randomDate', 113),
(6055, 172, 1211, 'randomDate', 140),
(6056, 881, 1212, 'randomDate', 133),
(6057, 881, 1212, 'randomDate', 187),
(6058, 881, 1212, 'randomDate', 33),
(6059, 881, 1212, 'randomDate', 48),
(6060, 881, 1212, 'randomDate', 8),
(6061, 816, 1213, 'randomDate', 71),
(6062, 816, 1213, 'randomDate', 154),
(6063, 816, 1213, 'randomDate', 115),
(6064, 816, 1213, 'randomDate', 13),
(6065, 816, 1213, 'randomDate', 106),
(6066, 793, 1214, 'randomDate', 199),
(6067, 793, 1214, 'randomDate', 21),
(6068, 793, 1214, 'randomDate', 113),
(6069, 793, 1214, 'randomDate', 69),
(6070, 793, 1214, 'randomDate', 48),
(6071, 407, 1215, 'randomDate', 43),
(6072, 407, 1215, 'randomDate', 200),
(6073, 407, 1215, 'randomDate', 54),
(6074, 407, 1215, 'randomDate', 58),
(6075, 407, 1215, 'randomDate', 188),
(6076, 38, 1216, 'randomDate', 67),
(6077, 38, 1216, 'randomDate', 77),
(6078, 38, 1216, 'randomDate', 27),
(6079, 38, 1216, 'randomDate', 180),
(6080, 38, 1216, 'randomDate', 127),
(6081, 86, 1217, 'randomDate', 134),
(6082, 86, 1217, 'randomDate', 194),
(6083, 86, 1217, 'randomDate', 126),
(6084, 86, 1217, 'randomDate', 56),
(6085, 86, 1217, 'randomDate', 65),
(6086, 310, 1218, 'randomDate', 47),
(6087, 310, 1218, 'randomDate', 49),
(6088, 310, 1218, 'randomDate', 9),
(6089, 310, 1218, 'randomDate', 184),
(6090, 310, 1218, 'randomDate', 115),
(6091, 354, 1219, 'randomDate', 119),
(6092, 354, 1219, 'randomDate', 168),
(6093, 354, 1219, 'randomDate', 109),
(6094, 354, 1219, 'randomDate', 79),
(6095, 354, 1219, 'randomDate', 135),
(6096, 684, 1220, 'randomDate', 16),
(6097, 684, 1220, 'randomDate', 37),
(6098, 684, 1220, 'randomDate', 76),
(6099, 684, 1220, 'randomDate', 53),
(6100, 684, 1220, 'randomDate', 173),
(6101, 151, 1221, 'randomDate', 188),
(6102, 151, 1221, 'randomDate', 82),
(6103, 151, 1221, 'randomDate', 16),
(6104, 151, 1221, 'randomDate', 85),
(6105, 151, 1221, 'randomDate', 191),
(6106, 347, 1222, 'randomDate', 71),
(6107, 347, 1222, 'randomDate', 169),
(6108, 347, 1222, 'randomDate', 25),
(6109, 347, 1222, 'randomDate', 55),
(6110, 347, 1222, 'randomDate', 17),
(6111, 812, 1223, 'randomDate', 89),
(6112, 812, 1223, 'randomDate', 19),
(6113, 812, 1223, 'randomDate', 26),
(6114, 812, 1223, 'randomDate', 38),
(6115, 812, 1223, 'randomDate', 68),
(6116, 122, 1224, 'randomDate', 44),
(6117, 122, 1224, 'randomDate', 103),
(6118, 122, 1224, 'randomDate', 36),
(6119, 122, 1224, 'randomDate', 39),
(6120, 122, 1224, 'randomDate', 196),
(6121, 290, 1225, 'randomDate', 35),
(6122, 290, 1225, 'randomDate', 105),
(6123, 290, 1225, 'randomDate', 156),
(6124, 290, 1225, 'randomDate', 6),
(6125, 290, 1225, 'randomDate', 166),
(6126, 334, 1226, 'randomDate', 1),
(6127, 334, 1226, 'randomDate', 98),
(6128, 334, 1226, 'randomDate', 176),
(6129, 334, 1226, 'randomDate', 8),
(6130, 334, 1226, 'randomDate', 103),
(6131, 754, 1227, 'randomDate', 27),
(6132, 754, 1227, 'randomDate', 24),
(6133, 754, 1227, 'randomDate', 178),
(6134, 754, 1227, 'randomDate', 96),
(6135, 754, 1227, 'randomDate', 29),
(6136, 1123, 1228, 'randomDate', 75),
(6137, 1123, 1228, 'randomDate', 198),
(6138, 1123, 1228, 'randomDate', 70),
(6139, 1123, 1228, 'randomDate', 62),
(6140, 1123, 1228, 'randomDate', 172),
(6141, 388, 1229, 'randomDate', 184),
(6142, 388, 1229, 'randomDate', 66),
(6143, 388, 1229, 'randomDate', 130),
(6144, 388, 1229, 'randomDate', 131),
(6145, 388, 1229, 'randomDate', 15),
(6146, 310, 1230, 'randomDate', 129),
(6147, 310, 1230, 'randomDate', 99),
(6148, 310, 1230, 'randomDate', 6),
(6149, 310, 1230, 'randomDate', 9),
(6150, 310, 1230, 'randomDate', 136),
(6151, 979, 1231, 'randomDate', 196),
(6152, 979, 1231, 'randomDate', 116),
(6153, 979, 1231, 'randomDate', 51),
(6154, 979, 1231, 'randomDate', 141),
(6155, 979, 1231, 'randomDate', 64),
(6156, 993, 1232, 'randomDate', 47),
(6157, 993, 1232, 'randomDate', 67),
(6158, 993, 1232, 'randomDate', 63),
(6159, 993, 1232, 'randomDate', 193),
(6160, 993, 1232, 'randomDate', 90),
(6161, 939, 1233, 'randomDate', 187),
(6162, 939, 1233, 'randomDate', 86),
(6163, 939, 1233, 'randomDate', 19),
(6164, 939, 1233, 'randomDate', 167),
(6165, 939, 1233, 'randomDate', 182),
(6166, 918, 1234, 'randomDate', 185),
(6167, 918, 1234, 'randomDate', 148),
(6168, 918, 1234, 'randomDate', 1),
(6169, 918, 1234, 'randomDate', 121),
(6170, 918, 1234, 'randomDate', 64),
(6171, 461, 1235, 'randomDate', 57),
(6172, 461, 1235, 'randomDate', 100),
(6173, 461, 1235, 'randomDate', 84),
(6174, 461, 1235, 'randomDate', 59),
(6175, 461, 1235, 'randomDate', 47),
(6176, 72, 1236, 'randomDate', 165),
(6177, 72, 1236, 'randomDate', 58),
(6178, 72, 1236, 'randomDate', 22),
(6179, 72, 1236, 'randomDate', 160),
(6180, 72, 1236, 'randomDate', 152),
(6181, 614, 1237, 'randomDate', 162),
(6182, 614, 1237, 'randomDate', 140),
(6183, 614, 1237, 'randomDate', 193),
(6184, 614, 1237, 'randomDate', 193),
(6185, 614, 1237, 'randomDate', 198),
(6186, 984, 1238, 'randomDate', 89),
(6187, 984, 1238, 'randomDate', 114),
(6188, 984, 1238, 'randomDate', 94),
(6189, 984, 1238, 'randomDate', 158),
(6190, 984, 1238, 'randomDate', 187),
(6191, 1213, 1239, 'randomDate', 54),
(6192, 1213, 1239, 'randomDate', 54),
(6193, 1213, 1239, 'randomDate', 56),
(6194, 1213, 1239, 'randomDate', 9),
(6195, 1213, 1239, 'randomDate', 142),
(6196, 526, 1240, 'randomDate', 133),
(6197, 526, 1240, 'randomDate', 199),
(6198, 526, 1240, 'randomDate', 93),
(6199, 526, 1240, 'randomDate', 102),
(6200, 526, 1240, 'randomDate', 17),
(6201, 1123, 1241, 'randomDate', 49),
(6202, 1123, 1241, 'randomDate', 135),
(6203, 1123, 1241, 'randomDate', 130),
(6204, 1123, 1241, 'randomDate', 136),
(6205, 1123, 1241, 'randomDate', 91),
(6206, 1151, 1242, 'randomDate', 66),
(6207, 1151, 1242, 'randomDate', 165),
(6208, 1151, 1242, 'randomDate', 175),
(6209, 1151, 1242, 'randomDate', 159),
(6210, 1151, 1242, 'randomDate', 159),
(6211, 994, 1243, 'randomDate', 190),
(6212, 994, 1243, 'randomDate', 22),
(6213, 994, 1243, 'randomDate', 163),
(6214, 994, 1243, 'randomDate', 173),
(6215, 994, 1243, 'randomDate', 55),
(6216, 265, 1244, 'randomDate', 170),
(6217, 265, 1244, 'randomDate', 31),
(6218, 265, 1244, 'randomDate', 63),
(6219, 265, 1244, 'randomDate', 130),
(6220, 265, 1244, 'randomDate', 107),
(6221, 1136, 1245, 'randomDate', 32),
(6222, 1136, 1245, 'randomDate', 29),
(6223, 1136, 1245, 'randomDate', 62),
(6224, 1136, 1245, 'randomDate', 76),
(6225, 1136, 1245, 'randomDate', 115),
(6226, 244, 1246, 'randomDate', 174),
(6227, 244, 1246, 'randomDate', 117),
(6228, 244, 1246, 'randomDate', 121),
(6229, 244, 1246, 'randomDate', 150),
(6230, 244, 1246, 'randomDate', 34),
(6231, 602, 1247, 'randomDate', 43),
(6232, 602, 1247, 'randomDate', 104),
(6233, 602, 1247, 'randomDate', 135),
(6234, 602, 1247, 'randomDate', 39),
(6235, 602, 1247, 'randomDate', 91),
(6236, 239, 1248, 'randomDate', 95),
(6237, 239, 1248, 'randomDate', 138),
(6238, 239, 1248, 'randomDate', 5),
(6239, 239, 1248, 'randomDate', 30),
(6240, 239, 1248, 'randomDate', 199),
(6241, 1146, 1249, 'randomDate', 5),
(6242, 1146, 1249, 'randomDate', 167),
(6243, 1146, 1249, 'randomDate', 20),
(6244, 1146, 1249, 'randomDate', 112),
(6245, 1146, 1249, 'randomDate', 61),
(6246, 122, 1250, 'randomDate', 115),
(6247, 122, 1250, 'randomDate', 190),
(6248, 122, 1250, 'randomDate', 110),
(6249, 122, 1250, 'randomDate', 104),
(6250, 122, 1250, 'randomDate', 130),
(6251, 227, 1251, 'randomDate', 107),
(6252, 227, 1251, 'randomDate', 69),
(6253, 227, 1251, 'randomDate', 41),
(6254, 227, 1251, 'randomDate', 108),
(6255, 227, 1251, 'randomDate', 67),
(6256, 790, 1252, 'randomDate', 44),
(6257, 790, 1252, 'randomDate', 32),
(6258, 790, 1252, 'randomDate', 69),
(6259, 790, 1252, 'randomDate', 181),
(6260, 790, 1252, 'randomDate', 21),
(6261, 1040, 1253, 'randomDate', 143),
(6262, 1040, 1253, 'randomDate', 121),
(6263, 1040, 1253, 'randomDate', 172),
(6264, 1040, 1253, 'randomDate', 147),
(6265, 1040, 1253, 'randomDate', 24),
(6266, 823, 1254, 'randomDate', 118),
(6267, 823, 1254, 'randomDate', 80),
(6268, 823, 1254, 'randomDate', 163),
(6269, 823, 1254, 'randomDate', 168),
(6270, 823, 1254, 'randomDate', 143),
(6271, 666, 1255, 'randomDate', 194),
(6272, 666, 1255, 'randomDate', 141),
(6273, 666, 1255, 'randomDate', 103),
(6274, 666, 1255, 'randomDate', 108),
(6275, 666, 1255, 'randomDate', 32),
(6276, 436, 1256, 'randomDate', 118),
(6277, 436, 1256, 'randomDate', 192),
(6278, 436, 1256, 'randomDate', 84),
(6279, 436, 1256, 'randomDate', 71),
(6280, 436, 1256, 'randomDate', 181),
(6281, 96, 1257, 'randomDate', 84),
(6282, 96, 1257, 'randomDate', 147),
(6283, 96, 1257, 'randomDate', 52),
(6284, 96, 1257, 'randomDate', 176),
(6285, 96, 1257, 'randomDate', 31),
(6286, 563, 1258, 'randomDate', 2),
(6287, 563, 1258, 'randomDate', 94),
(6288, 563, 1258, 'randomDate', 194),
(6289, 563, 1258, 'randomDate', 117),
(6290, 563, 1258, 'randomDate', 34),
(6291, 893, 1259, 'randomDate', 86),
(6292, 893, 1259, 'randomDate', 174),
(6293, 893, 1259, 'randomDate', 131),
(6294, 893, 1259, 'randomDate', 78),
(6295, 893, 1259, 'randomDate', 169),
(6296, 735, 1260, 'randomDate', 113),
(6297, 735, 1260, 'randomDate', 184),
(6298, 735, 1260, 'randomDate', 111),
(6299, 735, 1260, 'randomDate', 14),
(6300, 735, 1260, 'randomDate', 106),
(6301, 631, 1261, 'randomDate', 83),
(6302, 631, 1261, 'randomDate', 152),
(6303, 631, 1261, 'randomDate', 60),
(6304, 631, 1261, 'randomDate', 167),
(6305, 631, 1261, 'randomDate', 75),
(6306, 596, 1262, 'randomDate', 44),
(6307, 596, 1262, 'randomDate', 178),
(6308, 596, 1262, 'randomDate', 121),
(6309, 596, 1262, 'randomDate', 45),
(6310, 596, 1262, 'randomDate', 146),
(6311, 491, 1263, 'randomDate', 109),
(6312, 491, 1263, 'randomDate', 108),
(6313, 491, 1263, 'randomDate', 7),
(6314, 491, 1263, 'randomDate', 134),
(6315, 491, 1263, 'randomDate', 179),
(6316, 206, 1264, 'randomDate', 197),
(6317, 206, 1264, 'randomDate', 124),
(6318, 206, 1264, 'randomDate', 72),
(6319, 206, 1264, 'randomDate', 68),
(6320, 206, 1264, 'randomDate', 100),
(6321, 707, 1265, 'randomDate', 155),
(6322, 707, 1265, 'randomDate', 121),
(6323, 707, 1265, 'randomDate', 50),
(6324, 707, 1265, 'randomDate', 139),
(6325, 707, 1265, 'randomDate', 199),
(6326, 350, 1266, 'randomDate', 200),
(6327, 350, 1266, 'randomDate', 179),
(6328, 350, 1266, 'randomDate', 86),
(6329, 350, 1266, 'randomDate', 97),
(6330, 350, 1266, 'randomDate', 101),
(6331, 866, 1267, 'randomDate', 153),
(6332, 866, 1267, 'randomDate', 65),
(6333, 866, 1267, 'randomDate', 37),
(6334, 866, 1267, 'randomDate', 176),
(6335, 866, 1267, 'randomDate', 168),
(6336, 406, 1268, 'randomDate', 170),
(6337, 406, 1268, 'randomDate', 70),
(6338, 406, 1268, 'randomDate', 89),
(6339, 406, 1268, 'randomDate', 57),
(6340, 406, 1268, 'randomDate', 162),
(6341, 212, 1269, 'randomDate', 80),
(6342, 212, 1269, 'randomDate', 190),
(6343, 212, 1269, 'randomDate', 71),
(6344, 212, 1269, 'randomDate', 136),
(6345, 212, 1269, 'randomDate', 8),
(6346, 1080, 1270, 'randomDate', 157),
(6347, 1080, 1270, 'randomDate', 59),
(6348, 1080, 1270, 'randomDate', 52),
(6349, 1080, 1270, 'randomDate', 63),
(6350, 1080, 1270, 'randomDate', 82),
(6351, 384, 1271, 'randomDate', 145),
(6352, 384, 1271, 'randomDate', 17),
(6353, 384, 1271, 'randomDate', 104),
(6354, 384, 1271, 'randomDate', 52),
(6355, 384, 1271, 'randomDate', 86),
(6356, 1068, 1272, 'randomDate', 114),
(6357, 1068, 1272, 'randomDate', 193),
(6358, 1068, 1272, 'randomDate', 134),
(6359, 1068, 1272, 'randomDate', 18),
(6360, 1068, 1272, 'randomDate', 27),
(6361, 854, 1273, 'randomDate', 52),
(6362, 854, 1273, 'randomDate', 51),
(6363, 854, 1273, 'randomDate', 66),
(6364, 854, 1273, 'randomDate', 109),
(6365, 854, 1273, 'randomDate', 82),
(6366, 1001, 1274, 'randomDate', 126),
(6367, 1001, 1274, 'randomDate', 59),
(6368, 1001, 1274, 'randomDate', 37),
(6369, 1001, 1274, 'randomDate', 49),
(6370, 1001, 1274, 'randomDate', 80),
(6371, 450, 1275, 'randomDate', 19),
(6372, 450, 1275, 'randomDate', 120),
(6373, 450, 1275, 'randomDate', 67),
(6374, 450, 1275, 'randomDate', 148),
(6375, 450, 1275, 'randomDate', 26),
(6376, 105, 1276, 'randomDate', 83),
(6377, 105, 1276, 'randomDate', 121),
(6378, 105, 1276, 'randomDate', 132),
(6379, 105, 1276, 'randomDate', 174),
(6380, 105, 1276, 'randomDate', 48),
(6381, 88, 1277, 'randomDate', 195),
(6382, 88, 1277, 'randomDate', 98),
(6383, 88, 1277, 'randomDate', 180),
(6384, 88, 1277, 'randomDate', 43),
(6385, 88, 1277, 'randomDate', 121),
(6386, 150, 1278, 'randomDate', 181),
(6387, 150, 1278, 'randomDate', 98),
(6388, 150, 1278, 'randomDate', 183),
(6389, 150, 1278, 'randomDate', 49),
(6390, 150, 1278, 'randomDate', 78),
(6391, 646, 1279, 'randomDate', 109),
(6392, 646, 1279, 'randomDate', 69),
(6393, 646, 1279, 'randomDate', 37),
(6394, 646, 1279, 'randomDate', 102),
(6395, 646, 1279, 'randomDate', 63),
(6396, 895, 1280, 'randomDate', 164),
(6397, 895, 1280, 'randomDate', 142),
(6398, 895, 1280, 'randomDate', 113),
(6399, 895, 1280, 'randomDate', 126),
(6400, 895, 1280, 'randomDate', 85),
(6401, 839, 1281, 'randomDate', 20),
(6402, 839, 1281, 'randomDate', 184),
(6403, 839, 1281, 'randomDate', 111),
(6404, 839, 1281, 'randomDate', 79),
(6405, 839, 1281, 'randomDate', 17),
(6406, 389, 1282, 'randomDate', 164),
(6407, 389, 1282, 'randomDate', 140),
(6408, 389, 1282, 'randomDate', 171),
(6409, 389, 1282, 'randomDate', 19),
(6410, 389, 1282, 'randomDate', 163),
(6411, 1163, 1283, 'randomDate', 170),
(6412, 1163, 1283, 'randomDate', 149),
(6413, 1163, 1283, 'randomDate', 82),
(6414, 1163, 1283, 'randomDate', 21),
(6415, 1163, 1283, 'randomDate', 59),
(6416, 136, 1284, 'randomDate', 136),
(6417, 136, 1284, 'randomDate', 4),
(6418, 136, 1284, 'randomDate', 172),
(6419, 136, 1284, 'randomDate', 124),
(6420, 136, 1284, 'randomDate', 119),
(6421, 562, 1285, 'randomDate', 111),
(6422, 562, 1285, 'randomDate', 181),
(6423, 562, 1285, 'randomDate', 42),
(6424, 562, 1285, 'randomDate', 48),
(6425, 562, 1285, 'randomDate', 9),
(6426, 540, 1286, 'randomDate', 21),
(6427, 540, 1286, 'randomDate', 73),
(6428, 540, 1286, 'randomDate', 88),
(6429, 540, 1286, 'randomDate', 24),
(6430, 540, 1286, 'randomDate', 169),
(6431, 368, 1287, 'randomDate', 62),
(6432, 368, 1287, 'randomDate', 191),
(6433, 368, 1287, 'randomDate', 33),
(6434, 368, 1287, 'randomDate', 160),
(6435, 368, 1287, 'randomDate', 35),
(6436, 1206, 1288, 'randomDate', 114),
(6437, 1206, 1288, 'randomDate', 160),
(6438, 1206, 1288, 'randomDate', 159),
(6439, 1206, 1288, 'randomDate', 51),
(6440, 1206, 1288, 'randomDate', 47),
(6441, 966, 1289, 'randomDate', 72),
(6442, 966, 1289, 'randomDate', 125),
(6443, 966, 1289, 'randomDate', 190),
(6444, 966, 1289, 'randomDate', 193),
(6445, 966, 1289, 'randomDate', 32),
(6446, 33, 1290, 'randomDate', 159),
(6447, 33, 1290, 'randomDate', 91),
(6448, 33, 1290, 'randomDate', 198),
(6449, 33, 1290, 'randomDate', 65),
(6450, 33, 1290, 'randomDate', 108),
(6451, 880, 1291, 'randomDate', 22),
(6452, 880, 1291, 'randomDate', 147),
(6453, 880, 1291, 'randomDate', 56),
(6454, 880, 1291, 'randomDate', 56),
(6455, 880, 1291, 'randomDate', 76),
(6456, 803, 1292, 'randomDate', 17),
(6457, 803, 1292, 'randomDate', 22),
(6458, 803, 1292, 'randomDate', 97),
(6459, 803, 1292, 'randomDate', 4),
(6460, 803, 1292, 'randomDate', 168),
(6461, 722, 1293, 'randomDate', 52),
(6462, 722, 1293, 'randomDate', 55),
(6463, 722, 1293, 'randomDate', 162),
(6464, 722, 1293, 'randomDate', 171),
(6465, 722, 1293, 'randomDate', 68),
(6466, 122, 1294, 'randomDate', 192),
(6467, 122, 1294, 'randomDate', 85),
(6468, 122, 1294, 'randomDate', 187),
(6469, 122, 1294, 'randomDate', 25),
(6470, 122, 1294, 'randomDate', 156),
(6471, 1067, 1295, 'randomDate', 100),
(6472, 1067, 1295, 'randomDate', 186),
(6473, 1067, 1295, 'randomDate', 188),
(6474, 1067, 1295, 'randomDate', 53),
(6475, 1067, 1295, 'randomDate', 148),
(6476, 1090, 1296, 'randomDate', 186),
(6477, 1090, 1296, 'randomDate', 51),
(6478, 1090, 1296, 'randomDate', 47),
(6479, 1090, 1296, 'randomDate', 69),
(6480, 1090, 1296, 'randomDate', 140),
(6481, 324, 1297, 'randomDate', 161),
(6482, 324, 1297, 'randomDate', 147),
(6483, 324, 1297, 'randomDate', 137),
(6484, 324, 1297, 'randomDate', 42),
(6485, 324, 1297, 'randomDate', 26),
(6486, 237, 1298, 'randomDate', 181),
(6487, 237, 1298, 'randomDate', 123),
(6488, 237, 1298, 'randomDate', 29),
(6489, 237, 1298, 'randomDate', 7),
(6490, 237, 1298, 'randomDate', 5),
(6491, 1119, 1299, 'randomDate', 54),
(6492, 1119, 1299, 'randomDate', 50),
(6493, 1119, 1299, 'randomDate', 102),
(6494, 1119, 1299, 'randomDate', 18),
(6495, 1119, 1299, 'randomDate', 164),
(6496, 1195, 1300, 'randomDate', 131),
(6497, 1195, 1300, 'randomDate', 179),
(6498, 1195, 1300, 'randomDate', 118),
(6499, 1195, 1300, 'randomDate', 195),
(6500, 1195, 1300, 'randomDate', 102),
(6501, 873, 1301, 'randomDate', 184),
(6502, 873, 1301, 'randomDate', 109),
(6503, 873, 1301, 'randomDate', 138),
(6504, 873, 1301, 'randomDate', 114),
(6505, 873, 1301, 'randomDate', 160),
(6506, 417, 1302, 'randomDate', 72),
(6507, 417, 1302, 'randomDate', 180),
(6508, 417, 1302, 'randomDate', 58),
(6509, 417, 1302, 'randomDate', 193),
(6510, 417, 1302, 'randomDate', 43),
(6511, 618, 1303, 'randomDate', 68),
(6512, 618, 1303, 'randomDate', 51),
(6513, 618, 1303, 'randomDate', 16),
(6514, 618, 1303, 'randomDate', 188),
(6515, 618, 1303, 'randomDate', 126),
(6516, 851, 1304, 'randomDate', 59),
(6517, 851, 1304, 'randomDate', 135),
(6518, 851, 1304, 'randomDate', 150),
(6519, 851, 1304, 'randomDate', 48),
(6520, 851, 1304, 'randomDate', 90),
(6521, 433, 1305, 'randomDate', 155),
(6522, 433, 1305, 'randomDate', 162),
(6523, 433, 1305, 'randomDate', 168),
(6524, 433, 1305, 'randomDate', 94),
(6525, 433, 1305, 'randomDate', 20),
(6526, 91, 1306, 'randomDate', 56),
(6527, 91, 1306, 'randomDate', 174),
(6528, 91, 1306, 'randomDate', 175),
(6529, 91, 1306, 'randomDate', 23),
(6530, 91, 1306, 'randomDate', 100),
(6531, 968, 1307, 'randomDate', 108),
(6532, 968, 1307, 'randomDate', 135),
(6533, 968, 1307, 'randomDate', 68),
(6534, 968, 1307, 'randomDate', 144),
(6535, 968, 1307, 'randomDate', 95),
(6536, 400, 1308, 'randomDate', 48),
(6537, 400, 1308, 'randomDate', 143),
(6538, 400, 1308, 'randomDate', 16),
(6539, 400, 1308, 'randomDate', 155),
(6540, 400, 1308, 'randomDate', 127),
(6541, 103, 1309, 'randomDate', 152),
(6542, 103, 1309, 'randomDate', 127),
(6543, 103, 1309, 'randomDate', 70),
(6544, 103, 1309, 'randomDate', 15),
(6545, 103, 1309, 'randomDate', 38),
(6546, 512, 1310, 'randomDate', 144),
(6547, 512, 1310, 'randomDate', 35),
(6548, 512, 1310, 'randomDate', 57),
(6549, 512, 1310, 'randomDate', 95),
(6550, 512, 1310, 'randomDate', 191),
(6551, 538, 1311, 'randomDate', 34),
(6552, 538, 1311, 'randomDate', 59),
(6553, 538, 1311, 'randomDate', 127),
(6554, 538, 1311, 'randomDate', 75),
(6555, 538, 1311, 'randomDate', 105),
(6556, 792, 1312, 'randomDate', 134),
(6557, 792, 1312, 'randomDate', 181),
(6558, 792, 1312, 'randomDate', 106),
(6559, 792, 1312, 'randomDate', 173),
(6560, 792, 1312, 'randomDate', 181),
(6561, 379, 1313, 'randomDate', 125),
(6562, 379, 1313, 'randomDate', 57),
(6563, 379, 1313, 'randomDate', 99),
(6564, 379, 1313, 'randomDate', 132),
(6565, 379, 1313, 'randomDate', 49),
(6566, 1111, 1314, 'randomDate', 85),
(6567, 1111, 1314, 'randomDate', 57),
(6568, 1111, 1314, 'randomDate', 135),
(6569, 1111, 1314, 'randomDate', 2),
(6570, 1111, 1314, 'randomDate', 86),
(6571, 732, 1315, 'randomDate', 78),
(6572, 732, 1315, 'randomDate', 154),
(6573, 732, 1315, 'randomDate', 90),
(6574, 732, 1315, 'randomDate', 28),
(6575, 732, 1315, 'randomDate', 26),
(6576, 1153, 1316, 'randomDate', 29),
(6577, 1153, 1316, 'randomDate', 132),
(6578, 1153, 1316, 'randomDate', 133),
(6579, 1153, 1316, 'randomDate', 106),
(6580, 1153, 1316, 'randomDate', 86),
(6581, 1147, 1317, 'randomDate', 82),
(6582, 1147, 1317, 'randomDate', 189),
(6583, 1147, 1317, 'randomDate', 3),
(6584, 1147, 1317, 'randomDate', 152),
(6585, 1147, 1317, 'randomDate', 52),
(6586, 712, 1318, 'randomDate', 52),
(6587, 712, 1318, 'randomDate', 162),
(6588, 712, 1318, 'randomDate', 13),
(6589, 712, 1318, 'randomDate', 195),
(6590, 712, 1318, 'randomDate', 91),
(6591, 1133, 1319, 'randomDate', 79),
(6592, 1133, 1319, 'randomDate', 186),
(6593, 1133, 1319, 'randomDate', 26),
(6594, 1133, 1319, 'randomDate', 186),
(6595, 1133, 1319, 'randomDate', 107),
(6596, 2, 1320, 'randomDate', 186),
(6597, 2, 1320, 'randomDate', 154),
(6598, 2, 1320, 'randomDate', 75),
(6599, 2, 1320, 'randomDate', 35),
(6600, 2, 1320, 'randomDate', 28),
(6601, 469, 1321, 'randomDate', 55),
(6602, 469, 1321, 'randomDate', 141),
(6603, 469, 1321, 'randomDate', 159),
(6604, 469, 1321, 'randomDate', 55),
(6605, 469, 1321, 'randomDate', 85),
(6606, 1173, 1322, 'randomDate', 14),
(6607, 1173, 1322, 'randomDate', 162),
(6608, 1173, 1322, 'randomDate', 170),
(6609, 1173, 1322, 'randomDate', 30),
(6610, 1173, 1322, 'randomDate', 14),
(6611, 715, 1323, 'randomDate', 44),
(6612, 715, 1323, 'randomDate', 171),
(6613, 715, 1323, 'randomDate', 112),
(6614, 715, 1323, 'randomDate', 14),
(6615, 715, 1323, 'randomDate', 197),
(6616, 111, 1324, 'randomDate', 195),
(6617, 111, 1324, 'randomDate', 178),
(6618, 111, 1324, 'randomDate', 104),
(6619, 111, 1324, 'randomDate', 91),
(6620, 111, 1324, 'randomDate', 15),
(6621, 662, 1325, 'randomDate', 96),
(6622, 662, 1325, 'randomDate', 199),
(6623, 662, 1325, 'randomDate', 81),
(6624, 662, 1325, 'randomDate', 132),
(6625, 662, 1325, 'randomDate', 197),
(6626, 104, 1326, 'randomDate', 143),
(6627, 104, 1326, 'randomDate', 199),
(6628, 104, 1326, 'randomDate', 115),
(6629, 104, 1326, 'randomDate', 161),
(6630, 104, 1326, 'randomDate', 46),
(6631, 276, 1327, 'randomDate', 61),
(6632, 276, 1327, 'randomDate', 13),
(6633, 276, 1327, 'randomDate', 14),
(6634, 276, 1327, 'randomDate', 110),
(6635, 276, 1327, 'randomDate', 123),
(6636, 1215, 1328, 'randomDate', 119),
(6637, 1215, 1328, 'randomDate', 190),
(6638, 1215, 1328, 'randomDate', 49),
(6639, 1215, 1328, 'randomDate', 124),
(6640, 1215, 1328, 'randomDate', 176),
(6641, 1004, 1329, 'randomDate', 2),
(6642, 1004, 1329, 'randomDate', 132),
(6643, 1004, 1329, 'randomDate', 47),
(6644, 1004, 1329, 'randomDate', 74),
(6645, 1004, 1329, 'randomDate', 185),
(6646, 580, 1330, 'randomDate', 134),
(6647, 580, 1330, 'randomDate', 49),
(6648, 580, 1330, 'randomDate', 136),
(6649, 580, 1330, 'randomDate', 54),
(6650, 580, 1330, 'randomDate', 111),
(6651, 5, 1331, 'randomDate', 101),
(6652, 5, 1331, 'randomDate', 40),
(6653, 5, 1331, 'randomDate', 88),
(6654, 5, 1331, 'randomDate', 51),
(6655, 5, 1331, 'randomDate', 166),
(6656, 9, 1332, 'randomDate', 63),
(6657, 9, 1332, 'randomDate', 66),
(6658, 9, 1332, 'randomDate', 50),
(6659, 9, 1332, 'randomDate', 94),
(6660, 9, 1332, 'randomDate', 49),
(6661, 167, 1333, 'randomDate', 150),
(6662, 167, 1333, 'randomDate', 143),
(6663, 167, 1333, 'randomDate', 137),
(6664, 167, 1333, 'randomDate', 43),
(6665, 167, 1333, 'randomDate', 16),
(6666, 209, 1334, 'randomDate', 22),
(6667, 209, 1334, 'randomDate', 30),
(6668, 209, 1334, 'randomDate', 37),
(6669, 209, 1334, 'randomDate', 125),
(6670, 209, 1334, 'randomDate', 78),
(6671, 699, 1335, 'randomDate', 172),
(6672, 699, 1335, 'randomDate', 156),
(6673, 699, 1335, 'randomDate', 164),
(6674, 699, 1335, 'randomDate', 119),
(6675, 699, 1335, 'randomDate', 199),
(6676, 1089, 1336, 'randomDate', 67),
(6677, 1089, 1336, 'randomDate', 1),
(6678, 1089, 1336, 'randomDate', 10),
(6679, 1089, 1336, 'randomDate', 129),
(6680, 1089, 1336, 'randomDate', 27),
(6681, 1074, 1337, 'randomDate', 49),
(6682, 1074, 1337, 'randomDate', 117),
(6683, 1074, 1337, 'randomDate', 83),
(6684, 1074, 1337, 'randomDate', 156),
(6685, 1074, 1337, 'randomDate', 149),
(6686, 851, 1338, 'randomDate', 132),
(6687, 851, 1338, 'randomDate', 75),
(6688, 851, 1338, 'randomDate', 198),
(6689, 851, 1338, 'randomDate', 87),
(6690, 851, 1338, 'randomDate', 186),
(6691, 120, 1339, 'randomDate', 80),
(6692, 120, 1339, 'randomDate', 172),
(6693, 120, 1339, 'randomDate', 79),
(6694, 120, 1339, 'randomDate', 152),
(6695, 120, 1339, 'randomDate', 107),
(6696, 1151, 1340, 'randomDate', 30),
(6697, 1151, 1340, 'randomDate', 190),
(6698, 1151, 1340, 'randomDate', 148),
(6699, 1151, 1340, 'randomDate', 61),
(6700, 1151, 1340, 'randomDate', 191),
(6701, 1182, 1341, 'randomDate', 90),
(6702, 1182, 1341, 'randomDate', 67),
(6703, 1182, 1341, 'randomDate', 89),
(6704, 1182, 1341, 'randomDate', 102),
(6705, 1182, 1341, 'randomDate', 14),
(6706, 114, 1342, 'randomDate', 23),
(6707, 114, 1342, 'randomDate', 51),
(6708, 114, 1342, 'randomDate', 142),
(6709, 114, 1342, 'randomDate', 165),
(6710, 114, 1342, 'randomDate', 186),
(6711, 278, 1343, 'randomDate', 47),
(6712, 278, 1343, 'randomDate', 164),
(6713, 278, 1343, 'randomDate', 50),
(6714, 278, 1343, 'randomDate', 73),
(6715, 278, 1343, 'randomDate', 18),
(6716, 1144, 1344, 'randomDate', 193),
(6717, 1144, 1344, 'randomDate', 141),
(6718, 1144, 1344, 'randomDate', 145),
(6719, 1144, 1344, 'randomDate', 160),
(6720, 1144, 1344, 'randomDate', 133),
(6721, 983, 1345, 'randomDate', 42),
(6722, 983, 1345, 'randomDate', 124),
(6723, 983, 1345, 'randomDate', 189),
(6724, 983, 1345, 'randomDate', 41),
(6725, 983, 1345, 'randomDate', 26),
(6726, 1075, 1346, 'randomDate', 187),
(6727, 1075, 1346, 'randomDate', 143),
(6728, 1075, 1346, 'randomDate', 24),
(6729, 1075, 1346, 'randomDate', 74),
(6730, 1075, 1346, 'randomDate', 138),
(6731, 150, 1347, 'randomDate', 173),
(6732, 150, 1347, 'randomDate', 2),
(6733, 150, 1347, 'randomDate', 172),
(6734, 150, 1347, 'randomDate', 143),
(6735, 150, 1347, 'randomDate', 8),
(6736, 195, 1348, 'randomDate', 156),
(6737, 195, 1348, 'randomDate', 37),
(6738, 195, 1348, 'randomDate', 143),
(6739, 195, 1348, 'randomDate', 22),
(6740, 195, 1348, 'randomDate', 197),
(6741, 365, 1349, 'randomDate', 118),
(6742, 365, 1349, 'randomDate', 137),
(6743, 365, 1349, 'randomDate', 51),
(6744, 365, 1349, 'randomDate', 94),
(6745, 365, 1349, 'randomDate', 16),
(6746, 124, 1350, 'randomDate', 13),
(6747, 124, 1350, 'randomDate', 128),
(6748, 124, 1350, 'randomDate', 112),
(6749, 124, 1350, 'randomDate', 4),
(6750, 124, 1350, 'randomDate', 89),
(6751, 532, 1351, 'randomDate', 200),
(6752, 532, 1351, 'randomDate', 89),
(6753, 532, 1351, 'randomDate', 64),
(6754, 532, 1351, 'randomDate', 96),
(6755, 532, 1351, 'randomDate', 148),
(6756, 468, 1352, 'randomDate', 59),
(6757, 468, 1352, 'randomDate', 197),
(6758, 468, 1352, 'randomDate', 137),
(6759, 468, 1352, 'randomDate', 144),
(6760, 468, 1352, 'randomDate', 1),
(6761, 1035, 1353, 'randomDate', 45),
(6762, 1035, 1353, 'randomDate', 46),
(6763, 1035, 1353, 'randomDate', 150),
(6764, 1035, 1353, 'randomDate', 76),
(6765, 1035, 1353, 'randomDate', 58),
(6766, 339, 1354, 'randomDate', 158),
(6767, 339, 1354, 'randomDate', 183),
(6768, 339, 1354, 'randomDate', 89),
(6769, 339, 1354, 'randomDate', 41),
(6770, 339, 1354, 'randomDate', 180),
(6771, 398, 1355, 'randomDate', 92),
(6772, 398, 1355, 'randomDate', 174),
(6773, 398, 1355, 'randomDate', 186),
(6774, 398, 1355, 'randomDate', 167),
(6775, 398, 1355, 'randomDate', 13),
(6776, 1090, 1356, 'randomDate', 89),
(6777, 1090, 1356, 'randomDate', 141),
(6778, 1090, 1356, 'randomDate', 62),
(6779, 1090, 1356, 'randomDate', 72),
(6780, 1090, 1356, 'randomDate', 172),
(6781, 449, 1357, 'randomDate', 36),
(6782, 449, 1357, 'randomDate', 197),
(6783, 449, 1357, 'randomDate', 5),
(6784, 449, 1357, 'randomDate', 17),
(6785, 449, 1357, 'randomDate', 128),
(6786, 542, 1358, 'randomDate', 91),
(6787, 542, 1358, 'randomDate', 148),
(6788, 542, 1358, 'randomDate', 39),
(6789, 542, 1358, 'randomDate', 89),
(6790, 542, 1358, 'randomDate', 151),
(6791, 547, 1359, 'randomDate', 129),
(6792, 547, 1359, 'randomDate', 178),
(6793, 547, 1359, 'randomDate', 175),
(6794, 547, 1359, 'randomDate', 79),
(6795, 547, 1359, 'randomDate', 108),
(6796, 580, 1360, 'randomDate', 2),
(6797, 580, 1360, 'randomDate', 78),
(6798, 580, 1360, 'randomDate', 54),
(6799, 580, 1360, 'randomDate', 117),
(6800, 580, 1360, 'randomDate', 55),
(6801, 317, 1361, 'randomDate', 37),
(6802, 317, 1361, 'randomDate', 183),
(6803, 317, 1361, 'randomDate', 49),
(6804, 317, 1361, 'randomDate', 178),
(6805, 317, 1361, 'randomDate', 148),
(6806, 164, 1362, 'randomDate', 1),
(6807, 164, 1362, 'randomDate', 37),
(6808, 164, 1362, 'randomDate', 45),
(6809, 164, 1362, 'randomDate', 173),
(6810, 164, 1362, 'randomDate', 34),
(6811, 1169, 1363, 'randomDate', 18),
(6812, 1169, 1363, 'randomDate', 82),
(6813, 1169, 1363, 'randomDate', 136),
(6814, 1169, 1363, 'randomDate', 137),
(6815, 1169, 1363, 'randomDate', 36),
(6816, 495, 1364, 'randomDate', 129),
(6817, 495, 1364, 'randomDate', 190),
(6818, 495, 1364, 'randomDate', 11),
(6819, 495, 1364, 'randomDate', 120),
(6820, 495, 1364, 'randomDate', 50),
(6821, 524, 1365, 'randomDate', 150),
(6822, 524, 1365, 'randomDate', 82),
(6823, 524, 1365, 'randomDate', 15),
(6824, 524, 1365, 'randomDate', 83),
(6825, 524, 1365, 'randomDate', 47),
(6826, 457, 1366, 'randomDate', 168),
(6827, 457, 1366, 'randomDate', 108),
(6828, 457, 1366, 'randomDate', 90),
(6829, 457, 1366, 'randomDate', 192),
(6830, 457, 1366, 'randomDate', 83),
(6831, 629, 1367, 'randomDate', 122),
(6832, 629, 1367, 'randomDate', 74),
(6833, 629, 1367, 'randomDate', 86),
(6834, 629, 1367, 'randomDate', 4),
(6835, 629, 1367, 'randomDate', 125),
(6836, 568, 1368, 'randomDate', 125),
(6837, 568, 1368, 'randomDate', 7),
(6838, 568, 1368, 'randomDate', 146),
(6839, 568, 1368, 'randomDate', 142),
(6840, 568, 1368, 'randomDate', 64),
(6841, 349, 1369, 'randomDate', 29),
(6842, 349, 1369, 'randomDate', 151),
(6843, 349, 1369, 'randomDate', 137),
(6844, 349, 1369, 'randomDate', 180),
(6845, 349, 1369, 'randomDate', 75),
(6846, 852, 1370, 'randomDate', 80),
(6847, 852, 1370, 'randomDate', 15),
(6848, 852, 1370, 'randomDate', 149),
(6849, 852, 1370, 'randomDate', 196),
(6850, 852, 1370, 'randomDate', 93),
(6851, 335, 1371, 'randomDate', 175),
(6852, 335, 1371, 'randomDate', 4),
(6853, 335, 1371, 'randomDate', 128),
(6854, 335, 1371, 'randomDate', 16),
(6855, 335, 1371, 'randomDate', 150),
(6856, 1143, 1372, 'randomDate', 144),
(6857, 1143, 1372, 'randomDate', 25),
(6858, 1143, 1372, 'randomDate', 86),
(6859, 1143, 1372, 'randomDate', 81),
(6860, 1143, 1372, 'randomDate', 13),
(6861, 894, 1373, 'randomDate', 44),
(6862, 894, 1373, 'randomDate', 188),
(6863, 894, 1373, 'randomDate', 60),
(6864, 894, 1373, 'randomDate', 83),
(6865, 894, 1373, 'randomDate', 16),
(6866, 173, 1374, 'randomDate', 2),
(6867, 173, 1374, 'randomDate', 38),
(6868, 173, 1374, 'randomDate', 101),
(6869, 173, 1374, 'randomDate', 43),
(6870, 173, 1374, 'randomDate', 16),
(6871, 1082, 1375, 'randomDate', 4),
(6872, 1082, 1375, 'randomDate', 168),
(6873, 1082, 1375, 'randomDate', 152),
(6874, 1082, 1375, 'randomDate', 92),
(6875, 1082, 1375, 'randomDate', 101),
(6876, 737, 1376, 'randomDate', 81),
(6877, 737, 1376, 'randomDate', 119),
(6878, 737, 1376, 'randomDate', 140),
(6879, 737, 1376, 'randomDate', 91),
(6880, 737, 1376, 'randomDate', 13),
(6881, 220, 1377, 'randomDate', 153),
(6882, 220, 1377, 'randomDate', 192),
(6883, 220, 1377, 'randomDate', 20),
(6884, 220, 1377, 'randomDate', 68),
(6885, 220, 1377, 'randomDate', 44),
(6886, 278, 1378, 'randomDate', 164),
(6887, 278, 1378, 'randomDate', 35),
(6888, 278, 1378, 'randomDate', 9),
(6889, 278, 1378, 'randomDate', 107),
(6890, 278, 1378, 'randomDate', 100),
(6891, 630, 1379, 'randomDate', 160),
(6892, 630, 1379, 'randomDate', 13),
(6893, 630, 1379, 'randomDate', 58),
(6894, 630, 1379, 'randomDate', 96),
(6895, 630, 1379, 'randomDate', 128),
(6896, 908, 1380, 'randomDate', 188),
(6897, 908, 1380, 'randomDate', 106),
(6898, 908, 1380, 'randomDate', 189),
(6899, 908, 1380, 'randomDate', 47),
(6900, 908, 1380, 'randomDate', 58),
(6901, 646, 1381, 'randomDate', 15),
(6902, 646, 1381, 'randomDate', 99),
(6903, 646, 1381, 'randomDate', 76),
(6904, 646, 1381, 'randomDate', 194),
(6905, 646, 1381, 'randomDate', 176),
(6906, 1208, 1382, 'randomDate', 76),
(6907, 1208, 1382, 'randomDate', 27),
(6908, 1208, 1382, 'randomDate', 150),
(6909, 1208, 1382, 'randomDate', 184),
(6910, 1208, 1382, 'randomDate', 2),
(6911, 993, 1383, 'randomDate', 30),
(6912, 993, 1383, 'randomDate', 50),
(6913, 993, 1383, 'randomDate', 95),
(6914, 993, 1383, 'randomDate', 48),
(6915, 993, 1383, 'randomDate', 128),
(6916, 175, 1384, 'randomDate', 59),
(6917, 175, 1384, 'randomDate', 132),
(6918, 175, 1384, 'randomDate', 115),
(6919, 175, 1384, 'randomDate', 51),
(6920, 175, 1384, 'randomDate', 164),
(6921, 234, 1385, 'randomDate', 174),
(6922, 234, 1385, 'randomDate', 42),
(6923, 234, 1385, 'randomDate', 84),
(6924, 234, 1385, 'randomDate', 182),
(6925, 234, 1385, 'randomDate', 117),
(6926, 1176, 1386, 'randomDate', 158),
(6927, 1176, 1386, 'randomDate', 10),
(6928, 1176, 1386, 'randomDate', 151),
(6929, 1176, 1386, 'randomDate', 74),
(6930, 1176, 1386, 'randomDate', 31),
(6931, 1144, 1387, 'randomDate', 97),
(6932, 1144, 1387, 'randomDate', 58),
(6933, 1144, 1387, 'randomDate', 77),
(6934, 1144, 1387, 'randomDate', 1),
(6935, 1144, 1387, 'randomDate', 177),
(6936, 95, 1388, 'randomDate', 10),
(6937, 95, 1388, 'randomDate', 156),
(6938, 95, 1388, 'randomDate', 19),
(6939, 95, 1388, 'randomDate', 88),
(6940, 95, 1388, 'randomDate', 63),
(6941, 85, 1389, 'randomDate', 27),
(6942, 85, 1389, 'randomDate', 23),
(6943, 85, 1389, 'randomDate', 61),
(6944, 85, 1389, 'randomDate', 80),
(6945, 85, 1389, 'randomDate', 40),
(6946, 221, 1390, 'randomDate', 126),
(6947, 221, 1390, 'randomDate', 140),
(6948, 221, 1390, 'randomDate', 49),
(6949, 221, 1390, 'randomDate', 33),
(6950, 221, 1390, 'randomDate', 123),
(6951, 667, 1391, 'randomDate', 82),
(6952, 667, 1391, 'randomDate', 113),
(6953, 667, 1391, 'randomDate', 60),
(6954, 667, 1391, 'randomDate', 138),
(6955, 667, 1391, 'randomDate', 140),
(6956, 401, 1392, 'randomDate', 86),
(6957, 401, 1392, 'randomDate', 131),
(6958, 401, 1392, 'randomDate', 12),
(6959, 401, 1392, 'randomDate', 159),
(6960, 401, 1392, 'randomDate', 111),
(6961, 693, 1393, 'randomDate', 51),
(6962, 693, 1393, 'randomDate', 109),
(6963, 693, 1393, 'randomDate', 111),
(6964, 693, 1393, 'randomDate', 162),
(6965, 693, 1393, 'randomDate', 64),
(6966, 203, 1394, 'randomDate', 106),
(6967, 203, 1394, 'randomDate', 188),
(6968, 203, 1394, 'randomDate', 186),
(6969, 203, 1394, 'randomDate', 63),
(6970, 203, 1394, 'randomDate', 190),
(6971, 966, 1395, 'randomDate', 120),
(6972, 966, 1395, 'randomDate', 86),
(6973, 966, 1395, 'randomDate', 60),
(6974, 966, 1395, 'randomDate', 103),
(6975, 966, 1395, 'randomDate', 151),
(6976, 221, 1396, 'randomDate', 189),
(6977, 221, 1396, 'randomDate', 125),
(6978, 221, 1396, 'randomDate', 24),
(6979, 221, 1396, 'randomDate', 165),
(6980, 221, 1396, 'randomDate', 146),
(6981, 730, 1397, 'randomDate', 50),
(6982, 730, 1397, 'randomDate', 118),
(6983, 730, 1397, 'randomDate', 14),
(6984, 730, 1397, 'randomDate', 84),
(6985, 730, 1397, 'randomDate', 119),
(6986, 1161, 1398, 'randomDate', 118),
(6987, 1161, 1398, 'randomDate', 35),
(6988, 1161, 1398, 'randomDate', 32),
(6989, 1161, 1398, 'randomDate', 2),
(6990, 1161, 1398, 'randomDate', 80),
(6991, 408, 1399, 'randomDate', 108),
(6992, 408, 1399, 'randomDate', 182),
(6993, 408, 1399, 'randomDate', 158),
(6994, 408, 1399, 'randomDate', 184),
(6995, 408, 1399, 'randomDate', 132),
(6996, 503, 1400, 'randomDate', 130),
(6997, 503, 1400, 'randomDate', 122),
(6998, 503, 1400, 'randomDate', 29),
(6999, 503, 1400, 'randomDate', 144),
(7000, 503, 1400, 'randomDate', 164),
(7001, 688, 1401, 'randomDate', 84),
(7002, 688, 1401, 'randomDate', 69),
(7003, 688, 1401, 'randomDate', 151),
(7004, 688, 1401, 'randomDate', 78),
(7005, 688, 1401, 'randomDate', 63),
(7006, 94, 1402, 'randomDate', 15),
(7007, 94, 1402, 'randomDate', 185),
(7008, 94, 1402, 'randomDate', 137),
(7009, 94, 1402, 'randomDate', 44),
(7010, 94, 1402, 'randomDate', 119),
(7011, 398, 1403, 'randomDate', 58),
(7012, 398, 1403, 'randomDate', 52),
(7013, 398, 1403, 'randomDate', 86),
(7014, 398, 1403, 'randomDate', 162),
(7015, 398, 1403, 'randomDate', 142),
(7016, 375, 1404, 'randomDate', 37),
(7017, 375, 1404, 'randomDate', 1),
(7018, 375, 1404, 'randomDate', 120),
(7019, 375, 1404, 'randomDate', 132),
(7020, 375, 1404, 'randomDate', 163),
(7021, 453, 1405, 'randomDate', 163),
(7022, 453, 1405, 'randomDate', 87),
(7023, 453, 1405, 'randomDate', 131),
(7024, 453, 1405, 'randomDate', 43),
(7025, 453, 1405, 'randomDate', 30),
(7026, 686, 1406, 'randomDate', 89),
(7027, 686, 1406, 'randomDate', 41),
(7028, 686, 1406, 'randomDate', 190),
(7029, 686, 1406, 'randomDate', 37),
(7030, 686, 1406, 'randomDate', 170),
(7031, 518, 1407, 'randomDate', 47),
(7032, 518, 1407, 'randomDate', 49),
(7033, 518, 1407, 'randomDate', 126),
(7034, 518, 1407, 'randomDate', 179),
(7035, 518, 1407, 'randomDate', 197),
(7036, 786, 1408, 'randomDate', 119),
(7037, 786, 1408, 'randomDate', 40),
(7038, 786, 1408, 'randomDate', 98),
(7039, 786, 1408, 'randomDate', 151),
(7040, 786, 1408, 'randomDate', 29),
(7041, 521, 1409, 'randomDate', 34),
(7042, 521, 1409, 'randomDate', 75),
(7043, 521, 1409, 'randomDate', 136),
(7044, 521, 1409, 'randomDate', 180),
(7045, 521, 1409, 'randomDate', 41),
(7046, 1153, 1410, 'randomDate', 89),
(7047, 1153, 1410, 'randomDate', 92),
(7048, 1153, 1410, 'randomDate', 13),
(7049, 1153, 1410, 'randomDate', 197),
(7050, 1153, 1410, 'randomDate', 34),
(7051, 959, 1411, 'randomDate', 36),
(7052, 959, 1411, 'randomDate', 8),
(7053, 959, 1411, 'randomDate', 114),
(7054, 959, 1411, 'randomDate', 92),
(7055, 959, 1411, 'randomDate', 193),
(7056, 862, 1412, 'randomDate', 197),
(7057, 862, 1412, 'randomDate', 157),
(7058, 862, 1412, 'randomDate', 163),
(7059, 862, 1412, 'randomDate', 190),
(7060, 862, 1412, 'randomDate', 19),
(7061, 775, 1413, 'randomDate', 60),
(7062, 775, 1413, 'randomDate', 164),
(7063, 775, 1413, 'randomDate', 54),
(7064, 775, 1413, 'randomDate', 71),
(7065, 775, 1413, 'randomDate', 155),
(7066, 316, 1414, 'randomDate', 6),
(7067, 316, 1414, 'randomDate', 46),
(7068, 316, 1414, 'randomDate', 142),
(7069, 316, 1414, 'randomDate', 168),
(7070, 316, 1414, 'randomDate', 123),
(7071, 88, 1415, 'randomDate', 16),
(7072, 88, 1415, 'randomDate', 8),
(7073, 88, 1415, 'randomDate', 42),
(7074, 88, 1415, 'randomDate', 48),
(7075, 88, 1415, 'randomDate', 49),
(7076, 338, 1416, 'randomDate', 79),
(7077, 338, 1416, 'randomDate', 97),
(7078, 338, 1416, 'randomDate', 155),
(7079, 338, 1416, 'randomDate', 161),
(7080, 338, 1416, 'randomDate', 105),
(7081, 496, 1417, 'randomDate', 131),
(7082, 496, 1417, 'randomDate', 10),
(7083, 496, 1417, 'randomDate', 91),
(7084, 496, 1417, 'randomDate', 169),
(7085, 496, 1417, 'randomDate', 189),
(7086, 38, 1418, 'randomDate', 119),
(7087, 38, 1418, 'randomDate', 79),
(7088, 38, 1418, 'randomDate', 50),
(7089, 38, 1418, 'randomDate', 154),
(7090, 38, 1418, 'randomDate', 157),
(7091, 524, 1419, 'randomDate', 76),
(7092, 524, 1419, 'randomDate', 97),
(7093, 524, 1419, 'randomDate', 193),
(7094, 524, 1419, 'randomDate', 80),
(7095, 524, 1419, 'randomDate', 19),
(7096, 770, 1420, 'randomDate', 44),
(7097, 770, 1420, 'randomDate', 190),
(7098, 770, 1420, 'randomDate', 186),
(7099, 770, 1420, 'randomDate', 45),
(7100, 770, 1420, 'randomDate', 148),
(7101, 784, 1421, 'randomDate', 165),
(7102, 784, 1421, 'randomDate', 72),
(7103, 784, 1421, 'randomDate', 121),
(7104, 784, 1421, 'randomDate', 52),
(7105, 784, 1421, 'randomDate', 112),
(7106, 355, 1422, 'randomDate', 185),
(7107, 355, 1422, 'randomDate', 25),
(7108, 355, 1422, 'randomDate', 141),
(7109, 355, 1422, 'randomDate', 85),
(7110, 355, 1422, 'randomDate', 118),
(7111, 635, 1423, 'randomDate', 21),
(7112, 635, 1423, 'randomDate', 47),
(7113, 635, 1423, 'randomDate', 50),
(7114, 635, 1423, 'randomDate', 104),
(7115, 635, 1423, 'randomDate', 23),
(7116, 677, 1424, 'randomDate', 81),
(7117, 677, 1424, 'randomDate', 46),
(7118, 677, 1424, 'randomDate', 54),
(7119, 677, 1424, 'randomDate', 179),
(7120, 677, 1424, 'randomDate', 34),
(7121, 917, 1425, 'randomDate', 4),
(7122, 917, 1425, 'randomDate', 17),
(7123, 917, 1425, 'randomDate', 139),
(7124, 917, 1425, 'randomDate', 44),
(7125, 917, 1425, 'randomDate', 53),
(7126, 698, 1426, 'randomDate', 182),
(7127, 698, 1426, 'randomDate', 175),
(7128, 698, 1426, 'randomDate', 193),
(7129, 698, 1426, 'randomDate', 1),
(7130, 698, 1426, 'randomDate', 81),
(7131, 611, 1427, 'randomDate', 69),
(7132, 611, 1427, 'randomDate', 91),
(7133, 611, 1427, 'randomDate', 157),
(7134, 611, 1427, 'randomDate', 60),
(7135, 611, 1427, 'randomDate', 106),
(7136, 402, 1428, 'randomDate', 104),
(7137, 402, 1428, 'randomDate', 96),
(7138, 402, 1428, 'randomDate', 159),
(7139, 402, 1428, 'randomDate', 191),
(7140, 402, 1428, 'randomDate', 160),
(7141, 783, 1429, 'randomDate', 8),
(7142, 783, 1429, 'randomDate', 46),
(7143, 783, 1429, 'randomDate', 175),
(7144, 783, 1429, 'randomDate', 146),
(7145, 783, 1429, 'randomDate', 77),
(7146, 1105, 1430, 'randomDate', 131),
(7147, 1105, 1430, 'randomDate', 140),
(7148, 1105, 1430, 'randomDate', 188),
(7149, 1105, 1430, 'randomDate', 85),
(7150, 1105, 1430, 'randomDate', 93),
(7151, 34, 1431, 'randomDate', 155),
(7152, 34, 1431, 'randomDate', 111),
(7153, 34, 1431, 'randomDate', 197),
(7154, 34, 1431, 'randomDate', 40),
(7155, 34, 1431, 'randomDate', 39),
(7156, 894, 1432, 'randomDate', 33),
(7157, 894, 1432, 'randomDate', 92),
(7158, 894, 1432, 'randomDate', 113),
(7159, 894, 1432, 'randomDate', 158),
(7160, 894, 1432, 'randomDate', 24),
(7161, 874, 1433, 'randomDate', 26),
(7162, 874, 1433, 'randomDate', 187),
(7163, 874, 1433, 'randomDate', 85),
(7164, 874, 1433, 'randomDate', 53),
(7165, 874, 1433, 'randomDate', 121),
(7166, 1007, 1434, 'randomDate', 21),
(7167, 1007, 1434, 'randomDate', 135),
(7168, 1007, 1434, 'randomDate', 119),
(7169, 1007, 1434, 'randomDate', 167),
(7170, 1007, 1434, 'randomDate', 144),
(7171, 309, 1435, 'randomDate', 117),
(7172, 309, 1435, 'randomDate', 44),
(7173, 309, 1435, 'randomDate', 7),
(7174, 309, 1435, 'randomDate', 134),
(7175, 309, 1435, 'randomDate', 140),
(7176, 63, 1436, 'randomDate', 133),
(7177, 63, 1436, 'randomDate', 108),
(7178, 63, 1436, 'randomDate', 105),
(7179, 63, 1436, 'randomDate', 82),
(7180, 63, 1436, 'randomDate', 35),
(7181, 1076, 1437, 'randomDate', 149),
(7182, 1076, 1437, 'randomDate', 22),
(7183, 1076, 1437, 'randomDate', 122),
(7184, 1076, 1437, 'randomDate', 33),
(7185, 1076, 1437, 'randomDate', 25),
(7186, 441, 1438, 'randomDate', 77),
(7187, 441, 1438, 'randomDate', 44),
(7188, 441, 1438, 'randomDate', 103),
(7189, 441, 1438, 'randomDate', 185),
(7190, 441, 1438, 'randomDate', 156),
(7191, 1018, 1439, 'randomDate', 19),
(7192, 1018, 1439, 'randomDate', 99),
(7193, 1018, 1439, 'randomDate', 56),
(7194, 1018, 1439, 'randomDate', 125),
(7195, 1018, 1439, 'randomDate', 11),
(7196, 75, 1440, 'randomDate', 144),
(7197, 75, 1440, 'randomDate', 139),
(7198, 75, 1440, 'randomDate', 84),
(7199, 75, 1440, 'randomDate', 99),
(7200, 75, 1440, 'randomDate', 29);
INSERT INTO `sales` (`sale_id`, `saleman_id`, `customer_id`, `sale_date`, `product_id`) VALUES
(7201, 669, 1441, 'randomDate', 118),
(7202, 669, 1441, 'randomDate', 97),
(7203, 669, 1441, 'randomDate', 17),
(7204, 669, 1441, 'randomDate', 24),
(7205, 669, 1441, 'randomDate', 153),
(7206, 53, 1442, 'randomDate', 97),
(7207, 53, 1442, 'randomDate', 72),
(7208, 53, 1442, 'randomDate', 75),
(7209, 53, 1442, 'randomDate', 138),
(7210, 53, 1442, 'randomDate', 69),
(7211, 1136, 1443, 'randomDate', 103),
(7212, 1136, 1443, 'randomDate', 188),
(7213, 1136, 1443, 'randomDate', 94),
(7214, 1136, 1443, 'randomDate', 22),
(7215, 1136, 1443, 'randomDate', 56),
(7216, 56, 1444, 'randomDate', 33),
(7217, 56, 1444, 'randomDate', 154),
(7218, 56, 1444, 'randomDate', 189),
(7219, 56, 1444, 'randomDate', 64),
(7220, 56, 1444, 'randomDate', 171),
(7221, 753, 1445, 'randomDate', 74),
(7222, 753, 1445, 'randomDate', 11),
(7223, 753, 1445, 'randomDate', 4),
(7224, 753, 1445, 'randomDate', 122),
(7225, 753, 1445, 'randomDate', 45),
(7226, 1096, 1446, 'randomDate', 144),
(7227, 1096, 1446, 'randomDate', 192),
(7228, 1096, 1446, 'randomDate', 65),
(7229, 1096, 1446, 'randomDate', 192),
(7230, 1096, 1446, 'randomDate', 143),
(7231, 246, 1447, 'randomDate', 108),
(7232, 246, 1447, 'randomDate', 30),
(7233, 246, 1447, 'randomDate', 29),
(7234, 246, 1447, 'randomDate', 66),
(7235, 246, 1447, 'randomDate', 193),
(7236, 956, 1448, 'randomDate', 67),
(7237, 956, 1448, 'randomDate', 17),
(7238, 956, 1448, 'randomDate', 132),
(7239, 956, 1448, 'randomDate', 89),
(7240, 956, 1448, 'randomDate', 176),
(7241, 606, 1449, 'randomDate', 63),
(7242, 606, 1449, 'randomDate', 159),
(7243, 606, 1449, 'randomDate', 161),
(7244, 606, 1449, 'randomDate', 150),
(7245, 606, 1449, 'randomDate', 64),
(7246, 571, 1450, 'randomDate', 2),
(7247, 571, 1450, 'randomDate', 53),
(7248, 571, 1450, 'randomDate', 122),
(7249, 571, 1450, 'randomDate', 81),
(7250, 571, 1450, 'randomDate', 112),
(7251, 967, 1451, 'randomDate', 166),
(7252, 967, 1451, 'randomDate', 52),
(7253, 967, 1451, 'randomDate', 195),
(7254, 967, 1451, 'randomDate', 63),
(7255, 967, 1451, 'randomDate', 188),
(7256, 685, 1452, 'randomDate', 9),
(7257, 685, 1452, 'randomDate', 191),
(7258, 685, 1452, 'randomDate', 33),
(7259, 685, 1452, 'randomDate', 86),
(7260, 685, 1452, 'randomDate', 91),
(7261, 116, 1453, 'randomDate', 12),
(7262, 116, 1453, 'randomDate', 32),
(7263, 116, 1453, 'randomDate', 194),
(7264, 116, 1453, 'randomDate', 147),
(7265, 116, 1453, 'randomDate', 164),
(7266, 944, 1454, 'randomDate', 163),
(7267, 944, 1454, 'randomDate', 26),
(7268, 944, 1454, 'randomDate', 114),
(7269, 944, 1454, 'randomDate', 32),
(7270, 944, 1454, 'randomDate', 176),
(7271, 451, 1455, 'randomDate', 109),
(7272, 451, 1455, 'randomDate', 170),
(7273, 451, 1455, 'randomDate', 167),
(7274, 451, 1455, 'randomDate', 79),
(7275, 451, 1455, 'randomDate', 65),
(7276, 194, 1456, 'randomDate', 54),
(7277, 194, 1456, 'randomDate', 136),
(7278, 194, 1456, 'randomDate', 188),
(7279, 194, 1456, 'randomDate', 150),
(7280, 194, 1456, 'randomDate', 110),
(7281, 990, 1457, 'randomDate', 65),
(7282, 990, 1457, 'randomDate', 53),
(7283, 990, 1457, 'randomDate', 49),
(7284, 990, 1457, 'randomDate', 43),
(7285, 990, 1457, 'randomDate', 54),
(7286, 433, 1458, 'randomDate', 103),
(7287, 433, 1458, 'randomDate', 138),
(7288, 433, 1458, 'randomDate', 82),
(7289, 433, 1458, 'randomDate', 114),
(7290, 433, 1458, 'randomDate', 51),
(7291, 104, 1459, 'randomDate', 178),
(7292, 104, 1459, 'randomDate', 178),
(7293, 104, 1459, 'randomDate', 114),
(7294, 104, 1459, 'randomDate', 151),
(7295, 104, 1459, 'randomDate', 75),
(7296, 1039, 1460, 'randomDate', 191),
(7297, 1039, 1460, 'randomDate', 10),
(7298, 1039, 1460, 'randomDate', 2),
(7299, 1039, 1460, 'randomDate', 75),
(7300, 1039, 1460, 'randomDate', 37),
(7301, 684, 1461, 'randomDate', 180),
(7302, 684, 1461, 'randomDate', 53),
(7303, 684, 1461, 'randomDate', 119),
(7304, 684, 1461, 'randomDate', 38),
(7305, 684, 1461, 'randomDate', 54),
(7306, 290, 1462, 'randomDate', 66),
(7307, 290, 1462, 'randomDate', 131),
(7308, 290, 1462, 'randomDate', 92),
(7309, 290, 1462, 'randomDate', 153),
(7310, 290, 1462, 'randomDate', 51),
(7311, 723, 1463, 'randomDate', 95),
(7312, 723, 1463, 'randomDate', 111),
(7313, 723, 1463, 'randomDate', 48),
(7314, 723, 1463, 'randomDate', 148),
(7315, 723, 1463, 'randomDate', 167),
(7316, 524, 1464, 'randomDate', 79),
(7317, 524, 1464, 'randomDate', 65),
(7318, 524, 1464, 'randomDate', 37),
(7319, 524, 1464, 'randomDate', 188),
(7320, 524, 1464, 'randomDate', 131),
(7321, 908, 1465, 'randomDate', 90),
(7322, 908, 1465, 'randomDate', 178),
(7323, 908, 1465, 'randomDate', 193),
(7324, 908, 1465, 'randomDate', 87),
(7325, 908, 1465, 'randomDate', 151),
(7326, 1160, 1466, 'randomDate', 84),
(7327, 1160, 1466, 'randomDate', 88),
(7328, 1160, 1466, 'randomDate', 6),
(7329, 1160, 1466, 'randomDate', 6),
(7330, 1160, 1466, 'randomDate', 70),
(7331, 68, 1467, 'randomDate', 162),
(7332, 68, 1467, 'randomDate', 93),
(7333, 68, 1467, 'randomDate', 156),
(7334, 68, 1467, 'randomDate', 133),
(7335, 68, 1467, 'randomDate', 13),
(7336, 207, 1468, 'randomDate', 177),
(7337, 207, 1468, 'randomDate', 180),
(7338, 207, 1468, 'randomDate', 168),
(7339, 207, 1468, 'randomDate', 71),
(7340, 207, 1468, 'randomDate', 54),
(7341, 332, 1469, 'randomDate', 170),
(7342, 332, 1469, 'randomDate', 122),
(7343, 332, 1469, 'randomDate', 153),
(7344, 332, 1469, 'randomDate', 64),
(7345, 332, 1469, 'randomDate', 167),
(7346, 651, 1470, 'randomDate', 31),
(7347, 651, 1470, 'randomDate', 136),
(7348, 651, 1470, 'randomDate', 125),
(7349, 651, 1470, 'randomDate', 68),
(7350, 651, 1470, 'randomDate', 125),
(7351, 150, 1471, 'randomDate', 37),
(7352, 150, 1471, 'randomDate', 104),
(7353, 150, 1471, 'randomDate', 171),
(7354, 150, 1471, 'randomDate', 84),
(7355, 150, 1471, 'randomDate', 67),
(7356, 1035, 1472, 'randomDate', 160),
(7357, 1035, 1472, 'randomDate', 113),
(7358, 1035, 1472, 'randomDate', 133),
(7359, 1035, 1472, 'randomDate', 60),
(7360, 1035, 1472, 'randomDate', 21),
(7361, 665, 1473, 'randomDate', 140),
(7362, 665, 1473, 'randomDate', 100),
(7363, 665, 1473, 'randomDate', 61),
(7364, 665, 1473, 'randomDate', 121),
(7365, 665, 1473, 'randomDate', 15),
(7366, 624, 1474, 'randomDate', 123),
(7367, 624, 1474, 'randomDate', 92),
(7368, 624, 1474, 'randomDate', 47),
(7369, 624, 1474, 'randomDate', 39),
(7370, 624, 1474, 'randomDate', 45),
(7371, 1161, 1475, 'randomDate', 103),
(7372, 1161, 1475, 'randomDate', 36),
(7373, 1161, 1475, 'randomDate', 85),
(7374, 1161, 1475, 'randomDate', 140),
(7375, 1161, 1475, 'randomDate', 16),
(7376, 921, 1476, 'randomDate', 17),
(7377, 921, 1476, 'randomDate', 114),
(7378, 921, 1476, 'randomDate', 130),
(7379, 921, 1476, 'randomDate', 7),
(7380, 921, 1476, 'randomDate', 84),
(7381, 578, 1477, 'randomDate', 78),
(7382, 578, 1477, 'randomDate', 190),
(7383, 578, 1477, 'randomDate', 173),
(7384, 578, 1477, 'randomDate', 89),
(7385, 578, 1477, 'randomDate', 42),
(7386, 1116, 1478, 'randomDate', 116),
(7387, 1116, 1478, 'randomDate', 182),
(7388, 1116, 1478, 'randomDate', 147),
(7389, 1116, 1478, 'randomDate', 146),
(7390, 1116, 1478, 'randomDate', 9),
(7391, 251, 1479, 'randomDate', 43),
(7392, 251, 1479, 'randomDate', 72),
(7393, 251, 1479, 'randomDate', 83),
(7394, 251, 1479, 'randomDate', 90),
(7395, 251, 1479, 'randomDate', 140),
(7396, 815, 1480, 'randomDate', 126),
(7397, 815, 1480, 'randomDate', 105),
(7398, 815, 1480, 'randomDate', 165),
(7399, 815, 1480, 'randomDate', 118),
(7400, 815, 1480, 'randomDate', 146),
(7401, 565, 1481, 'randomDate', 29),
(7402, 565, 1481, 'randomDate', 39),
(7403, 565, 1481, 'randomDate', 55),
(7404, 565, 1481, 'randomDate', 61),
(7405, 565, 1481, 'randomDate', 52),
(7406, 344, 1482, 'randomDate', 13),
(7407, 344, 1482, 'randomDate', 200),
(7408, 344, 1482, 'randomDate', 87),
(7409, 344, 1482, 'randomDate', 20),
(7410, 344, 1482, 'randomDate', 189),
(7411, 42, 1483, 'randomDate', 126),
(7412, 42, 1483, 'randomDate', 138),
(7413, 42, 1483, 'randomDate', 188),
(7414, 42, 1483, 'randomDate', 59),
(7415, 42, 1483, 'randomDate', 178),
(7416, 1057, 1484, 'randomDate', 60),
(7417, 1057, 1484, 'randomDate', 141),
(7418, 1057, 1484, 'randomDate', 94),
(7419, 1057, 1484, 'randomDate', 4),
(7420, 1057, 1484, 'randomDate', 136),
(7421, 511, 1485, 'randomDate', 94),
(7422, 511, 1485, 'randomDate', 153),
(7423, 511, 1485, 'randomDate', 39),
(7424, 511, 1485, 'randomDate', 54),
(7425, 511, 1485, 'randomDate', 7),
(7426, 775, 1486, 'randomDate', 62),
(7427, 775, 1486, 'randomDate', 198),
(7428, 775, 1486, 'randomDate', 197),
(7429, 775, 1486, 'randomDate', 77),
(7430, 775, 1486, 'randomDate', 123),
(7431, 115, 1487, 'randomDate', 46),
(7432, 115, 1487, 'randomDate', 21),
(7433, 115, 1487, 'randomDate', 199),
(7434, 115, 1487, 'randomDate', 57),
(7435, 115, 1487, 'randomDate', 126),
(7436, 167, 1488, 'randomDate', 28),
(7437, 167, 1488, 'randomDate', 99),
(7438, 167, 1488, 'randomDate', 51),
(7439, 167, 1488, 'randomDate', 76),
(7440, 167, 1488, 'randomDate', 142),
(7441, 910, 1489, 'randomDate', 5),
(7442, 910, 1489, 'randomDate', 198),
(7443, 910, 1489, 'randomDate', 132),
(7444, 910, 1489, 'randomDate', 72),
(7445, 910, 1489, 'randomDate', 176),
(7446, 624, 1490, 'randomDate', 151),
(7447, 624, 1490, 'randomDate', 152),
(7448, 624, 1490, 'randomDate', 1),
(7449, 624, 1490, 'randomDate', 200),
(7450, 624, 1490, 'randomDate', 111),
(7451, 661, 1491, 'randomDate', 68),
(7452, 661, 1491, 'randomDate', 101),
(7453, 661, 1491, 'randomDate', 103),
(7454, 661, 1491, 'randomDate', 175),
(7455, 661, 1491, 'randomDate', 187),
(7456, 917, 1492, 'randomDate', 118),
(7457, 917, 1492, 'randomDate', 195),
(7458, 917, 1492, 'randomDate', 145),
(7459, 917, 1492, 'randomDate', 83),
(7460, 917, 1492, 'randomDate', 113),
(7461, 434, 1493, 'randomDate', 140),
(7462, 434, 1493, 'randomDate', 83),
(7463, 434, 1493, 'randomDate', 149),
(7464, 434, 1493, 'randomDate', 184),
(7465, 434, 1493, 'randomDate', 166),
(7466, 1145, 1494, 'randomDate', 10),
(7467, 1145, 1494, 'randomDate', 41),
(7468, 1145, 1494, 'randomDate', 22),
(7469, 1145, 1494, 'randomDate', 112),
(7470, 1145, 1494, 'randomDate', 193),
(7471, 46, 1495, 'randomDate', 22),
(7472, 46, 1495, 'randomDate', 164),
(7473, 46, 1495, 'randomDate', 37),
(7474, 46, 1495, 'randomDate', 179),
(7475, 46, 1495, 'randomDate', 41),
(7476, 611, 1496, 'randomDate', 39),
(7477, 611, 1496, 'randomDate', 200),
(7478, 611, 1496, 'randomDate', 190),
(7479, 611, 1496, 'randomDate', 120),
(7480, 611, 1496, 'randomDate', 124),
(7481, 791, 1497, 'randomDate', 127),
(7482, 791, 1497, 'randomDate', 41),
(7483, 791, 1497, 'randomDate', 6),
(7484, 791, 1497, 'randomDate', 132),
(7485, 791, 1497, 'randomDate', 15),
(7486, 553, 1498, 'randomDate', 23),
(7487, 553, 1498, 'randomDate', 21),
(7488, 553, 1498, 'randomDate', 179),
(7489, 553, 1498, 'randomDate', 36),
(7490, 553, 1498, 'randomDate', 125),
(7491, 890, 1499, 'randomDate', 95),
(7492, 890, 1499, 'randomDate', 99),
(7493, 890, 1499, 'randomDate', 90),
(7494, 890, 1499, 'randomDate', 124),
(7495, 890, 1499, 'randomDate', 183),
(7496, 806, 1500, 'randomDate', 183),
(7497, 806, 1500, 'randomDate', 22),
(7498, 806, 1500, 'randomDate', 164),
(7499, 806, 1500, 'randomDate', 36),
(7500, 806, 1500, 'randomDate', 131),
(7501, 652, 1501, 'randomDate', 100),
(7502, 652, 1501, 'randomDate', 141),
(7503, 652, 1501, 'randomDate', 157),
(7504, 652, 1501, 'randomDate', 164),
(7505, 652, 1501, 'randomDate', 125),
(7506, 101, 1502, 'randomDate', 1),
(7507, 101, 1502, 'randomDate', 77),
(7508, 101, 1502, 'randomDate', 179),
(7509, 101, 1502, 'randomDate', 128),
(7510, 101, 1502, 'randomDate', 53),
(7511, 346, 1503, 'randomDate', 152),
(7512, 346, 1503, 'randomDate', 126),
(7513, 346, 1503, 'randomDate', 174),
(7514, 346, 1503, 'randomDate', 104),
(7515, 346, 1503, 'randomDate', 147),
(7516, 21, 1504, 'randomDate', 15),
(7517, 21, 1504, 'randomDate', 4),
(7518, 21, 1504, 'randomDate', 73),
(7519, 21, 1504, 'randomDate', 75),
(7520, 21, 1504, 'randomDate', 81),
(7521, 510, 1505, 'randomDate', 194),
(7522, 510, 1505, 'randomDate', 182),
(7523, 510, 1505, 'randomDate', 81),
(7524, 510, 1505, 'randomDate', 10),
(7525, 510, 1505, 'randomDate', 76),
(7526, 435, 1506, 'randomDate', 189),
(7527, 435, 1506, 'randomDate', 3),
(7528, 435, 1506, 'randomDate', 185),
(7529, 435, 1506, 'randomDate', 115),
(7530, 435, 1506, 'randomDate', 26),
(7531, 1034, 1507, 'randomDate', 102),
(7532, 1034, 1507, 'randomDate', 16),
(7533, 1034, 1507, 'randomDate', 49),
(7534, 1034, 1507, 'randomDate', 4),
(7535, 1034, 1507, 'randomDate', 74),
(7536, 1027, 1508, 'randomDate', 140),
(7537, 1027, 1508, 'randomDate', 190),
(7538, 1027, 1508, 'randomDate', 149),
(7539, 1027, 1508, 'randomDate', 115),
(7540, 1027, 1508, 'randomDate', 78),
(7541, 252, 1509, 'randomDate', 28),
(7542, 252, 1509, 'randomDate', 95),
(7543, 252, 1509, 'randomDate', 16),
(7544, 252, 1509, 'randomDate', 167),
(7545, 252, 1509, 'randomDate', 90),
(7546, 377, 1510, 'randomDate', 74),
(7547, 377, 1510, 'randomDate', 58),
(7548, 377, 1510, 'randomDate', 83),
(7549, 377, 1510, 'randomDate', 67),
(7550, 377, 1510, 'randomDate', 84),
(7551, 106, 1511, 'randomDate', 126),
(7552, 106, 1511, 'randomDate', 123),
(7553, 106, 1511, 'randomDate', 156),
(7554, 106, 1511, 'randomDate', 187),
(7555, 106, 1511, 'randomDate', 148),
(7556, 1129, 1512, 'randomDate', 85),
(7557, 1129, 1512, 'randomDate', 135),
(7558, 1129, 1512, 'randomDate', 173),
(7559, 1129, 1512, 'randomDate', 139),
(7560, 1129, 1512, 'randomDate', 175),
(7561, 371, 1513, 'randomDate', 167),
(7562, 371, 1513, 'randomDate', 162),
(7563, 371, 1513, 'randomDate', 144),
(7564, 371, 1513, 'randomDate', 152),
(7565, 371, 1513, 'randomDate', 118),
(7566, 573, 1514, 'randomDate', 53),
(7567, 573, 1514, 'randomDate', 69),
(7568, 573, 1514, 'randomDate', 110),
(7569, 573, 1514, 'randomDate', 140),
(7570, 573, 1514, 'randomDate', 77),
(7571, 181, 1515, 'randomDate', 167),
(7572, 181, 1515, 'randomDate', 94),
(7573, 181, 1515, 'randomDate', 126),
(7574, 181, 1515, 'randomDate', 82),
(7575, 181, 1515, 'randomDate', 84),
(7576, 669, 1516, 'randomDate', 90),
(7577, 669, 1516, 'randomDate', 115),
(7578, 669, 1516, 'randomDate', 198),
(7579, 669, 1516, 'randomDate', 92),
(7580, 669, 1516, 'randomDate', 187),
(7581, 754, 1517, 'randomDate', 44),
(7582, 754, 1517, 'randomDate', 175),
(7583, 754, 1517, 'randomDate', 131),
(7584, 754, 1517, 'randomDate', 126),
(7585, 754, 1517, 'randomDate', 29),
(7586, 1061, 1518, 'randomDate', 133),
(7587, 1061, 1518, 'randomDate', 70),
(7588, 1061, 1518, 'randomDate', 153),
(7589, 1061, 1518, 'randomDate', 144),
(7590, 1061, 1518, 'randomDate', 51),
(7591, 843, 1519, 'randomDate', 57),
(7592, 843, 1519, 'randomDate', 59),
(7593, 843, 1519, 'randomDate', 180),
(7594, 843, 1519, 'randomDate', 46),
(7595, 843, 1519, 'randomDate', 90),
(7596, 595, 1520, 'randomDate', 103),
(7597, 595, 1520, 'randomDate', 23),
(7598, 595, 1520, 'randomDate', 40),
(7599, 595, 1520, 'randomDate', 155),
(7600, 595, 1520, 'randomDate', 41),
(7601, 679, 1521, 'randomDate', 65),
(7602, 679, 1521, 'randomDate', 184),
(7603, 679, 1521, 'randomDate', 167),
(7604, 679, 1521, 'randomDate', 88),
(7605, 679, 1521, 'randomDate', 181),
(7606, 56, 1522, 'randomDate', 44),
(7607, 56, 1522, 'randomDate', 116),
(7608, 56, 1522, 'randomDate', 47),
(7609, 56, 1522, 'randomDate', 192),
(7610, 56, 1522, 'randomDate', 111),
(7611, 1065, 1523, 'randomDate', 64),
(7612, 1065, 1523, 'randomDate', 188),
(7613, 1065, 1523, 'randomDate', 109),
(7614, 1065, 1523, 'randomDate', 12),
(7615, 1065, 1523, 'randomDate', 113),
(7616, 36, 1524, 'randomDate', 118),
(7617, 36, 1524, 'randomDate', 196),
(7618, 36, 1524, 'randomDate', 40),
(7619, 36, 1524, 'randomDate', 57),
(7620, 36, 1524, 'randomDate', 64),
(7621, 32, 1525, 'randomDate', 87),
(7622, 32, 1525, 'randomDate', 23),
(7623, 32, 1525, 'randomDate', 181),
(7624, 32, 1525, 'randomDate', 69),
(7625, 32, 1525, 'randomDate', 158),
(7626, 26, 1526, 'randomDate', 59),
(7627, 26, 1526, 'randomDate', 102),
(7628, 26, 1526, 'randomDate', 59),
(7629, 26, 1526, 'randomDate', 29),
(7630, 26, 1526, 'randomDate', 163),
(7631, 431, 1527, 'randomDate', 31),
(7632, 431, 1527, 'randomDate', 186),
(7633, 431, 1527, 'randomDate', 122),
(7634, 431, 1527, 'randomDate', 177),
(7635, 431, 1527, 'randomDate', 170),
(7636, 1153, 1528, 'randomDate', 100),
(7637, 1153, 1528, 'randomDate', 6),
(7638, 1153, 1528, 'randomDate', 63),
(7639, 1153, 1528, 'randomDate', 21),
(7640, 1153, 1528, 'randomDate', 100),
(7641, 521, 1529, 'randomDate', 12),
(7642, 521, 1529, 'randomDate', 177),
(7643, 521, 1529, 'randomDate', 137),
(7644, 521, 1529, 'randomDate', 167),
(7645, 521, 1529, 'randomDate', 159),
(7646, 403, 1530, 'randomDate', 18),
(7647, 403, 1530, 'randomDate', 122),
(7648, 403, 1530, 'randomDate', 146),
(7649, 403, 1530, 'randomDate', 44),
(7650, 403, 1530, 'randomDate', 23),
(7651, 345, 1531, 'randomDate', 8),
(7652, 345, 1531, 'randomDate', 153),
(7653, 345, 1531, 'randomDate', 13),
(7654, 345, 1531, 'randomDate', 156),
(7655, 345, 1531, 'randomDate', 192),
(7656, 646, 1532, 'randomDate', 81),
(7657, 646, 1532, 'randomDate', 101),
(7658, 646, 1532, 'randomDate', 65),
(7659, 646, 1532, 'randomDate', 53),
(7660, 646, 1532, 'randomDate', 165),
(7661, 819, 1533, 'randomDate', 168),
(7662, 819, 1533, 'randomDate', 151),
(7663, 819, 1533, 'randomDate', 53),
(7664, 819, 1533, 'randomDate', 106),
(7665, 819, 1533, 'randomDate', 104),
(7666, 8, 1534, 'randomDate', 44),
(7667, 8, 1534, 'randomDate', 153),
(7668, 8, 1534, 'randomDate', 31),
(7669, 8, 1534, 'randomDate', 40),
(7670, 8, 1534, 'randomDate', 125),
(7671, 390, 1535, 'randomDate', 196),
(7672, 390, 1535, 'randomDate', 196),
(7673, 390, 1535, 'randomDate', 136),
(7674, 390, 1535, 'randomDate', 143),
(7675, 390, 1535, 'randomDate', 190),
(7676, 677, 1536, 'randomDate', 197),
(7677, 677, 1536, 'randomDate', 195),
(7678, 677, 1536, 'randomDate', 86),
(7679, 677, 1536, 'randomDate', 78),
(7680, 677, 1536, 'randomDate', 94),
(7681, 203, 1537, 'randomDate', 37),
(7682, 203, 1537, 'randomDate', 108),
(7683, 203, 1537, 'randomDate', 37),
(7684, 203, 1537, 'randomDate', 76),
(7685, 203, 1537, 'randomDate', 29),
(7686, 702, 1538, 'randomDate', 24),
(7687, 702, 1538, 'randomDate', 37),
(7688, 702, 1538, 'randomDate', 105),
(7689, 702, 1538, 'randomDate', 44),
(7690, 702, 1538, 'randomDate', 122),
(7691, 755, 1539, 'randomDate', 200),
(7692, 755, 1539, 'randomDate', 19),
(7693, 755, 1539, 'randomDate', 170),
(7694, 755, 1539, 'randomDate', 200),
(7695, 755, 1539, 'randomDate', 61),
(7696, 373, 1540, 'randomDate', 187),
(7697, 373, 1540, 'randomDate', 37),
(7698, 373, 1540, 'randomDate', 120),
(7699, 373, 1540, 'randomDate', 106),
(7700, 373, 1540, 'randomDate', 87),
(7701, 989, 1541, 'randomDate', 91),
(7702, 989, 1541, 'randomDate', 131),
(7703, 989, 1541, 'randomDate', 149),
(7704, 989, 1541, 'randomDate', 192),
(7705, 989, 1541, 'randomDate', 104),
(7706, 93, 1542, 'randomDate', 104),
(7707, 93, 1542, 'randomDate', 179),
(7708, 93, 1542, 'randomDate', 87),
(7709, 93, 1542, 'randomDate', 106),
(7710, 93, 1542, 'randomDate', 101),
(7711, 1023, 1543, 'randomDate', 20),
(7712, 1023, 1543, 'randomDate', 177),
(7713, 1023, 1543, 'randomDate', 86),
(7714, 1023, 1543, 'randomDate', 136),
(7715, 1023, 1543, 'randomDate', 30),
(7716, 684, 1544, 'randomDate', 137),
(7717, 684, 1544, 'randomDate', 175),
(7718, 684, 1544, 'randomDate', 65),
(7719, 684, 1544, 'randomDate', 90),
(7720, 684, 1544, 'randomDate', 162),
(7721, 26, 1545, 'randomDate', 11),
(7722, 26, 1545, 'randomDate', 163),
(7723, 26, 1545, 'randomDate', 190),
(7724, 26, 1545, 'randomDate', 168),
(7725, 26, 1545, 'randomDate', 4),
(7726, 43, 1546, 'randomDate', 154),
(7727, 43, 1546, 'randomDate', 183),
(7728, 43, 1546, 'randomDate', 16),
(7729, 43, 1546, 'randomDate', 76),
(7730, 43, 1546, 'randomDate', 109),
(7731, 168, 1547, 'randomDate', 183),
(7732, 168, 1547, 'randomDate', 186),
(7733, 168, 1547, 'randomDate', 21),
(7734, 168, 1547, 'randomDate', 20),
(7735, 168, 1547, 'randomDate', 154),
(7736, 736, 1548, 'randomDate', 153),
(7737, 736, 1548, 'randomDate', 67),
(7738, 736, 1548, 'randomDate', 176),
(7739, 736, 1548, 'randomDate', 100),
(7740, 736, 1548, 'randomDate', 137),
(7741, 846, 1549, 'randomDate', 118),
(7742, 846, 1549, 'randomDate', 154),
(7743, 846, 1549, 'randomDate', 145),
(7744, 846, 1549, 'randomDate', 78),
(7745, 846, 1549, 'randomDate', 88),
(7746, 587, 1550, 'randomDate', 84),
(7747, 587, 1550, 'randomDate', 174),
(7748, 587, 1550, 'randomDate', 193),
(7749, 587, 1550, 'randomDate', 62),
(7750, 587, 1550, 'randomDate', 71),
(7751, 203, 1551, 'randomDate', 156),
(7752, 203, 1551, 'randomDate', 176),
(7753, 203, 1551, 'randomDate', 32),
(7754, 203, 1551, 'randomDate', 186),
(7755, 203, 1551, 'randomDate', 80),
(7756, 264, 1552, 'randomDate', 57),
(7757, 264, 1552, 'randomDate', 8),
(7758, 264, 1552, 'randomDate', 144),
(7759, 264, 1552, 'randomDate', 114),
(7760, 264, 1552, 'randomDate', 89),
(7761, 296, 1553, 'randomDate', 161),
(7762, 296, 1553, 'randomDate', 84),
(7763, 296, 1553, 'randomDate', 49),
(7764, 296, 1553, 'randomDate', 85),
(7765, 296, 1553, 'randomDate', 35),
(7766, 1158, 1554, 'randomDate', 140),
(7767, 1158, 1554, 'randomDate', 85),
(7768, 1158, 1554, 'randomDate', 169),
(7769, 1158, 1554, 'randomDate', 94),
(7770, 1158, 1554, 'randomDate', 190),
(7771, 103, 1555, 'randomDate', 20),
(7772, 103, 1555, 'randomDate', 12),
(7773, 103, 1555, 'randomDate', 190),
(7774, 103, 1555, 'randomDate', 94),
(7775, 103, 1555, 'randomDate', 5),
(7776, 825, 1556, 'randomDate', 13),
(7777, 825, 1556, 'randomDate', 193),
(7778, 825, 1556, 'randomDate', 24),
(7779, 825, 1556, 'randomDate', 101),
(7780, 825, 1556, 'randomDate', 19),
(7781, 693, 1557, 'randomDate', 22),
(7782, 693, 1557, 'randomDate', 191),
(7783, 693, 1557, 'randomDate', 137),
(7784, 693, 1557, 'randomDate', 118),
(7785, 693, 1557, 'randomDate', 167),
(7786, 578, 1558, 'randomDate', 170),
(7787, 578, 1558, 'randomDate', 87),
(7788, 578, 1558, 'randomDate', 76),
(7789, 578, 1558, 'randomDate', 88),
(7790, 578, 1558, 'randomDate', 186),
(7791, 665, 1559, 'randomDate', 104),
(7792, 665, 1559, 'randomDate', 83),
(7793, 665, 1559, 'randomDate', 46),
(7794, 665, 1559, 'randomDate', 79),
(7795, 665, 1559, 'randomDate', 116),
(7796, 936, 1560, 'randomDate', 189),
(7797, 936, 1560, 'randomDate', 200),
(7798, 936, 1560, 'randomDate', 67),
(7799, 936, 1560, 'randomDate', 82),
(7800, 936, 1560, 'randomDate', 70),
(7801, 100, 1561, 'randomDate', 48),
(7802, 100, 1561, 'randomDate', 174),
(7803, 100, 1561, 'randomDate', 41),
(7804, 100, 1561, 'randomDate', 111),
(7805, 100, 1561, 'randomDate', 192),
(7806, 708, 1562, 'randomDate', 157),
(7807, 708, 1562, 'randomDate', 192),
(7808, 708, 1562, 'randomDate', 172),
(7809, 708, 1562, 'randomDate', 98),
(7810, 708, 1562, 'randomDate', 47),
(7811, 864, 1563, 'randomDate', 165),
(7812, 864, 1563, 'randomDate', 108),
(7813, 864, 1563, 'randomDate', 155),
(7814, 864, 1563, 'randomDate', 51),
(7815, 864, 1563, 'randomDate', 26),
(7816, 941, 1564, 'randomDate', 70),
(7817, 941, 1564, 'randomDate', 128),
(7818, 941, 1564, 'randomDate', 152),
(7819, 941, 1564, 'randomDate', 38),
(7820, 941, 1564, 'randomDate', 16),
(7821, 834, 1565, 'randomDate', 105),
(7822, 834, 1565, 'randomDate', 10),
(7823, 834, 1565, 'randomDate', 151),
(7824, 834, 1565, 'randomDate', 61),
(7825, 834, 1565, 'randomDate', 106),
(7826, 370, 1566, 'randomDate', 26),
(7827, 370, 1566, 'randomDate', 53),
(7828, 370, 1566, 'randomDate', 112),
(7829, 370, 1566, 'randomDate', 190),
(7830, 370, 1566, 'randomDate', 117),
(7831, 282, 1567, 'randomDate', 85),
(7832, 282, 1567, 'randomDate', 176),
(7833, 282, 1567, 'randomDate', 144),
(7834, 282, 1567, 'randomDate', 12),
(7835, 282, 1567, 'randomDate', 174),
(7836, 573, 1568, 'randomDate', 196),
(7837, 573, 1568, 'randomDate', 31),
(7838, 573, 1568, 'randomDate', 29),
(7839, 573, 1568, 'randomDate', 104),
(7840, 573, 1568, 'randomDate', 73),
(7841, 958, 1569, 'randomDate', 116),
(7842, 958, 1569, 'randomDate', 183),
(7843, 958, 1569, 'randomDate', 24),
(7844, 958, 1569, 'randomDate', 122),
(7845, 958, 1569, 'randomDate', 24),
(7846, 210, 1570, 'randomDate', 129),
(7847, 210, 1570, 'randomDate', 73),
(7848, 210, 1570, 'randomDate', 147),
(7849, 210, 1570, 'randomDate', 56),
(7850, 210, 1570, 'randomDate', 191),
(7851, 324, 1571, 'randomDate', 95),
(7852, 324, 1571, 'randomDate', 93),
(7853, 324, 1571, 'randomDate', 152),
(7854, 324, 1571, 'randomDate', 154),
(7855, 324, 1571, 'randomDate', 88),
(7856, 175, 1572, 'randomDate', 197),
(7857, 175, 1572, 'randomDate', 165),
(7858, 175, 1572, 'randomDate', 40),
(7859, 175, 1572, 'randomDate', 66),
(7860, 175, 1572, 'randomDate', 27),
(7861, 359, 1573, 'randomDate', 45),
(7862, 359, 1573, 'randomDate', 33),
(7863, 359, 1573, 'randomDate', 154),
(7864, 359, 1573, 'randomDate', 137),
(7865, 359, 1573, 'randomDate', 78),
(7866, 265, 1574, 'randomDate', 170),
(7867, 265, 1574, 'randomDate', 70),
(7868, 265, 1574, 'randomDate', 65),
(7869, 265, 1574, 'randomDate', 29),
(7870, 265, 1574, 'randomDate', 174),
(7871, 573, 1575, 'randomDate', 15),
(7872, 573, 1575, 'randomDate', 138),
(7873, 573, 1575, 'randomDate', 40),
(7874, 573, 1575, 'randomDate', 136),
(7875, 573, 1575, 'randomDate', 102),
(7876, 695, 1576, 'randomDate', 87),
(7877, 695, 1576, 'randomDate', 121),
(7878, 695, 1576, 'randomDate', 28),
(7879, 695, 1576, 'randomDate', 133),
(7880, 695, 1576, 'randomDate', 81),
(7881, 744, 1577, 'randomDate', 84),
(7882, 744, 1577, 'randomDate', 104),
(7883, 744, 1577, 'randomDate', 109),
(7884, 744, 1577, 'randomDate', 185),
(7885, 744, 1577, 'randomDate', 104),
(7886, 1183, 1578, 'randomDate', 193),
(7887, 1183, 1578, 'randomDate', 121),
(7888, 1183, 1578, 'randomDate', 66),
(7889, 1183, 1578, 'randomDate', 103),
(7890, 1183, 1578, 'randomDate', 149),
(7891, 3, 1579, 'randomDate', 118),
(7892, 3, 1579, 'randomDate', 94),
(7893, 3, 1579, 'randomDate', 93),
(7894, 3, 1579, 'randomDate', 98),
(7895, 3, 1579, 'randomDate', 182),
(7896, 45, 1580, 'randomDate', 124),
(7897, 45, 1580, 'randomDate', 11),
(7898, 45, 1580, 'randomDate', 185),
(7899, 45, 1580, 'randomDate', 196),
(7900, 45, 1580, 'randomDate', 5),
(7901, 785, 1581, 'randomDate', 183),
(7902, 785, 1581, 'randomDate', 169),
(7903, 785, 1581, 'randomDate', 33),
(7904, 785, 1581, 'randomDate', 90),
(7905, 785, 1581, 'randomDate', 176),
(7906, 570, 1582, 'randomDate', 186),
(7907, 570, 1582, 'randomDate', 22),
(7908, 570, 1582, 'randomDate', 124),
(7909, 570, 1582, 'randomDate', 17),
(7910, 570, 1582, 'randomDate', 166),
(7911, 627, 1583, 'randomDate', 64),
(7912, 627, 1583, 'randomDate', 123),
(7913, 627, 1583, 'randomDate', 71),
(7914, 627, 1583, 'randomDate', 90),
(7915, 627, 1583, 'randomDate', 156),
(7916, 389, 1584, 'randomDate', 12),
(7917, 389, 1584, 'randomDate', 71),
(7918, 389, 1584, 'randomDate', 11),
(7919, 389, 1584, 'randomDate', 132),
(7920, 389, 1584, 'randomDate', 113),
(7921, 976, 1585, 'randomDate', 45),
(7922, 976, 1585, 'randomDate', 82),
(7923, 976, 1585, 'randomDate', 174),
(7924, 976, 1585, 'randomDate', 179),
(7925, 976, 1585, 'randomDate', 31),
(7926, 286, 1586, 'randomDate', 53),
(7927, 286, 1586, 'randomDate', 98),
(7928, 286, 1586, 'randomDate', 177),
(7929, 286, 1586, 'randomDate', 29),
(7930, 286, 1586, 'randomDate', 21),
(7931, 204, 1587, 'randomDate', 147),
(7932, 204, 1587, 'randomDate', 31),
(7933, 204, 1587, 'randomDate', 164),
(7934, 204, 1587, 'randomDate', 11),
(7935, 204, 1587, 'randomDate', 138),
(7936, 854, 1588, 'randomDate', 74),
(7937, 854, 1588, 'randomDate', 1),
(7938, 854, 1588, 'randomDate', 77),
(7939, 854, 1588, 'randomDate', 160),
(7940, 854, 1588, 'randomDate', 173),
(7941, 1202, 1589, 'randomDate', 96),
(7942, 1202, 1589, 'randomDate', 132),
(7943, 1202, 1589, 'randomDate', 144),
(7944, 1202, 1589, 'randomDate', 148),
(7945, 1202, 1589, 'randomDate', 180),
(7946, 370, 1590, 'randomDate', 104),
(7947, 370, 1590, 'randomDate', 137),
(7948, 370, 1590, 'randomDate', 104),
(7949, 370, 1590, 'randomDate', 20),
(7950, 370, 1590, 'randomDate', 118),
(7951, 747, 1591, 'randomDate', 32),
(7952, 747, 1591, 'randomDate', 157),
(7953, 747, 1591, 'randomDate', 97),
(7954, 747, 1591, 'randomDate', 146),
(7955, 747, 1591, 'randomDate', 171),
(7956, 1175, 1592, 'randomDate', 1),
(7957, 1175, 1592, 'randomDate', 136),
(7958, 1175, 1592, 'randomDate', 94),
(7959, 1175, 1592, 'randomDate', 64),
(7960, 1175, 1592, 'randomDate', 137),
(7961, 742, 1593, 'randomDate', 159),
(7962, 742, 1593, 'randomDate', 110),
(7963, 742, 1593, 'randomDate', 121),
(7964, 742, 1593, 'randomDate', 178),
(7965, 742, 1593, 'randomDate', 169),
(7966, 253, 1594, 'randomDate', 111),
(7967, 253, 1594, 'randomDate', 23),
(7968, 253, 1594, 'randomDate', 45),
(7969, 253, 1594, 'randomDate', 6),
(7970, 253, 1594, 'randomDate', 175),
(7971, 16, 1595, 'randomDate', 119),
(7972, 16, 1595, 'randomDate', 145),
(7973, 16, 1595, 'randomDate', 108),
(7974, 16, 1595, 'randomDate', 83),
(7975, 16, 1595, 'randomDate', 47),
(7976, 477, 1596, 'randomDate', 66),
(7977, 477, 1596, 'randomDate', 41),
(7978, 477, 1596, 'randomDate', 26),
(7979, 477, 1596, 'randomDate', 52),
(7980, 477, 1596, 'randomDate', 53),
(7981, 698, 1597, 'randomDate', 164),
(7982, 698, 1597, 'randomDate', 143),
(7983, 698, 1597, 'randomDate', 191),
(7984, 698, 1597, 'randomDate', 32),
(7985, 698, 1597, 'randomDate', 44),
(7986, 1187, 1598, 'randomDate', 25),
(7987, 1187, 1598, 'randomDate', 118),
(7988, 1187, 1598, 'randomDate', 91),
(7989, 1187, 1598, 'randomDate', 131),
(7990, 1187, 1598, 'randomDate', 127),
(7991, 22, 1599, 'randomDate', 173),
(7992, 22, 1599, 'randomDate', 188),
(7993, 22, 1599, 'randomDate', 93),
(7994, 22, 1599, 'randomDate', 107),
(7995, 22, 1599, 'randomDate', 107),
(7996, 926, 1600, 'randomDate', 191),
(7997, 926, 1600, 'randomDate', 51),
(7998, 926, 1600, 'randomDate', 134),
(7999, 926, 1600, 'randomDate', 199),
(8000, 926, 1600, 'randomDate', 52),
(8001, 347, 1601, 'randomDate', 188),
(8002, 347, 1601, 'randomDate', 119),
(8003, 347, 1601, 'randomDate', 17),
(8004, 347, 1601, 'randomDate', 114),
(8005, 347, 1601, 'randomDate', 132),
(8006, 173, 1602, 'randomDate', 103),
(8007, 173, 1602, 'randomDate', 166),
(8008, 173, 1602, 'randomDate', 189),
(8009, 173, 1602, 'randomDate', 117),
(8010, 173, 1602, 'randomDate', 129),
(8011, 957, 1603, 'randomDate', 67),
(8012, 957, 1603, 'randomDate', 149),
(8013, 957, 1603, 'randomDate', 73),
(8014, 957, 1603, 'randomDate', 67),
(8015, 957, 1603, 'randomDate', 39),
(8016, 432, 1604, 'randomDate', 43),
(8017, 432, 1604, 'randomDate', 95),
(8018, 432, 1604, 'randomDate', 158),
(8019, 432, 1604, 'randomDate', 113),
(8020, 432, 1604, 'randomDate', 3),
(8021, 792, 1605, 'randomDate', 194),
(8022, 792, 1605, 'randomDate', 112),
(8023, 792, 1605, 'randomDate', 100),
(8024, 792, 1605, 'randomDate', 77),
(8025, 792, 1605, 'randomDate', 171),
(8026, 893, 1606, 'randomDate', 7),
(8027, 893, 1606, 'randomDate', 152),
(8028, 893, 1606, 'randomDate', 106),
(8029, 893, 1606, 'randomDate', 34),
(8030, 893, 1606, 'randomDate', 18),
(8031, 1186, 1607, 'randomDate', 148),
(8032, 1186, 1607, 'randomDate', 90),
(8033, 1186, 1607, 'randomDate', 149),
(8034, 1186, 1607, 'randomDate', 53),
(8035, 1186, 1607, 'randomDate', 168),
(8036, 1161, 1608, 'randomDate', 54),
(8037, 1161, 1608, 'randomDate', 181),
(8038, 1161, 1608, 'randomDate', 64),
(8039, 1161, 1608, 'randomDate', 190),
(8040, 1161, 1608, 'randomDate', 84),
(8041, 95, 1609, 'randomDate', 36),
(8042, 95, 1609, 'randomDate', 83),
(8043, 95, 1609, 'randomDate', 12),
(8044, 95, 1609, 'randomDate', 95),
(8045, 95, 1609, 'randomDate', 21),
(8046, 349, 1610, 'randomDate', 93),
(8047, 349, 1610, 'randomDate', 138),
(8048, 349, 1610, 'randomDate', 7),
(8049, 349, 1610, 'randomDate', 109),
(8050, 349, 1610, 'randomDate', 190),
(8051, 901, 1611, 'randomDate', 46),
(8052, 901, 1611, 'randomDate', 112),
(8053, 901, 1611, 'randomDate', 79),
(8054, 901, 1611, 'randomDate', 145),
(8055, 901, 1611, 'randomDate', 51),
(8056, 1024, 1612, 'randomDate', 96),
(8057, 1024, 1612, 'randomDate', 127),
(8058, 1024, 1612, 'randomDate', 185),
(8059, 1024, 1612, 'randomDate', 150),
(8060, 1024, 1612, 'randomDate', 32),
(8061, 573, 1613, 'randomDate', 14),
(8062, 573, 1613, 'randomDate', 31),
(8063, 573, 1613, 'randomDate', 6),
(8064, 573, 1613, 'randomDate', 71),
(8065, 573, 1613, 'randomDate', 109),
(8066, 1007, 1614, 'randomDate', 131),
(8067, 1007, 1614, 'randomDate', 35),
(8068, 1007, 1614, 'randomDate', 122),
(8069, 1007, 1614, 'randomDate', 67),
(8070, 1007, 1614, 'randomDate', 95),
(8071, 898, 1615, 'randomDate', 191),
(8072, 898, 1615, 'randomDate', 122),
(8073, 898, 1615, 'randomDate', 31),
(8074, 898, 1615, 'randomDate', 168),
(8075, 898, 1615, 'randomDate', 196),
(8076, 969, 1616, 'randomDate', 18),
(8077, 969, 1616, 'randomDate', 143),
(8078, 969, 1616, 'randomDate', 184),
(8079, 969, 1616, 'randomDate', 98),
(8080, 969, 1616, 'randomDate', 156),
(8081, 289, 1617, 'randomDate', 187),
(8082, 289, 1617, 'randomDate', 19),
(8083, 289, 1617, 'randomDate', 161),
(8084, 289, 1617, 'randomDate', 126),
(8085, 289, 1617, 'randomDate', 140),
(8086, 1085, 1618, 'randomDate', 103),
(8087, 1085, 1618, 'randomDate', 32),
(8088, 1085, 1618, 'randomDate', 191),
(8089, 1085, 1618, 'randomDate', 47),
(8090, 1085, 1618, 'randomDate', 111),
(8091, 153, 1619, 'randomDate', 29),
(8092, 153, 1619, 'randomDate', 154),
(8093, 153, 1619, 'randomDate', 150),
(8094, 153, 1619, 'randomDate', 112),
(8095, 153, 1619, 'randomDate', 103),
(8096, 124, 1620, 'randomDate', 85),
(8097, 124, 1620, 'randomDate', 105),
(8098, 124, 1620, 'randomDate', 52),
(8099, 124, 1620, 'randomDate', 168),
(8100, 124, 1620, 'randomDate', 188);

-- --------------------------------------------------------

--
-- Tablo için tablo yapısı `salesmans`
--

CREATE TABLE IF NOT EXISTS `salesmans` (
  `saleman_id` int(11) NOT NULL,
  `saleman_market_id` int(11) NOT NULL,
  `saleman_name` varchar(255) NOT NULL
) ENGINE=InnoDB AUTO_INCREMENT=2431 DEFAULT CHARSET=latin5;

--
-- Tablo döküm verisi `salesmans`
--

INSERT INTO `salesmans` (`saleman_id`, `saleman_market_id`, `saleman_name`) VALUES
(1, 1, 'AHMET KARA'),
(2, 1, 'EMİR KAAN ZEYLİ'),
(3, 1, 'İPEK KESKİN'),
(4, 2, 'ERHAN BAŞAR'),
(5, 2, 'MEHMET DENİZ TAŞDELEN'),
(6, 2, 'NİLAY BAĞCI'),
(7, 3, 'HİDAYET KELERCİOĞLU'),
(8, 3, 'MEHMET EMRAH HAMDEMİRCİ'),
(9, 3, 'EDA KOTTAŞ'),
(10, 4, 'ÇAVLAN TURAN'),
(11, 4, 'ÖZEN ÖZLEM GÜNEBAKAN'),
(12, 4, 'YASEMİN ÇELİK'),
(13, 5, 'YİĞİT TÜRKAY'),
(14, 5, 'MEHMET ÖREN'),
(15, 5, 'HASAN SÖKMEN'),
(16, 6, 'TEKİN SEVEN'),
(17, 6, 'ABİDE MERVE KÖKSAL'),
(18, 6, 'CEYDA BERBER'),
(19, 7, 'AHMET ERZURUM'),
(20, 7, 'FUNDA VAROL'),
(21, 7, 'UĞUR SÖKMEN'),
(22, 8, 'BİLGİN TOKAT'),
(23, 8, 'HAYRİYE AKAY'),
(24, 8, 'URAL YAVUZ'),
(25, 9, 'GÖKSEL SEVİMLİ'),
(26, 9, 'TUNCAY BÜYÜKKAL'),
(27, 9, 'ÖZGÜR EROĞLU'),
(28, 10, 'MÜJDAT DEMİRTAŞ'),
(29, 10, 'ASLI ÇAVLI'),
(30, 10, 'MAHMUT ESAT EROĞLU'),
(31, 11, 'FULYA YAVUZ SEZGİN'),
(32, 11, 'HASAN ÇİÇEK'),
(33, 11, 'DAMLA DOĞAN'),
(34, 12, 'TUBA AVCU'),
(35, 12, 'SERAY DOĞAN'),
(36, 12, 'ŞENAY ŞEN'),
(37, 13, 'YAVUZ SELİM KANKILIÇ'),
(38, 13, 'EMİR KAAN ŞAHİN'),
(39, 13, 'MUSTAFA ULAŞ ZAİM'),
(40, 14, 'MEHMET DENİZ OLGEN'),
(41, 14, 'HASAN ALTIN'),
(42, 14, 'EVRE SARIKAYA'),
(43, 15, 'OĞUZ KAĞAN PAKSOY'),
(44, 15, 'ERKİN DENİZ'),
(45, 15, 'SELİM KARDAŞ'),
(46, 16, 'AYHAN ÇOBAN'),
(47, 16, 'BARIŞ KÖKSAL'),
(48, 16, 'EZGİ GİZEM TEOMAN'),
(49, 17, 'İBRAHİM İPEK'),
(50, 17, 'ÜMRAN AK'),
(51, 17, 'BURAK İNSELÖZ'),
(52, 18, 'KADİR GÜMÜRDÜ'),
(53, 18, 'ASUMAN TAYFUR'),
(54, 18, 'MEHTAP ÖZMEN'),
(55, 19, 'YAŞAR BARBAROS ÖZGÜR'),
(56, 19, 'CAHİT ZEYLİ'),
(57, 19, 'ERDEM ÖRENÇ'),
(58, 20, 'SELMA KAHRAMAN'),
(59, 20, 'MEHMET EMRAH KAYA'),
(60, 20, 'NURAY ERAT'),
(61, 21, 'EDİP GÜVENÇ KARADUMAN'),
(62, 21, 'SEVDA DÜZGÜN'),
(63, 21, 'HİLAL TUNÇ'),
(64, 22, 'HASAN CİNBİZ'),
(65, 22, 'GÖZDE GİZEM KURALAY'),
(66, 22, 'İBRAHİM BAKLACI'),
(67, 23, 'TUBA KAYA'),
(68, 23, 'ENNUR OCAK'),
(69, 23, 'MÜŞERREF ALIM'),
(70, 24, 'IŞIK KARAKOYUNLU'),
(71, 24, 'SELAHATTİN KÖKSAL'),
(72, 24, 'RÜŞTÜ SELVAN'),
(73, 25, 'ZEHRA ÖZBEK'),
(74, 25, 'ERDEM ÇİMEN'),
(75, 25, 'ESRA DADALI'),
(76, 26, 'MÜBERRA DEĞİRMENCİ'),
(77, 26, 'HİKMET TAŞTEKİN'),
(78, 26, 'GÖKMEN TOMBUL'),
(79, 27, 'YAĞMUR ÖZCAN'),
(80, 27, 'TAYYAR ALP DOĞAN'),
(81, 27, 'FATİH BURULDAY'),
(82, 28, 'KERİME RUMEYSA ZAİM'),
(83, 28, 'MEDİHA KURT'),
(84, 28, 'YUSUF KARAKAYA'),
(85, 29, 'TAYFUN KÜTÜKOĞLU'),
(86, 29, 'İPEK GÜZELKÜÇÜK'),
(87, 29, 'TİMUÇİN GÖKTAŞ'),
(88, 30, 'PINAR KAVUKOĞLU'),
(89, 30, 'GÖZDE GİZEM KANKILIÇ'),
(90, 30, 'YUSUF PAKSOY'),
(91, 31, 'UMUT ÇİÇEK'),
(92, 31, 'VOLKAN FİLİZAY'),
(93, 31, 'TANSU KEVKİR'),
(94, 32, 'HANDAN ÇEÇEN'),
(95, 32, 'AYŞE KARABULUT'),
(96, 32, 'ŞERİFE KOYUNCU'),
(97, 33, 'DUYGU ALTAŞ'),
(98, 33, 'EVRE UTLU'),
(99, 33, 'YUSUF KAÇER'),
(100, 34, 'FATİH KANNECİ'),
(101, 34, 'SÜLEYMAN UZUN'),
(102, 34, 'ALP DAĞ'),
(103, 35, 'SERKAN ÖZCAN'),
(104, 35, 'YASEMİN ŞENCAN'),
(105, 35, 'TÜRKER TAŞ'),
(106, 36, 'İREM KARAKOYUNLU'),
(107, 36, 'ELİF NİHAL YILDIZ BULUT'),
(108, 36, 'MEHMET ÖZBEK'),
(109, 37, 'BARIŞ BAL'),
(110, 37, 'KURTULUŞ ÇAVLI'),
(111, 37, 'NECMİYE GÜL KANKILIÇ'),
(112, 38, 'BİLGİN ÖZGÜR'),
(113, 38, 'ŞEYMA MELİHA KOÇ'),
(114, 38, 'SANEM GÖKÇEN MERVE YILDIZ'),
(115, 39, 'DENİZ ARMAĞAN OLGEN'),
(116, 39, 'HARUN SAYIN'),
(117, 39, 'AHMET ORAK'),
(118, 40, 'ŞÜKRÜ EROĞLU'),
(119, 40, 'AKSEL DURSUN'),
(120, 40, 'MERT KOCA'),
(121, 41, 'YÜKSEL ŞAHİN'),
(122, 41, 'NESLİHAN SÜMER'),
(123, 41, 'TUTKU SEVİNÇ'),
(124, 42, 'ERKİN ALTAŞ'),
(125, 42, 'SELAHATTİN TAŞDELEN'),
(126, 42, 'BİNNUR ŞAHİN'),
(127, 43, 'NURCAN DEĞİRMENCİ'),
(128, 43, 'EZGİ ATİLLA'),
(129, 43, 'HACER KAYA'),
(130, 44, 'FERHAT TEHLİ'),
(131, 44, 'ÖMER DEMİR'),
(132, 44, 'SERDAR BAL'),
(133, 45, 'MEHMET HİLMİ VAROL'),
(134, 45, 'HÜSEYİN KALKAN EREL'),
(135, 45, 'BAKİ ÇELİK'),
(136, 46, 'HAMDİYE BARAN'),
(137, 46, 'EREM GÖKÇE'),
(138, 46, 'AHMET KARA'),
(139, 47, 'EMİR KAAN ZEYLİ'),
(140, 47, 'İPEK KESKİN'),
(141, 47, 'ERHAN BAŞAR'),
(142, 48, 'MEHMET DENİZ TAŞDELEN'),
(143, 48, 'NİLAY BAĞCI'),
(144, 48, 'HİDAYET KELERCİOĞLU'),
(145, 49, 'MEHMET EMRAH HAMDEMİRCİ'),
(146, 49, 'EDA KOTTAŞ'),
(147, 49, 'ÇAVLAN TURAN'),
(148, 50, 'ÖZEN ÖZLEM GÜNEBAKAN'),
(149, 50, 'YASEMİN ÇELİK'),
(150, 50, 'YİĞİT TÜRKAY'),
(151, 51, 'MEHMET ÖREN'),
(152, 51, 'HASAN SÖKMEN'),
(153, 51, 'TEKİN SEVEN'),
(154, 52, 'ABİDE MERVE KÖKSAL'),
(155, 52, 'CEYDA BERBER'),
(156, 52, 'AHMET ERZURUM'),
(157, 53, 'FUNDA VAROL'),
(158, 53, 'UĞUR SÖKMEN'),
(159, 53, 'BİLGİN TOKAT'),
(160, 54, 'HAYRİYE AKAY'),
(161, 54, 'URAL YAVUZ'),
(162, 54, 'GÖKSEL SEVİMLİ'),
(163, 55, 'TUNCAY BÜYÜKKAL'),
(164, 55, 'ÖZGÜR EROĞLU'),
(165, 55, 'MÜJDAT DEMİRTAŞ'),
(166, 56, 'ASLI ÇAVLI'),
(167, 56, 'MAHMUT ESAT EROĞLU'),
(168, 56, 'FULYA YAVUZ SEZGİN'),
(169, 57, 'HASAN ÇİÇEK'),
(170, 57, 'DAMLA DOĞAN'),
(171, 57, 'TUBA AVCU'),
(172, 58, 'SERAY DOĞAN'),
(173, 58, 'ŞENAY ŞEN'),
(174, 58, 'YAVUZ SELİM KANKILIÇ'),
(175, 59, 'EMİR KAAN ŞAHİN'),
(176, 59, 'MUSTAFA ULAŞ ZAİM'),
(177, 59, 'MEHMET DENİZ OLGEN'),
(178, 60, 'HASAN ALTIN'),
(179, 60, 'EVRE SARIKAYA'),
(180, 60, 'OĞUZ KAĞAN PAKSOY'),
(181, 61, 'ERKİN DENİZ'),
(182, 61, 'SELİM KARDAŞ'),
(183, 61, 'AYHAN ÇOBAN'),
(184, 62, 'BARIŞ KÖKSAL'),
(185, 62, 'EZGİ GİZEM TEOMAN'),
(186, 62, 'İBRAHİM İPEK'),
(187, 63, 'ÜMRAN AK'),
(188, 63, 'BURAK İNSELÖZ'),
(189, 63, 'KADİR GÜMÜRDÜ'),
(190, 64, 'ASUMAN TAYFUR'),
(191, 64, 'MEHTAP ÖZMEN'),
(192, 64, 'YAŞAR BARBAROS ÖZGÜR'),
(193, 65, 'CAHİT ZEYLİ'),
(194, 65, 'ERDEM ÖRENÇ'),
(195, 65, 'SELMA KAHRAMAN'),
(196, 66, 'MEHMET EMRAH KAYA'),
(197, 66, 'NURAY ERAT'),
(198, 66, 'EDİP GÜVENÇ KARADUMAN'),
(199, 67, 'SEVDA DÜZGÜN'),
(200, 67, 'HİLAL TUNÇ'),
(201, 67, 'HASAN CİNBİZ'),
(202, 68, 'GÖZDE GİZEM KURALAY'),
(203, 68, 'İBRAHİM BAKLACI'),
(204, 68, 'TUBA KAYA'),
(205, 69, 'ENNUR OCAK'),
(206, 69, 'MÜŞERREF ALIM'),
(207, 69, 'IŞIK KARAKOYUNLU'),
(208, 70, 'SELAHATTİN KÖKSAL'),
(209, 70, 'RÜŞTÜ SELVAN'),
(210, 70, 'ZEHRA ÖZBEK'),
(211, 71, 'ERDEM ÇİMEN'),
(212, 71, 'ESRA DADALI'),
(213, 71, 'MÜBERRA DEĞİRMENCİ'),
(214, 72, 'HİKMET TAŞTEKİN'),
(215, 72, 'GÖKMEN TOMBUL'),
(216, 72, 'YAĞMUR ÖZCAN'),
(217, 73, 'TAYYAR ALP DOĞAN'),
(218, 73, 'FATİH BURULDAY'),
(219, 73, 'KERİME RUMEYSA ZAİM'),
(220, 74, 'MEDİHA KURT'),
(221, 74, 'YUSUF KARAKAYA'),
(222, 74, 'TAYFUN KÜTÜKOĞLU'),
(223, 75, 'İPEK GÜZELKÜÇÜK'),
(224, 75, 'TİMUÇİN GÖKTAŞ'),
(225, 75, 'PINAR KAVUKOĞLU'),
(226, 76, 'GÖZDE GİZEM KANKILIÇ'),
(227, 76, 'YUSUF PAKSOY'),
(228, 76, 'UMUT ÇİÇEK'),
(229, 77, 'VOLKAN FİLİZAY'),
(230, 77, 'TANSU KEVKİR'),
(231, 77, 'HANDAN ÇEÇEN'),
(232, 78, 'AYŞE KARABULUT'),
(233, 78, 'ŞERİFE KOYUNCU'),
(234, 78, 'DUYGU ALTAŞ'),
(235, 79, 'EVRE UTLU'),
(236, 79, 'YUSUF KAÇER'),
(237, 79, 'FATİH KANNECİ'),
(238, 80, 'SÜLEYMAN UZUN'),
(239, 80, 'ALP DAĞ'),
(240, 80, 'SERKAN ÖZCAN'),
(241, 81, 'YASEMİN ŞENCAN'),
(242, 81, 'TÜRKER TAŞ'),
(243, 81, 'İREM KARAKOYUNLU'),
(244, 82, 'ELİF NİHAL YILDIZ BULUT'),
(245, 82, 'MEHMET ÖZBEK'),
(246, 82, 'BARIŞ BAL'),
(247, 83, 'KURTULUŞ ÇAVLI'),
(248, 83, 'NECMİYE GÜL KANKILIÇ'),
(249, 83, 'BİLGİN ÖZGÜR'),
(250, 84, 'ŞEYMA MELİHA KOÇ'),
(251, 84, 'SANEM GÖKÇEN MERVE YILDIZ'),
(252, 84, 'DENİZ ARMAĞAN OLGEN'),
(253, 85, 'HARUN SAYIN'),
(254, 85, 'AHMET ORAK'),
(255, 85, 'ŞÜKRÜ EROĞLU'),
(256, 86, 'AKSEL DURSUN'),
(257, 86, 'MERT KOCA'),
(258, 86, 'YÜKSEL ŞAHİN'),
(259, 87, 'NESLİHAN SÜMER'),
(260, 87, 'TUTKU SEVİNÇ'),
(261, 87, 'ERKİN ALTAŞ'),
(262, 88, 'SELAHATTİN TAŞDELEN'),
(263, 88, 'BİNNUR ŞAHİN'),
(264, 88, 'NURCAN DEĞİRMENCİ'),
(265, 89, 'EZGİ ATİLLA'),
(266, 89, 'HACER KAYA'),
(267, 89, 'FERHAT TEHLİ'),
(268, 90, 'ÖMER DEMİR'),
(269, 90, 'SERDAR BAL'),
(270, 90, 'MEHMET HİLMİ VAROL'),
(271, 91, 'HÜSEYİN KALKAN EREL'),
(272, 91, 'BAKİ ÇELİK'),
(273, 91, 'HAMDİYE BARAN'),
(274, 92, 'EREM GÖKÇE'),
(275, 92, 'AHMET KARA'),
(276, 92, 'EMİR KAAN ZEYLİ'),
(277, 93, 'İPEK KESKİN'),
(278, 93, 'ERHAN BAŞAR'),
(279, 93, 'MEHMET DENİZ TAŞDELEN'),
(280, 94, 'NİLAY BAĞCI'),
(281, 94, 'HİDAYET KELERCİOĞLU'),
(282, 94, 'MEHMET EMRAH HAMDEMİRCİ'),
(283, 95, 'EDA KOTTAŞ'),
(284, 95, 'ÇAVLAN TURAN'),
(285, 95, 'ÖZEN ÖZLEM GÜNEBAKAN'),
(286, 96, 'YASEMİN ÇELİK'),
(287, 96, 'YİĞİT TÜRKAY'),
(288, 96, 'MEHMET ÖREN'),
(289, 97, 'HASAN SÖKMEN'),
(290, 97, 'TEKİN SEVEN'),
(291, 97, 'ABİDE MERVE KÖKSAL'),
(292, 98, 'CEYDA BERBER'),
(293, 98, 'AHMET ERZURUM'),
(294, 98, 'FUNDA VAROL'),
(295, 99, 'UĞUR SÖKMEN'),
(296, 99, 'BİLGİN TOKAT'),
(297, 99, 'HAYRİYE AKAY'),
(298, 100, 'URAL YAVUZ'),
(299, 100, 'GÖKSEL SEVİMLİ'),
(300, 100, 'TUNCAY BÜYÜKKAL'),
(301, 101, 'ÖZGÜR EROĞLU'),
(302, 101, 'MÜJDAT DEMİRTAŞ'),
(303, 101, 'ASLI ÇAVLI'),
(304, 102, 'MAHMUT ESAT EROĞLU'),
(305, 102, 'FULYA YAVUZ SEZGİN'),
(306, 102, 'HASAN ÇİÇEK'),
(307, 103, 'DAMLA DOĞAN'),
(308, 103, 'TUBA AVCU'),
(309, 103, 'SERAY DOĞAN'),
(310, 104, 'ŞENAY ŞEN'),
(311, 104, 'YAVUZ SELİM KANKILIÇ'),
(312, 104, 'EMİR KAAN ŞAHİN'),
(313, 105, 'MUSTAFA ULAŞ ZAİM'),
(314, 105, 'MEHMET DENİZ OLGEN'),
(315, 105, 'HASAN ALTIN'),
(316, 106, 'EVRE SARIKAYA'),
(317, 106, 'OĞUZ KAĞAN PAKSOY'),
(318, 106, 'ERKİN DENİZ'),
(319, 107, 'SELİM KARDAŞ'),
(320, 107, 'AYHAN ÇOBAN'),
(321, 107, 'BARIŞ KÖKSAL'),
(322, 108, 'EZGİ GİZEM TEOMAN'),
(323, 108, 'İBRAHİM İPEK'),
(324, 108, 'ÜMRAN AK'),
(325, 109, 'BURAK İNSELÖZ'),
(326, 109, 'KADİR GÜMÜRDÜ'),
(327, 109, 'ASUMAN TAYFUR'),
(328, 110, 'MEHTAP ÖZMEN'),
(329, 110, 'YAŞAR BARBAROS ÖZGÜR'),
(330, 110, 'CAHİT ZEYLİ'),
(331, 111, 'ERDEM ÖRENÇ'),
(332, 111, 'SELMA KAHRAMAN'),
(333, 111, 'MEHMET EMRAH KAYA'),
(334, 112, 'NURAY ERAT'),
(335, 112, 'EDİP GÜVENÇ KARADUMAN'),
(336, 112, 'SEVDA DÜZGÜN'),
(337, 113, 'HİLAL TUNÇ'),
(338, 113, 'HASAN CİNBİZ'),
(339, 113, 'GÖZDE GİZEM KURALAY'),
(340, 114, 'İBRAHİM BAKLACI'),
(341, 114, 'TUBA KAYA'),
(342, 114, 'ENNUR OCAK'),
(343, 115, 'MÜŞERREF ALIM'),
(344, 115, 'IŞIK KARAKOYUNLU'),
(345, 115, 'SELAHATTİN KÖKSAL'),
(346, 116, 'RÜŞTÜ SELVAN'),
(347, 116, 'ZEHRA ÖZBEK'),
(348, 116, 'ERDEM ÇİMEN'),
(349, 117, 'ESRA DADALI'),
(350, 117, 'MÜBERRA DEĞİRMENCİ'),
(351, 117, 'HİKMET TAŞTEKİN'),
(352, 118, 'GÖKMEN TOMBUL'),
(353, 118, 'YAĞMUR ÖZCAN'),
(354, 118, 'TAYYAR ALP DOĞAN'),
(355, 119, 'FATİH BURULDAY'),
(356, 119, 'KERİME RUMEYSA ZAİM'),
(357, 119, 'MEDİHA KURT'),
(358, 120, 'YUSUF KARAKAYA'),
(359, 120, 'TAYFUN KÜTÜKOĞLU'),
(360, 120, 'İPEK GÜZELKÜÇÜK'),
(361, 121, 'TİMUÇİN GÖKTAŞ'),
(362, 121, 'PINAR KAVUKOĞLU'),
(363, 121, 'GÖZDE GİZEM KANKILIÇ'),
(364, 122, 'YUSUF PAKSOY'),
(365, 122, 'UMUT ÇİÇEK'),
(366, 122, 'VOLKAN FİLİZAY'),
(367, 123, 'TANSU KEVKİR'),
(368, 123, 'HANDAN ÇEÇEN'),
(369, 123, 'AYŞE KARABULUT'),
(370, 124, 'ŞERİFE KOYUNCU'),
(371, 124, 'DUYGU ALTAŞ'),
(372, 124, 'EVRE UTLU'),
(373, 125, 'YUSUF KAÇER'),
(374, 125, 'FATİH KANNECİ'),
(375, 125, 'SÜLEYMAN UZUN'),
(376, 126, 'ALP DAĞ'),
(377, 126, 'SERKAN ÖZCAN'),
(378, 126, 'YASEMİN ŞENCAN'),
(379, 127, 'TÜRKER TAŞ'),
(380, 127, 'İREM KARAKOYUNLU'),
(381, 127, 'ELİF NİHAL YILDIZ BULUT'),
(382, 128, 'MEHMET ÖZBEK'),
(383, 128, 'BARIŞ BAL'),
(384, 128, 'KURTULUŞ ÇAVLI'),
(385, 129, 'NECMİYE GÜL KANKILIÇ'),
(386, 129, 'BİLGİN ÖZGÜR'),
(387, 129, 'ŞEYMA MELİHA KOÇ'),
(388, 130, 'SANEM GÖKÇEN MERVE YILDIZ'),
(389, 130, 'DENİZ ARMAĞAN OLGEN'),
(390, 130, 'HARUN SAYIN'),
(391, 131, 'AHMET ORAK'),
(392, 131, 'ŞÜKRÜ EROĞLU'),
(393, 131, 'AKSEL DURSUN'),
(394, 132, 'MERT KOCA'),
(395, 132, 'YÜKSEL ŞAHİN'),
(396, 132, 'NESLİHAN SÜMER'),
(397, 133, 'TUTKU SEVİNÇ'),
(398, 133, 'ERKİN ALTAŞ'),
(399, 133, 'SELAHATTİN TAŞDELEN'),
(400, 134, 'BİNNUR ŞAHİN'),
(401, 134, 'NURCAN DEĞİRMENCİ'),
(402, 134, 'EZGİ ATİLLA'),
(403, 135, 'HACER KAYA'),
(404, 135, 'FERHAT TEHLİ'),
(405, 135, 'ÖMER DEMİR'),
(406, 136, 'SERDAR BAL'),
(407, 136, 'MEHMET HİLMİ VAROL'),
(408, 136, 'HÜSEYİN KALKAN EREL'),
(409, 137, 'BAKİ ÇELİK'),
(410, 137, 'HAMDİYE BARAN'),
(411, 137, 'EREM GÖKÇE'),
(412, 138, 'AHMET KARA'),
(413, 138, 'EMİR KAAN ZEYLİ'),
(414, 138, 'İPEK KESKİN'),
(415, 139, 'ERHAN BAŞAR'),
(416, 139, 'MEHMET DENİZ TAŞDELEN'),
(417, 139, 'NİLAY BAĞCI'),
(418, 140, 'HİDAYET KELERCİOĞLU'),
(419, 140, 'MEHMET EMRAH HAMDEMİRCİ'),
(420, 140, 'EDA KOTTAŞ'),
(421, 141, 'ÇAVLAN TURAN'),
(422, 141, 'ÖZEN ÖZLEM GÜNEBAKAN'),
(423, 141, 'YASEMİN ÇELİK'),
(424, 142, 'YİĞİT TÜRKAY'),
(425, 142, 'MEHMET ÖREN'),
(426, 142, 'HASAN SÖKMEN'),
(427, 143, 'TEKİN SEVEN'),
(428, 143, 'ABİDE MERVE KÖKSAL'),
(429, 143, 'CEYDA BERBER'),
(430, 144, 'AHMET ERZURUM'),
(431, 144, 'FUNDA VAROL'),
(432, 144, 'UĞUR SÖKMEN'),
(433, 145, 'BİLGİN TOKAT'),
(434, 145, 'HAYRİYE AKAY'),
(435, 145, 'URAL YAVUZ'),
(436, 146, 'GÖKSEL SEVİMLİ'),
(437, 146, 'TUNCAY BÜYÜKKAL'),
(438, 146, 'ÖZGÜR EROĞLU'),
(439, 147, 'MÜJDAT DEMİRTAŞ'),
(440, 147, 'ASLI ÇAVLI'),
(441, 147, 'MAHMUT ESAT EROĞLU'),
(442, 148, 'FULYA YAVUZ SEZGİN'),
(443, 148, 'HASAN ÇİÇEK'),
(444, 148, 'DAMLA DOĞAN'),
(445, 149, 'TUBA AVCU'),
(446, 149, 'SERAY DOĞAN'),
(447, 149, 'ŞENAY ŞEN'),
(448, 150, 'YAVUZ SELİM KANKILIÇ'),
(449, 150, 'EMİR KAAN ŞAHİN'),
(450, 150, 'MUSTAFA ULAŞ ZAİM'),
(451, 151, 'MEHMET DENİZ OLGEN'),
(452, 151, 'HASAN ALTIN'),
(453, 151, 'EVRE SARIKAYA'),
(454, 152, 'OĞUZ KAĞAN PAKSOY'),
(455, 152, 'ERKİN DENİZ'),
(456, 152, 'SELİM KARDAŞ'),
(457, 153, 'AYHAN ÇOBAN'),
(458, 153, 'BARIŞ KÖKSAL'),
(459, 153, 'EZGİ GİZEM TEOMAN'),
(460, 154, 'İBRAHİM İPEK'),
(461, 154, 'ÜMRAN AK'),
(462, 154, 'BURAK İNSELÖZ'),
(463, 155, 'KADİR GÜMÜRDÜ'),
(464, 155, 'ASUMAN TAYFUR'),
(465, 155, 'MEHTAP ÖZMEN'),
(466, 156, 'YAŞAR BARBAROS ÖZGÜR'),
(467, 156, 'CAHİT ZEYLİ'),
(468, 156, 'ERDEM ÖRENÇ'),
(469, 157, 'SELMA KAHRAMAN'),
(470, 157, 'MEHMET EMRAH KAYA'),
(471, 157, 'NURAY ERAT'),
(472, 158, 'EDİP GÜVENÇ KARADUMAN'),
(473, 158, 'SEVDA DÜZGÜN'),
(474, 158, 'HİLAL TUNÇ'),
(475, 159, 'HASAN CİNBİZ'),
(476, 159, 'GÖZDE GİZEM KURALAY'),
(477, 159, 'İBRAHİM BAKLACI'),
(478, 160, 'TUBA KAYA'),
(479, 160, 'ENNUR OCAK'),
(480, 160, 'MÜŞERREF ALIM'),
(481, 161, 'IŞIK KARAKOYUNLU'),
(482, 161, 'SELAHATTİN KÖKSAL'),
(483, 161, 'RÜŞTÜ SELVAN'),
(484, 162, 'ZEHRA ÖZBEK'),
(485, 162, 'ERDEM ÇİMEN'),
(486, 162, 'ESRA DADALI'),
(487, 163, 'MÜBERRA DEĞİRMENCİ'),
(488, 163, 'HİKMET TAŞTEKİN'),
(489, 163, 'GÖKMEN TOMBUL'),
(490, 164, 'YAĞMUR ÖZCAN'),
(491, 164, 'TAYYAR ALP DOĞAN'),
(492, 164, 'FATİH BURULDAY'),
(493, 165, 'KERİME RUMEYSA ZAİM'),
(494, 165, 'MEDİHA KURT'),
(495, 165, 'YUSUF KARAKAYA'),
(496, 166, 'TAYFUN KÜTÜKOĞLU'),
(497, 166, 'İPEK GÜZELKÜÇÜK'),
(498, 166, 'TİMUÇİN GÖKTAŞ'),
(499, 167, 'PINAR KAVUKOĞLU'),
(500, 167, 'GÖZDE GİZEM KANKILIÇ'),
(501, 167, 'YUSUF PAKSOY'),
(502, 168, 'UMUT ÇİÇEK'),
(503, 168, 'VOLKAN FİLİZAY'),
(504, 168, 'TANSU KEVKİR'),
(505, 169, 'HANDAN ÇEÇEN'),
(506, 169, 'AYŞE KARABULUT'),
(507, 169, 'ŞERİFE KOYUNCU'),
(508, 170, 'DUYGU ALTAŞ'),
(509, 170, 'EVRE UTLU'),
(510, 170, 'YUSUF KAÇER'),
(511, 171, 'FATİH KANNECİ'),
(512, 171, 'SÜLEYMAN UZUN'),
(513, 171, 'ALP DAĞ'),
(514, 172, 'SERKAN ÖZCAN'),
(515, 172, 'YASEMİN ŞENCAN'),
(516, 172, 'TÜRKER TAŞ'),
(517, 173, 'İREM KARAKOYUNLU'),
(518, 173, 'ELİF NİHAL YILDIZ BULUT'),
(519, 173, 'MEHMET ÖZBEK'),
(520, 174, 'BARIŞ BAL'),
(521, 174, 'KURTULUŞ ÇAVLI'),
(522, 174, 'NECMİYE GÜL KANKILIÇ'),
(523, 175, 'BİLGİN ÖZGÜR'),
(524, 175, 'ŞEYMA MELİHA KOÇ'),
(525, 175, 'SANEM GÖKÇEN MERVE YILDIZ'),
(526, 176, 'DENİZ ARMAĞAN OLGEN'),
(527, 176, 'HARUN SAYIN'),
(528, 176, 'AHMET ORAK'),
(529, 177, 'ŞÜKRÜ EROĞLU'),
(530, 177, 'AKSEL DURSUN'),
(531, 177, 'MERT KOCA'),
(532, 178, 'YÜKSEL ŞAHİN'),
(533, 178, 'NESLİHAN SÜMER'),
(534, 178, 'TUTKU SEVİNÇ'),
(535, 179, 'ERKİN ALTAŞ'),
(536, 179, 'SELAHATTİN TAŞDELEN'),
(537, 179, 'BİNNUR ŞAHİN'),
(538, 180, 'NURCAN DEĞİRMENCİ'),
(539, 180, 'EZGİ ATİLLA'),
(540, 180, 'HACER KAYA'),
(541, 181, 'FERHAT TEHLİ'),
(542, 181, 'ÖMER DEMİR'),
(543, 181, 'SERDAR BAL'),
(544, 182, 'MEHMET HİLMİ VAROL'),
(545, 182, 'HÜSEYİN KALKAN EREL'),
(546, 182, 'BAKİ ÇELİK'),
(547, 183, 'HAMDİYE BARAN'),
(548, 183, 'EREM GÖKÇE'),
(549, 183, 'AHMET KARA'),
(550, 184, 'EMİR KAAN ZEYLİ'),
(551, 184, 'İPEK KESKİN'),
(552, 184, 'ERHAN BAŞAR'),
(553, 185, 'MEHMET DENİZ TAŞDELEN'),
(554, 185, 'NİLAY BAĞCI'),
(555, 185, 'HİDAYET KELERCİOĞLU'),
(556, 186, 'MEHMET EMRAH HAMDEMİRCİ'),
(557, 186, 'EDA KOTTAŞ'),
(558, 186, 'ÇAVLAN TURAN'),
(559, 187, 'ÖZEN ÖZLEM GÜNEBAKAN'),
(560, 187, 'YASEMİN ÇELİK'),
(561, 187, 'YİĞİT TÜRKAY'),
(562, 188, 'MEHMET ÖREN'),
(563, 188, 'HASAN SÖKMEN'),
(564, 188, 'TEKİN SEVEN'),
(565, 189, 'ABİDE MERVE KÖKSAL'),
(566, 189, 'CEYDA BERBER'),
(567, 189, 'AHMET ERZURUM'),
(568, 190, 'FUNDA VAROL'),
(569, 190, 'UĞUR SÖKMEN'),
(570, 190, 'BİLGİN TOKAT'),
(571, 191, 'HAYRİYE AKAY'),
(572, 191, 'URAL YAVUZ'),
(573, 191, 'GÖKSEL SEVİMLİ'),
(574, 192, 'TUNCAY BÜYÜKKAL'),
(575, 192, 'ÖZGÜR EROĞLU'),
(576, 192, 'MÜJDAT DEMİRTAŞ'),
(577, 193, 'ASLI ÇAVLI'),
(578, 193, 'MAHMUT ESAT EROĞLU'),
(579, 193, 'FULYA YAVUZ SEZGİN'),
(580, 194, 'HASAN ÇİÇEK'),
(581, 194, 'DAMLA DOĞAN'),
(582, 194, 'TUBA AVCU'),
(583, 195, 'SERAY DOĞAN'),
(584, 195, 'ŞENAY ŞEN'),
(585, 195, 'YAVUZ SELİM KANKILIÇ'),
(586, 196, 'EMİR KAAN ŞAHİN'),
(587, 196, 'MUSTAFA ULAŞ ZAİM'),
(588, 196, 'MEHMET DENİZ OLGEN'),
(589, 197, 'HASAN ALTIN'),
(590, 197, 'EVRE SARIKAYA'),
(591, 197, 'OĞUZ KAĞAN PAKSOY'),
(592, 198, 'ERKİN DENİZ'),
(593, 198, 'SELİM KARDAŞ'),
(594, 198, 'AYHAN ÇOBAN'),
(595, 199, 'BARIŞ KÖKSAL'),
(596, 199, 'EZGİ GİZEM TEOMAN'),
(597, 199, 'İBRAHİM İPEK'),
(598, 200, 'ÜMRAN AK'),
(599, 200, 'BURAK İNSELÖZ'),
(600, 200, 'KADİR GÜMÜRDÜ'),
(601, 201, 'ASUMAN TAYFUR'),
(602, 201, 'MEHTAP ÖZMEN'),
(603, 201, 'YAŞAR BARBAROS ÖZGÜR'),
(604, 202, 'CAHİT ZEYLİ'),
(605, 202, 'ERDEM ÖRENÇ'),
(606, 202, 'SELMA KAHRAMAN'),
(607, 203, 'MEHMET EMRAH KAYA'),
(608, 203, 'NURAY ERAT'),
(609, 203, 'EDİP GÜVENÇ KARADUMAN'),
(610, 204, 'SEVDA DÜZGÜN'),
(611, 204, 'HİLAL TUNÇ'),
(612, 204, 'HASAN CİNBİZ'),
(613, 205, 'GÖZDE GİZEM KURALAY'),
(614, 205, 'İBRAHİM BAKLACI'),
(615, 205, 'TUBA KAYA'),
(616, 206, 'ENNUR OCAK'),
(617, 206, 'MÜŞERREF ALIM'),
(618, 206, 'IŞIK KARAKOYUNLU'),
(619, 207, 'SELAHATTİN KÖKSAL'),
(620, 207, 'RÜŞTÜ SELVAN'),
(621, 207, 'ZEHRA ÖZBEK'),
(622, 208, 'ERDEM ÇİMEN'),
(623, 208, 'ESRA DADALI'),
(624, 208, 'MÜBERRA DEĞİRMENCİ'),
(625, 209, 'HİKMET TAŞTEKİN'),
(626, 209, 'GÖKMEN TOMBUL'),
(627, 209, 'YAĞMUR ÖZCAN'),
(628, 210, 'TAYYAR ALP DOĞAN'),
(629, 210, 'FATİH BURULDAY'),
(630, 210, 'KERİME RUMEYSA ZAİM'),
(631, 211, 'MEDİHA KURT'),
(632, 211, 'YUSUF KARAKAYA'),
(633, 211, 'TAYFUN KÜTÜKOĞLU'),
(634, 212, 'İPEK GÜZELKÜÇÜK'),
(635, 212, 'TİMUÇİN GÖKTAŞ'),
(636, 212, 'PINAR KAVUKOĞLU'),
(637, 213, 'GÖZDE GİZEM KANKILIÇ'),
(638, 213, 'YUSUF PAKSOY'),
(639, 213, 'UMUT ÇİÇEK'),
(640, 214, 'VOLKAN FİLİZAY'),
(641, 214, 'TANSU KEVKİR'),
(642, 214, 'HANDAN ÇEÇEN'),
(643, 215, 'AYŞE KARABULUT'),
(644, 215, 'ŞERİFE KOYUNCU'),
(645, 215, 'DUYGU ALTAŞ'),
(646, 216, 'EVRE UTLU'),
(647, 216, 'YUSUF KAÇER'),
(648, 216, 'FATİH KANNECİ'),
(649, 217, 'SÜLEYMAN UZUN'),
(650, 217, 'ALP DAĞ'),
(651, 217, 'SERKAN ÖZCAN'),
(652, 218, 'YASEMİN ŞENCAN'),
(653, 218, 'TÜRKER TAŞ'),
(654, 218, 'İREM KARAKOYUNLU'),
(655, 219, 'ELİF NİHAL YILDIZ BULUT'),
(656, 219, 'MEHMET ÖZBEK'),
(657, 219, 'BARIŞ BAL'),
(658, 220, 'KURTULUŞ ÇAVLI'),
(659, 220, 'NECMİYE GÜL KANKILIÇ'),
(660, 220, 'BİLGİN ÖZGÜR'),
(661, 221, 'ŞEYMA MELİHA KOÇ'),
(662, 221, 'SANEM GÖKÇEN MERVE YILDIZ'),
(663, 221, 'DENİZ ARMAĞAN OLGEN'),
(664, 222, 'HARUN SAYIN'),
(665, 222, 'AHMET ORAK'),
(666, 222, 'ŞÜKRÜ EROĞLU'),
(667, 223, 'AKSEL DURSUN'),
(668, 223, 'MERT KOCA'),
(669, 223, 'YÜKSEL ŞAHİN'),
(670, 224, 'NESLİHAN SÜMER'),
(671, 224, 'TUTKU SEVİNÇ'),
(672, 224, 'ERKİN ALTAŞ'),
(673, 225, 'SELAHATTİN TAŞDELEN'),
(674, 225, 'BİNNUR ŞAHİN'),
(675, 225, 'NURCAN DEĞİRMENCİ'),
(676, 226, 'EZGİ ATİLLA'),
(677, 226, 'HACER KAYA'),
(678, 226, 'FERHAT TEHLİ'),
(679, 227, 'ÖMER DEMİR'),
(680, 227, 'SERDAR BAL'),
(681, 227, 'MEHMET HİLMİ VAROL'),
(682, 228, 'HÜSEYİN KALKAN EREL'),
(683, 228, 'BAKİ ÇELİK'),
(684, 228, 'HAMDİYE BARAN'),
(685, 229, 'EREM GÖKÇE'),
(686, 229, 'AHMET KARA'),
(687, 229, 'EMİR KAAN ZEYLİ'),
(688, 230, 'İPEK KESKİN'),
(689, 230, 'ERHAN BAŞAR'),
(690, 230, 'MEHMET DENİZ TAŞDELEN'),
(691, 231, 'NİLAY BAĞCI'),
(692, 231, 'HİDAYET KELERCİOĞLU'),
(693, 231, 'MEHMET EMRAH HAMDEMİRCİ'),
(694, 232, 'EDA KOTTAŞ'),
(695, 232, 'ÇAVLAN TURAN'),
(696, 232, 'ÖZEN ÖZLEM GÜNEBAKAN'),
(697, 233, 'YASEMİN ÇELİK'),
(698, 233, 'YİĞİT TÜRKAY'),
(699, 233, 'MEHMET ÖREN'),
(700, 234, 'HASAN SÖKMEN'),
(701, 234, 'TEKİN SEVEN'),
(702, 234, 'ABİDE MERVE KÖKSAL'),
(703, 235, 'CEYDA BERBER'),
(704, 235, 'AHMET ERZURUM'),
(705, 235, 'FUNDA VAROL'),
(706, 236, 'UĞUR SÖKMEN'),
(707, 236, 'BİLGİN TOKAT'),
(708, 236, 'HAYRİYE AKAY'),
(709, 237, 'URAL YAVUZ'),
(710, 237, 'GÖKSEL SEVİMLİ'),
(711, 237, 'TUNCAY BÜYÜKKAL'),
(712, 238, 'ÖZGÜR EROĞLU'),
(713, 238, 'MÜJDAT DEMİRTAŞ'),
(714, 238, 'ASLI ÇAVLI'),
(715, 239, 'MAHMUT ESAT EROĞLU'),
(716, 239, 'FULYA YAVUZ SEZGİN'),
(717, 239, 'HASAN ÇİÇEK'),
(718, 240, 'DAMLA DOĞAN'),
(719, 240, 'TUBA AVCU'),
(720, 240, 'SERAY DOĞAN'),
(721, 241, 'ŞENAY ŞEN'),
(722, 241, 'YAVUZ SELİM KANKILIÇ'),
(723, 241, 'EMİR KAAN ŞAHİN'),
(724, 242, 'MUSTAFA ULAŞ ZAİM'),
(725, 242, 'MEHMET DENİZ OLGEN'),
(726, 242, 'HASAN ALTIN'),
(727, 243, 'EVRE SARIKAYA'),
(728, 243, 'OĞUZ KAĞAN PAKSOY'),
(729, 243, 'ERKİN DENİZ'),
(730, 244, 'SELİM KARDAŞ'),
(731, 244, 'AYHAN ÇOBAN'),
(732, 244, 'BARIŞ KÖKSAL'),
(733, 245, 'EZGİ GİZEM TEOMAN'),
(734, 245, 'İBRAHİM İPEK'),
(735, 245, 'ÜMRAN AK'),
(736, 246, 'BURAK İNSELÖZ'),
(737, 246, 'KADİR GÜMÜRDÜ'),
(738, 246, 'ASUMAN TAYFUR'),
(739, 247, 'MEHTAP ÖZMEN'),
(740, 247, 'YAŞAR BARBAROS ÖZGÜR'),
(741, 247, 'CAHİT ZEYLİ'),
(742, 248, 'ERDEM ÖRENÇ'),
(743, 248, 'SELMA KAHRAMAN'),
(744, 248, 'MEHMET EMRAH KAYA'),
(745, 249, 'NURAY ERAT'),
(746, 249, 'EDİP GÜVENÇ KARADUMAN'),
(747, 249, 'SEVDA DÜZGÜN'),
(748, 250, 'HİLAL TUNÇ'),
(749, 250, 'HASAN CİNBİZ'),
(750, 250, 'GÖZDE GİZEM KURALAY'),
(751, 251, 'İBRAHİM BAKLACI'),
(752, 251, 'TUBA KAYA'),
(753, 251, 'ENNUR OCAK'),
(754, 252, 'MÜŞERREF ALIM'),
(755, 252, 'IŞIK KARAKOYUNLU'),
(756, 252, 'SELAHATTİN KÖKSAL'),
(757, 253, 'RÜŞTÜ SELVAN'),
(758, 253, 'ZEHRA ÖZBEK'),
(759, 253, 'ERDEM ÇİMEN'),
(760, 254, 'ESRA DADALI'),
(761, 254, 'MÜBERRA DEĞİRMENCİ'),
(762, 254, 'HİKMET TAŞTEKİN'),
(763, 255, 'GÖKMEN TOMBUL'),
(764, 255, 'YAĞMUR ÖZCAN'),
(765, 255, 'TAYYAR ALP DOĞAN'),
(766, 256, 'FATİH BURULDAY'),
(767, 256, 'KERİME RUMEYSA ZAİM'),
(768, 256, 'MEDİHA KURT'),
(769, 257, 'YUSUF KARAKAYA'),
(770, 257, 'TAYFUN KÜTÜKOĞLU'),
(771, 257, 'İPEK GÜZELKÜÇÜK'),
(772, 258, 'TİMUÇİN GÖKTAŞ'),
(773, 258, 'PINAR KAVUKOĞLU'),
(774, 258, 'GÖZDE GİZEM KANKILIÇ'),
(775, 259, 'YUSUF PAKSOY'),
(776, 259, 'UMUT ÇİÇEK'),
(777, 259, 'VOLKAN FİLİZAY'),
(778, 260, 'TANSU KEVKİR'),
(779, 260, 'HANDAN ÇEÇEN'),
(780, 260, 'AYŞE KARABULUT'),
(781, 261, 'ŞERİFE KOYUNCU'),
(782, 261, 'DUYGU ALTAŞ'),
(783, 261, 'EVRE UTLU'),
(784, 262, 'YUSUF KAÇER'),
(785, 262, 'FATİH KANNECİ'),
(786, 262, 'SÜLEYMAN UZUN'),
(787, 263, 'ALP DAĞ'),
(788, 263, 'SERKAN ÖZCAN'),
(789, 263, 'YASEMİN ŞENCAN'),
(790, 264, 'TÜRKER TAŞ'),
(791, 264, 'İREM KARAKOYUNLU'),
(792, 264, 'ELİF NİHAL YILDIZ BULUT'),
(793, 265, 'MEHMET ÖZBEK'),
(794, 265, 'BARIŞ BAL'),
(795, 265, 'KURTULUŞ ÇAVLI'),
(796, 266, 'NECMİYE GÜL KANKILIÇ'),
(797, 266, 'BİLGİN ÖZGÜR'),
(798, 266, 'ŞEYMA MELİHA KOÇ'),
(799, 267, 'SANEM GÖKÇEN MERVE YILDIZ'),
(800, 267, 'DENİZ ARMAĞAN OLGEN'),
(801, 267, 'HARUN SAYIN'),
(802, 268, 'AHMET ORAK'),
(803, 268, 'ŞÜKRÜ EROĞLU'),
(804, 268, 'AKSEL DURSUN'),
(805, 269, 'MERT KOCA'),
(806, 269, 'YÜKSEL ŞAHİN'),
(807, 269, 'NESLİHAN SÜMER'),
(808, 270, 'TUTKU SEVİNÇ'),
(809, 270, 'ERKİN ALTAŞ'),
(810, 270, 'SELAHATTİN TAŞDELEN'),
(811, 271, 'BİNNUR ŞAHİN'),
(812, 271, 'NURCAN DEĞİRMENCİ'),
(813, 271, 'EZGİ ATİLLA'),
(814, 272, 'HACER KAYA'),
(815, 272, 'FERHAT TEHLİ'),
(816, 272, 'ÖMER DEMİR'),
(817, 273, 'SERDAR BAL'),
(818, 273, 'MEHMET HİLMİ VAROL'),
(819, 273, 'HÜSEYİN KALKAN EREL'),
(820, 274, 'BAKİ ÇELİK'),
(821, 274, 'HAMDİYE BARAN'),
(822, 274, 'EREM GÖKÇE'),
(823, 275, 'AHMET KARA'),
(824, 275, 'EMİR KAAN ZEYLİ'),
(825, 275, 'İPEK KESKİN'),
(826, 276, 'ERHAN BAŞAR'),
(827, 276, 'MEHMET DENİZ TAŞDELEN'),
(828, 276, 'NİLAY BAĞCI'),
(829, 277, 'HİDAYET KELERCİOĞLU'),
(830, 277, 'MEHMET EMRAH HAMDEMİRCİ'),
(831, 277, 'EDA KOTTAŞ'),
(832, 278, 'ÇAVLAN TURAN'),
(833, 278, 'ÖZEN ÖZLEM GÜNEBAKAN'),
(834, 278, 'YASEMİN ÇELİK'),
(835, 279, 'YİĞİT TÜRKAY'),
(836, 279, 'MEHMET ÖREN'),
(837, 279, 'HASAN SÖKMEN'),
(838, 280, 'TEKİN SEVEN'),
(839, 280, 'ABİDE MERVE KÖKSAL'),
(840, 280, 'CEYDA BERBER'),
(841, 281, 'AHMET ERZURUM'),
(842, 281, 'FUNDA VAROL'),
(843, 281, 'UĞUR SÖKMEN'),
(844, 282, 'BİLGİN TOKAT'),
(845, 282, 'HAYRİYE AKAY'),
(846, 282, 'URAL YAVUZ'),
(847, 283, 'GÖKSEL SEVİMLİ'),
(848, 283, 'TUNCAY BÜYÜKKAL'),
(849, 283, 'ÖZGÜR EROĞLU'),
(850, 284, 'MÜJDAT DEMİRTAŞ'),
(851, 284, 'ASLI ÇAVLI'),
(852, 284, 'MAHMUT ESAT EROĞLU'),
(853, 285, 'FULYA YAVUZ SEZGİN'),
(854, 285, 'HASAN ÇİÇEK'),
(855, 285, 'DAMLA DOĞAN'),
(856, 286, 'TUBA AVCU'),
(857, 286, 'SERAY DOĞAN'),
(858, 286, 'ŞENAY ŞEN'),
(859, 287, 'YAVUZ SELİM KANKILIÇ'),
(860, 287, 'EMİR KAAN ŞAHİN'),
(861, 287, 'MUSTAFA ULAŞ ZAİM'),
(862, 288, 'MEHMET DENİZ OLGEN'),
(863, 288, 'HASAN ALTIN'),
(864, 288, 'EVRE SARIKAYA'),
(865, 289, 'OĞUZ KAĞAN PAKSOY'),
(866, 289, 'ERKİN DENİZ'),
(867, 289, 'SELİM KARDAŞ'),
(868, 290, 'AYHAN ÇOBAN'),
(869, 290, 'BARIŞ KÖKSAL'),
(870, 290, 'EZGİ GİZEM TEOMAN'),
(871, 291, 'İBRAHİM İPEK'),
(872, 291, 'ÜMRAN AK'),
(873, 291, 'BURAK İNSELÖZ'),
(874, 292, 'KADİR GÜMÜRDÜ'),
(875, 292, 'ASUMAN TAYFUR'),
(876, 292, 'MEHTAP ÖZMEN'),
(877, 293, 'YAŞAR BARBAROS ÖZGÜR'),
(878, 293, 'CAHİT ZEYLİ'),
(879, 293, 'ERDEM ÖRENÇ'),
(880, 294, 'SELMA KAHRAMAN'),
(881, 294, 'MEHMET EMRAH KAYA'),
(882, 294, 'NURAY ERAT'),
(883, 295, 'EDİP GÜVENÇ KARADUMAN'),
(884, 295, 'SEVDA DÜZGÜN'),
(885, 295, 'HİLAL TUNÇ'),
(886, 296, 'HASAN CİNBİZ'),
(887, 296, 'GÖZDE GİZEM KURALAY'),
(888, 296, 'İBRAHİM BAKLACI'),
(889, 297, 'TUBA KAYA'),
(890, 297, 'ENNUR OCAK'),
(891, 297, 'MÜŞERREF ALIM'),
(892, 298, 'IŞIK KARAKOYUNLU'),
(893, 298, 'SELAHATTİN KÖKSAL'),
(894, 298, 'RÜŞTÜ SELVAN'),
(895, 299, 'ZEHRA ÖZBEK'),
(896, 299, 'ERDEM ÇİMEN'),
(897, 299, 'ESRA DADALI'),
(898, 300, 'MÜBERRA DEĞİRMENCİ'),
(899, 300, 'HİKMET TAŞTEKİN'),
(900, 300, 'GÖKMEN TOMBUL'),
(901, 301, 'YAĞMUR ÖZCAN'),
(902, 301, 'TAYYAR ALP DOĞAN'),
(903, 301, 'FATİH BURULDAY'),
(904, 302, 'KERİME RUMEYSA ZAİM'),
(905, 302, 'MEDİHA KURT'),
(906, 302, 'YUSUF KARAKAYA'),
(907, 303, 'TAYFUN KÜTÜKOĞLU'),
(908, 303, 'İPEK GÜZELKÜÇÜK'),
(909, 303, 'TİMUÇİN GÖKTAŞ'),
(910, 304, 'PINAR KAVUKOĞLU'),
(911, 304, 'GÖZDE GİZEM KANKILIÇ'),
(912, 304, 'YUSUF PAKSOY'),
(913, 305, 'UMUT ÇİÇEK'),
(914, 305, 'VOLKAN FİLİZAY'),
(915, 305, 'TANSU KEVKİR'),
(916, 306, 'HANDAN ÇEÇEN'),
(917, 306, 'AYŞE KARABULUT'),
(918, 306, 'ŞERİFE KOYUNCU'),
(919, 307, 'DUYGU ALTAŞ'),
(920, 307, 'EVRE UTLU'),
(921, 307, 'YUSUF KAÇER'),
(922, 308, 'FATİH KANNECİ'),
(923, 308, 'SÜLEYMAN UZUN'),
(924, 308, 'ALP DAĞ'),
(925, 309, 'SERKAN ÖZCAN'),
(926, 309, 'YASEMİN ŞENCAN'),
(927, 309, 'TÜRKER TAŞ'),
(928, 310, 'İREM KARAKOYUNLU'),
(929, 310, 'ELİF NİHAL YILDIZ BULUT'),
(930, 310, 'MEHMET ÖZBEK'),
(931, 311, 'BARIŞ BAL'),
(932, 311, 'KURTULUŞ ÇAVLI'),
(933, 311, 'NECMİYE GÜL KANKILIÇ'),
(934, 312, 'BİLGİN ÖZGÜR'),
(935, 312, 'ŞEYMA MELİHA KOÇ'),
(936, 312, 'SANEM GÖKÇEN MERVE YILDIZ'),
(937, 313, 'DENİZ ARMAĞAN OLGEN'),
(938, 313, 'HARUN SAYIN'),
(939, 313, 'AHMET ORAK'),
(940, 314, 'ŞÜKRÜ EROĞLU'),
(941, 314, 'AKSEL DURSUN'),
(942, 314, 'MERT KOCA'),
(943, 315, 'YÜKSEL ŞAHİN'),
(944, 315, 'NESLİHAN SÜMER'),
(945, 315, 'TUTKU SEVİNÇ'),
(946, 316, 'ERKİN ALTAŞ'),
(947, 316, 'SELAHATTİN TAŞDELEN'),
(948, 316, 'BİNNUR ŞAHİN'),
(949, 317, 'NURCAN DEĞİRMENCİ'),
(950, 317, 'EZGİ ATİLLA'),
(951, 317, 'HACER KAYA'),
(952, 318, 'FERHAT TEHLİ'),
(953, 318, 'ÖMER DEMİR'),
(954, 318, 'SERDAR BAL'),
(955, 319, 'MEHMET HİLMİ VAROL'),
(956, 319, 'HÜSEYİN KALKAN EREL'),
(957, 319, 'BAKİ ÇELİK'),
(958, 320, 'HAMDİYE BARAN'),
(959, 320, 'EREM GÖKÇE'),
(960, 320, 'AHMET KARA'),
(961, 321, 'EMİR KAAN ZEYLİ'),
(962, 321, 'İPEK KESKİN'),
(963, 321, 'ERHAN BAŞAR'),
(964, 322, 'MEHMET DENİZ TAŞDELEN'),
(965, 322, 'NİLAY BAĞCI'),
(966, 322, 'HİDAYET KELERCİOĞLU'),
(967, 323, 'MEHMET EMRAH HAMDEMİRCİ'),
(968, 323, 'EDA KOTTAŞ'),
(969, 323, 'ÇAVLAN TURAN'),
(970, 324, 'ÖZEN ÖZLEM GÜNEBAKAN'),
(971, 324, 'YASEMİN ÇELİK'),
(972, 324, 'YİĞİT TÜRKAY'),
(973, 325, 'MEHMET ÖREN'),
(974, 325, 'HASAN SÖKMEN'),
(975, 325, 'TEKİN SEVEN'),
(976, 326, 'ABİDE MERVE KÖKSAL'),
(977, 326, 'CEYDA BERBER'),
(978, 326, 'AHMET ERZURUM'),
(979, 327, 'FUNDA VAROL'),
(980, 327, 'UĞUR SÖKMEN'),
(981, 327, 'BİLGİN TOKAT'),
(982, 328, 'HAYRİYE AKAY'),
(983, 328, 'URAL YAVUZ'),
(984, 328, 'GÖKSEL SEVİMLİ'),
(985, 329, 'TUNCAY BÜYÜKKAL'),
(986, 329, 'ÖZGÜR EROĞLU'),
(987, 329, 'MÜJDAT DEMİRTAŞ'),
(988, 330, 'ASLI ÇAVLI'),
(989, 330, 'MAHMUT ESAT EROĞLU'),
(990, 330, 'FULYA YAVUZ SEZGİN'),
(991, 331, 'HASAN ÇİÇEK'),
(992, 331, 'DAMLA DOĞAN'),
(993, 331, 'TUBA AVCU'),
(994, 332, 'SERAY DOĞAN'),
(995, 332, 'ŞENAY ŞEN'),
(996, 332, 'YAVUZ SELİM KANKILIÇ'),
(997, 333, 'EMİR KAAN ŞAHİN'),
(998, 333, 'MUSTAFA ULAŞ ZAİM'),
(999, 333, 'MEHMET DENİZ OLGEN'),
(1000, 334, 'HASAN ALTIN'),
(1001, 334, 'EVRE SARIKAYA'),
(1002, 334, 'OĞUZ KAĞAN PAKSOY'),
(1003, 335, 'ERKİN DENİZ'),
(1004, 335, 'SELİM KARDAŞ'),
(1005, 335, 'AYHAN ÇOBAN'),
(1006, 336, 'BARIŞ KÖKSAL'),
(1007, 336, 'EZGİ GİZEM TEOMAN'),
(1008, 336, 'İBRAHİM İPEK'),
(1009, 337, 'ÜMRAN AK'),
(1010, 337, 'BURAK İNSELÖZ'),
(1011, 337, 'KADİR GÜMÜRDÜ'),
(1012, 338, 'ASUMAN TAYFUR'),
(1013, 338, 'MEHTAP ÖZMEN'),
(1014, 338, 'YAŞAR BARBAROS ÖZGÜR'),
(1015, 339, 'CAHİT ZEYLİ'),
(1016, 339, 'ERDEM ÖRENÇ'),
(1017, 339, 'SELMA KAHRAMAN'),
(1018, 340, 'MEHMET EMRAH KAYA'),
(1019, 340, 'NURAY ERAT'),
(1020, 340, 'EDİP GÜVENÇ KARADUMAN'),
(1021, 341, 'SEVDA DÜZGÜN'),
(1022, 341, 'HİLAL TUNÇ'),
(1023, 341, 'HASAN CİNBİZ'),
(1024, 342, 'GÖZDE GİZEM KURALAY'),
(1025, 342, 'İBRAHİM BAKLACI'),
(1026, 342, 'TUBA KAYA'),
(1027, 343, 'ENNUR OCAK'),
(1028, 343, 'MÜŞERREF ALIM'),
(1029, 343, 'IŞIK KARAKOYUNLU'),
(1030, 344, 'SELAHATTİN KÖKSAL'),
(1031, 344, 'RÜŞTÜ SELVAN'),
(1032, 344, 'ZEHRA ÖZBEK'),
(1033, 345, 'ERDEM ÇİMEN'),
(1034, 345, 'ESRA DADALI'),
(1035, 345, 'MÜBERRA DEĞİRMENCİ'),
(1036, 346, 'HİKMET TAŞTEKİN'),
(1037, 346, 'GÖKMEN TOMBUL'),
(1038, 346, 'YAĞMUR ÖZCAN'),
(1039, 347, 'TAYYAR ALP DOĞAN'),
(1040, 347, 'FATİH BURULDAY'),
(1041, 347, 'KERİME RUMEYSA ZAİM'),
(1042, 348, 'MEDİHA KURT'),
(1043, 348, 'YUSUF KARAKAYA'),
(1044, 348, 'TAYFUN KÜTÜKOĞLU'),
(1045, 349, 'İPEK GÜZELKÜÇÜK'),
(1046, 349, 'TİMUÇİN GÖKTAŞ'),
(1047, 349, 'PINAR KAVUKOĞLU'),
(1048, 350, 'GÖZDE GİZEM KANKILIÇ'),
(1049, 350, 'YUSUF PAKSOY'),
(1050, 350, 'UMUT ÇİÇEK'),
(1051, 351, 'VOLKAN FİLİZAY'),
(1052, 351, 'TANSU KEVKİR'),
(1053, 351, 'HANDAN ÇEÇEN'),
(1054, 352, 'AYŞE KARABULUT'),
(1055, 352, 'ŞERİFE KOYUNCU'),
(1056, 352, 'DUYGU ALTAŞ'),
(1057, 353, 'EVRE UTLU'),
(1058, 353, 'YUSUF KAÇER'),
(1059, 353, 'FATİH KANNECİ'),
(1060, 354, 'SÜLEYMAN UZUN'),
(1061, 354, 'ALP DAĞ'),
(1062, 354, 'SERKAN ÖZCAN'),
(1063, 355, 'YASEMİN ŞENCAN'),
(1064, 355, 'TÜRKER TAŞ'),
(1065, 355, 'İREM KARAKOYUNLU'),
(1066, 356, 'ELİF NİHAL YILDIZ BULUT'),
(1067, 356, 'MEHMET ÖZBEK'),
(1068, 356, 'BARIŞ BAL'),
(1069, 357, 'KURTULUŞ ÇAVLI'),
(1070, 357, 'NECMİYE GÜL KANKILIÇ'),
(1071, 357, 'BİLGİN ÖZGÜR'),
(1072, 358, 'ŞEYMA MELİHA KOÇ'),
(1073, 358, 'SANEM GÖKÇEN MERVE YILDIZ'),
(1074, 358, 'DENİZ ARMAĞAN OLGEN'),
(1075, 359, 'HARUN SAYIN'),
(1076, 359, 'AHMET ORAK'),
(1077, 359, 'ŞÜKRÜ EROĞLU'),
(1078, 360, 'AKSEL DURSUN'),
(1079, 360, 'MERT KOCA'),
(1080, 360, 'YÜKSEL ŞAHİN'),
(1081, 361, 'NESLİHAN SÜMER'),
(1082, 361, 'TUTKU SEVİNÇ'),
(1083, 361, 'ERKİN ALTAŞ'),
(1084, 362, 'SELAHATTİN TAŞDELEN'),
(1085, 362, 'BİNNUR ŞAHİN'),
(1086, 362, 'NURCAN DEĞİRMENCİ'),
(1087, 363, 'EZGİ ATİLLA'),
(1088, 363, 'HACER KAYA'),
(1089, 363, 'FERHAT TEHLİ'),
(1090, 364, 'ÖMER DEMİR'),
(1091, 364, 'SERDAR BAL'),
(1092, 364, 'MEHMET HİLMİ VAROL'),
(1093, 365, 'HÜSEYİN KALKAN EREL'),
(1094, 365, 'BAKİ ÇELİK'),
(1095, 365, 'HAMDİYE BARAN'),
(1096, 366, 'EREM GÖKÇE'),
(1097, 366, 'AHMET KARA'),
(1098, 366, 'EMİR KAAN ZEYLİ'),
(1099, 367, 'İPEK KESKİN'),
(1100, 367, 'ERHAN BAŞAR'),
(1101, 367, 'MEHMET DENİZ TAŞDELEN'),
(1102, 368, 'NİLAY BAĞCI'),
(1103, 368, 'HİDAYET KELERCİOĞLU'),
(1104, 368, 'MEHMET EMRAH HAMDEMİRCİ'),
(1105, 369, 'EDA KOTTAŞ'),
(1106, 369, 'ÇAVLAN TURAN'),
(1107, 369, 'ÖZEN ÖZLEM GÜNEBAKAN'),
(1108, 370, 'YASEMİN ÇELİK'),
(1109, 370, 'YİĞİT TÜRKAY'),
(1110, 370, 'MEHMET ÖREN'),
(1111, 371, 'HASAN SÖKMEN'),
(1112, 371, 'TEKİN SEVEN'),
(1113, 371, 'ABİDE MERVE KÖKSAL'),
(1114, 372, 'CEYDA BERBER'),
(1115, 372, 'AHMET ERZURUM'),
(1116, 372, 'FUNDA VAROL'),
(1117, 373, 'UĞUR SÖKMEN'),
(1118, 373, 'BİLGİN TOKAT'),
(1119, 373, 'HAYRİYE AKAY'),
(1120, 374, 'URAL YAVUZ'),
(1121, 374, 'GÖKSEL SEVİMLİ'),
(1122, 374, 'TUNCAY BÜYÜKKAL'),
(1123, 375, 'ÖZGÜR EROĞLU'),
(1124, 375, 'MÜJDAT DEMİRTAŞ'),
(1125, 375, 'ASLI ÇAVLI'),
(1126, 376, 'MAHMUT ESAT EROĞLU'),
(1127, 376, 'FULYA YAVUZ SEZGİN'),
(1128, 376, 'HASAN ÇİÇEK'),
(1129, 377, 'DAMLA DOĞAN'),
(1130, 377, 'TUBA AVCU'),
(1131, 377, 'SERAY DOĞAN'),
(1132, 378, 'ŞENAY ŞEN'),
(1133, 378, 'YAVUZ SELİM KANKILIÇ'),
(1134, 378, 'EMİR KAAN ŞAHİN'),
(1135, 379, 'MUSTAFA ULAŞ ZAİM'),
(1136, 379, 'MEHMET DENİZ OLGEN'),
(1137, 379, 'HASAN ALTIN'),
(1138, 380, 'EVRE SARIKAYA'),
(1139, 380, 'OĞUZ KAĞAN PAKSOY'),
(1140, 380, 'ERKİN DENİZ'),
(1141, 381, 'SELİM KARDAŞ'),
(1142, 381, 'AYHAN ÇOBAN'),
(1143, 381, 'BARIŞ KÖKSAL'),
(1144, 382, 'EZGİ GİZEM TEOMAN'),
(1145, 382, 'İBRAHİM İPEK'),
(1146, 382, 'ÜMRAN AK'),
(1147, 383, 'BURAK İNSELÖZ'),
(1148, 383, 'KADİR GÜMÜRDÜ'),
(1149, 383, 'ASUMAN TAYFUR'),
(1150, 384, 'MEHTAP ÖZMEN'),
(1151, 384, 'YAŞAR BARBAROS ÖZGÜR'),
(1152, 384, 'CAHİT ZEYLİ'),
(1153, 385, 'ERDEM ÖRENÇ'),
(1154, 385, 'SELMA KAHRAMAN'),
(1155, 385, 'MEHMET EMRAH KAYA'),
(1156, 386, 'NURAY ERAT'),
(1157, 386, 'EDİP GÜVENÇ KARADUMAN'),
(1158, 386, 'SEVDA DÜZGÜN'),
(1159, 387, 'HİLAL TUNÇ'),
(1160, 387, 'HASAN CİNBİZ'),
(1161, 387, 'GÖZDE GİZEM KURALAY'),
(1162, 388, 'İBRAHİM BAKLACI'),
(1163, 388, 'TUBA KAYA'),
(1164, 388, 'ENNUR OCAK'),
(1165, 389, 'MÜŞERREF ALIM'),
(1166, 389, 'IŞIK KARAKOYUNLU'),
(1167, 389, 'SELAHATTİN KÖKSAL'),
(1168, 390, 'RÜŞTÜ SELVAN'),
(1169, 390, 'ZEHRA ÖZBEK'),
(1170, 390, 'ERDEM ÇİMEN'),
(1171, 391, 'ESRA DADALI'),
(1172, 391, 'MÜBERRA DEĞİRMENCİ'),
(1173, 391, 'HİKMET TAŞTEKİN'),
(1174, 392, 'GÖKMEN TOMBUL'),
(1175, 392, 'YAĞMUR ÖZCAN'),
(1176, 392, 'TAYYAR ALP DOĞAN'),
(1177, 393, 'FATİH BURULDAY'),
(1178, 393, 'KERİME RUMEYSA ZAİM'),
(1179, 393, 'MEDİHA KURT'),
(1180, 394, 'YUSUF KARAKAYA'),
(1181, 394, 'TAYFUN KÜTÜKOĞLU'),
(1182, 394, 'İPEK GÜZELKÜÇÜK'),
(1183, 395, 'TİMUÇİN GÖKTAŞ'),
(1184, 395, 'PINAR KAVUKOĞLU'),
(1185, 395, 'GÖZDE GİZEM KANKILIÇ'),
(1186, 396, 'YUSUF PAKSOY'),
(1187, 396, 'UMUT ÇİÇEK'),
(1188, 396, 'VOLKAN FİLİZAY'),
(1189, 397, 'TANSU KEVKİR'),
(1190, 397, 'HANDAN ÇEÇEN'),
(1191, 397, 'AYŞE KARABULUT'),
(1192, 398, 'ŞERİFE KOYUNCU'),
(1193, 398, 'DUYGU ALTAŞ'),
(1194, 398, 'EVRE UTLU'),
(1195, 399, 'YUSUF KAÇER'),
(1196, 399, 'FATİH KANNECİ'),
(1197, 399, 'SÜLEYMAN UZUN'),
(1198, 400, 'ALP DAĞ'),
(1199, 400, 'SERKAN ÖZCAN'),
(1200, 400, 'YASEMİN ŞENCAN'),
(1201, 401, 'TÜRKER TAŞ'),
(1202, 401, 'İREM KARAKOYUNLU'),
(1203, 401, 'ELİF NİHAL YILDIZ BULUT'),
(1204, 402, 'MEHMET ÖZBEK'),
(1205, 402, 'BARIŞ BAL'),
(1206, 402, 'KURTULUŞ ÇAVLI'),
(1207, 403, 'NECMİYE GÜL KANKILIÇ'),
(1208, 403, 'BİLGİN ÖZGÜR'),
(1209, 403, 'ŞEYMA MELİHA KOÇ'),
(1210, 404, 'SANEM GÖKÇEN MERVE YILDIZ'),
(1211, 404, 'DENİZ ARMAĞAN OLGEN'),
(1212, 404, 'HARUN SAYIN'),
(1213, 405, 'AHMET ORAK'),
(1214, 405, 'ŞÜKRÜ EROĞLU'),
(1215, 405, 'AKSEL DURSUN'),
(1216, 1, 'ŞERİFE KOYUNCU'),
(1217, 1, 'DUYGU ALTAŞ'),
(1218, 1, 'EVRE UTLU'),
(1219, 2, 'YUSUF KAÇER'),
(1220, 2, 'FATİH KANNECİ'),
(1221, 2, 'SÜLEYMAN UZUN'),
(1222, 3, 'ALP DAĞ'),
(1223, 3, 'SERKAN ÖZCAN'),
(1224, 3, 'YASEMİN ŞENCAN'),
(1225, 4, 'TÜRKER TAŞ'),
(1226, 4, 'İREM KARAKOYUNLU'),
(1227, 4, 'ELİF NİHAL YILDIZ BULUT'),
(1228, 5, 'MEHMET ÖZBEK'),
(1229, 5, 'BARIŞ BAL'),
(1230, 5, 'KURTULUŞ ÇAVLI'),
(1231, 6, 'NECMİYE GÜL KANKILIÇ'),
(1232, 6, 'BİLGİN ÖZGÜR'),
(1233, 6, 'ŞEYMA MELİHA KOÇ'),
(1234, 7, 'SANEM GÖKÇEN MERVE YILDIZ'),
(1235, 7, 'DENİZ ARMAĞAN OLGEN'),
(1236, 7, 'HARUN SAYIN'),
(1237, 8, 'AHMET ORAK'),
(1238, 8, 'ŞÜKRÜ EROĞLU'),
(1239, 8, 'AKSEL DURSUN'),
(1240, 9, 'MERT KOCA'),
(1241, 9, 'YÜKSEL ŞAHİN'),
(1242, 9, 'NESLİHAN SÜMER'),
(1243, 10, 'TUTKU SEVİNÇ'),
(1244, 10, 'ERKİN ALTAŞ'),
(1245, 10, 'SELAHATTİN TAŞDELEN'),
(1246, 11, 'BİNNUR ŞAHİN'),
(1247, 11, 'NURCAN DEĞİRMENCİ'),
(1248, 11, 'EZGİ ATİLLA'),
(1249, 12, 'HACER KAYA'),
(1250, 12, 'FERHAT TEHLİ'),
(1251, 12, 'ÖMER DEMİR'),
(1252, 13, 'SERDAR BAL'),
(1253, 13, 'MEHMET HİLMİ VAROL'),
(1254, 13, 'HÜSEYİN KALKAN EREL'),
(1255, 14, 'BAKİ ÇELİK'),
(1256, 14, 'HAMDİYE BARAN'),
(1257, 14, 'EREM GÖKÇE'),
(1258, 15, 'AHMET KARA'),
(1259, 15, 'EMİR KAAN ZEYLİ'),
(1260, 15, 'İPEK KESKİN'),
(1261, 16, 'ERHAN BAŞAR'),
(1262, 16, 'MEHMET DENİZ TAŞDELEN'),
(1263, 16, 'NİLAY BAĞCI'),
(1264, 17, 'HİDAYET KELERCİOĞLU'),
(1265, 17, 'MEHMET EMRAH HAMDEMİRCİ'),
(1266, 17, 'EDA KOTTAŞ'),
(1267, 18, 'ÇAVLAN TURAN'),
(1268, 18, 'ÖZEN ÖZLEM GÜNEBAKAN'),
(1269, 18, 'YASEMİN ÇELİK'),
(1270, 19, 'YİĞİT TÜRKAY'),
(1271, 19, 'MEHMET ÖREN'),
(1272, 19, 'HASAN SÖKMEN'),
(1273, 20, 'TEKİN SEVEN'),
(1274, 20, 'ABİDE MERVE KÖKSAL'),
(1275, 20, 'CEYDA BERBER'),
(1276, 21, 'AHMET ERZURUM'),
(1277, 21, 'FUNDA VAROL'),
(1278, 21, 'UĞUR SÖKMEN'),
(1279, 22, 'BİLGİN TOKAT'),
(1280, 22, 'HAYRİYE AKAY'),
(1281, 22, 'URAL YAVUZ'),
(1282, 23, 'GÖKSEL SEVİMLİ'),
(1283, 23, 'TUNCAY BÜYÜKKAL'),
(1284, 23, 'ÖZGÜR EROĞLU'),
(1285, 24, 'MÜJDAT DEMİRTAŞ'),
(1286, 24, 'ASLI ÇAVLI'),
(1287, 24, 'MAHMUT ESAT EROĞLU'),
(1288, 25, 'FULYA YAVUZ SEZGİN'),
(1289, 25, 'HASAN ÇİÇEK'),
(1290, 25, 'DAMLA DOĞAN'),
(1291, 26, 'TUBA AVCU'),
(1292, 26, 'SERAY DOĞAN'),
(1293, 26, 'ŞENAY ŞEN'),
(1294, 27, 'YAVUZ SELİM KANKILIÇ'),
(1295, 27, 'EMİR KAAN ŞAHİN'),
(1296, 27, 'MUSTAFA ULAŞ ZAİM'),
(1297, 28, 'MEHMET DENİZ OLGEN'),
(1298, 28, 'HASAN ALTIN'),
(1299, 28, 'EVRE SARIKAYA'),
(1300, 29, 'OĞUZ KAĞAN PAKSOY'),
(1301, 29, 'ERKİN DENİZ'),
(1302, 29, 'SELİM KARDAŞ'),
(1303, 30, 'AYHAN ÇOBAN'),
(1304, 30, 'BARIŞ KÖKSAL'),
(1305, 30, 'EZGİ GİZEM TEOMAN'),
(1306, 31, 'İBRAHİM İPEK'),
(1307, 31, 'ÜMRAN AK'),
(1308, 31, 'BURAK İNSELÖZ'),
(1309, 32, 'KADİR GÜMÜRDÜ'),
(1310, 32, 'ASUMAN TAYFUR'),
(1311, 32, 'MEHTAP ÖZMEN'),
(1312, 33, 'YAŞAR BARBAROS ÖZGÜR'),
(1313, 33, 'CAHİT ZEYLİ'),
(1314, 33, 'ERDEM ÖRENÇ'),
(1315, 34, 'SELMA KAHRAMAN'),
(1316, 34, 'MEHMET EMRAH KAYA'),
(1317, 34, 'NURAY ERAT'),
(1318, 35, 'EDİP GÜVENÇ KARADUMAN'),
(1319, 35, 'SEVDA DÜZGÜN'),
(1320, 35, 'HİLAL TUNÇ'),
(1321, 36, 'HASAN CİNBİZ'),
(1322, 36, 'GÖZDE GİZEM KURALAY'),
(1323, 36, 'İBRAHİM BAKLACI'),
(1324, 37, 'TUBA KAYA'),
(1325, 37, 'ENNUR OCAK'),
(1326, 37, 'MÜŞERREF ALIM'),
(1327, 38, 'IŞIK KARAKOYUNLU'),
(1328, 38, 'SELAHATTİN KÖKSAL'),
(1329, 38, 'RÜŞTÜ SELVAN'),
(1330, 39, 'ZEHRA ÖZBEK'),
(1331, 39, 'ERDEM ÇİMEN'),
(1332, 39, 'ESRA DADALI'),
(1333, 40, 'MÜBERRA DEĞİRMENCİ'),
(1334, 40, 'HİKMET TAŞTEKİN'),
(1335, 40, 'GÖKMEN TOMBUL'),
(1336, 41, 'YAĞMUR ÖZCAN'),
(1337, 41, 'TAYYAR ALP DOĞAN'),
(1338, 41, 'FATİH BURULDAY'),
(1339, 42, 'KERİME RUMEYSA ZAİM'),
(1340, 42, 'MEDİHA KURT'),
(1341, 42, 'YUSUF KARAKAYA'),
(1342, 43, 'TAYFUN KÜTÜKOĞLU'),
(1343, 43, 'İPEK GÜZELKÜÇÜK'),
(1344, 43, 'TİMUÇİN GÖKTAŞ'),
(1345, 44, 'PINAR KAVUKOĞLU'),
(1346, 44, 'GÖZDE GİZEM KANKILIÇ'),
(1347, 44, 'YUSUF PAKSOY'),
(1348, 45, 'UMUT ÇİÇEK'),
(1349, 45, 'VOLKAN FİLİZAY'),
(1350, 45, 'TANSU KEVKİR'),
(1351, 46, 'HANDAN ÇEÇEN'),
(1352, 46, 'AYŞE KARABULUT'),
(1353, 46, 'ŞERİFE KOYUNCU'),
(1354, 47, 'DUYGU ALTAŞ'),
(1355, 47, 'EVRE UTLU'),
(1356, 47, 'YUSUF KAÇER'),
(1357, 48, 'FATİH KANNECİ'),
(1358, 48, 'SÜLEYMAN UZUN'),
(1359, 48, 'ALP DAĞ'),
(1360, 49, 'SERKAN ÖZCAN'),
(1361, 49, 'YASEMİN ŞENCAN'),
(1362, 49, 'TÜRKER TAŞ'),
(1363, 50, 'İREM KARAKOYUNLU'),
(1364, 50, 'ELİF NİHAL YILDIZ BULUT'),
(1365, 50, 'MEHMET ÖZBEK'),
(1366, 51, 'BARIŞ BAL'),
(1367, 51, 'KURTULUŞ ÇAVLI'),
(1368, 51, 'NECMİYE GÜL KANKILIÇ'),
(1369, 52, 'BİLGİN ÖZGÜR'),
(1370, 52, 'ŞEYMA MELİHA KOÇ'),
(1371, 52, 'SANEM GÖKÇEN MERVE YILDIZ'),
(1372, 53, 'DENİZ ARMAĞAN OLGEN'),
(1373, 53, 'HARUN SAYIN'),
(1374, 53, 'AHMET ORAK'),
(1375, 54, 'ŞÜKRÜ EROĞLU'),
(1376, 54, 'AKSEL DURSUN'),
(1377, 54, 'MERT KOCA'),
(1378, 55, 'YÜKSEL ŞAHİN'),
(1379, 55, 'NESLİHAN SÜMER'),
(1380, 55, 'TUTKU SEVİNÇ'),
(1381, 56, 'ERKİN ALTAŞ'),
(1382, 56, 'SELAHATTİN TAŞDELEN'),
(1383, 56, 'BİNNUR ŞAHİN'),
(1384, 57, 'NURCAN DEĞİRMENCİ'),
(1385, 57, 'EZGİ ATİLLA'),
(1386, 57, 'HACER KAYA'),
(1387, 58, 'FERHAT TEHLİ'),
(1388, 58, 'ÖMER DEMİR'),
(1389, 58, 'SERDAR BAL'),
(1390, 59, 'MEHMET HİLMİ VAROL'),
(1391, 59, 'HÜSEYİN KALKAN EREL'),
(1392, 59, 'BAKİ ÇELİK'),
(1393, 60, 'HAMDİYE BARAN'),
(1394, 60, 'EREM GÖKÇE'),
(1395, 60, 'AHMET KARA'),
(1396, 61, 'EMİR KAAN ZEYLİ'),
(1397, 61, 'İPEK KESKİN'),
(1398, 61, 'ERHAN BAŞAR'),
(1399, 62, 'MEHMET DENİZ TAŞDELEN'),
(1400, 62, 'NİLAY BAĞCI'),
(1401, 62, 'HİDAYET KELERCİOĞLU'),
(1402, 63, 'MEHMET EMRAH HAMDEMİRCİ'),
(1403, 63, 'EDA KOTTAŞ'),
(1404, 63, 'ÇAVLAN TURAN'),
(1405, 64, 'ÖZEN ÖZLEM GÜNEBAKAN'),
(1406, 64, 'YASEMİN ÇELİK'),
(1407, 64, 'YİĞİT TÜRKAY'),
(1408, 65, 'MEHMET ÖREN'),
(1409, 65, 'HASAN SÖKMEN'),
(1410, 65, 'TEKİN SEVEN'),
(1411, 66, 'ABİDE MERVE KÖKSAL'),
(1412, 66, 'CEYDA BERBER'),
(1413, 66, 'AHMET ERZURUM'),
(1414, 67, 'FUNDA VAROL'),
(1415, 67, 'UĞUR SÖKMEN'),
(1416, 67, 'BİLGİN TOKAT'),
(1417, 68, 'HAYRİYE AKAY'),
(1418, 68, 'URAL YAVUZ'),
(1419, 68, 'GÖKSEL SEVİMLİ'),
(1420, 69, 'TUNCAY BÜYÜKKAL'),
(1421, 69, 'ÖZGÜR EROĞLU'),
(1422, 69, 'MÜJDAT DEMİRTAŞ'),
(1423, 70, 'ASLI ÇAVLI'),
(1424, 70, 'MAHMUT ESAT EROĞLU'),
(1425, 70, 'FULYA YAVUZ SEZGİN'),
(1426, 71, 'HASAN ÇİÇEK'),
(1427, 71, 'DAMLA DOĞAN'),
(1428, 71, 'TUBA AVCU'),
(1429, 72, 'SERAY DOĞAN'),
(1430, 72, 'ŞENAY ŞEN'),
(1431, 72, 'YAVUZ SELİM KANKILIÇ'),
(1432, 73, 'EMİR KAAN ŞAHİN'),
(1433, 73, 'MUSTAFA ULAŞ ZAİM'),
(1434, 73, 'MEHMET DENİZ OLGEN'),
(1435, 74, 'HASAN ALTIN'),
(1436, 74, 'EVRE SARIKAYA'),
(1437, 74, 'OĞUZ KAĞAN PAKSOY'),
(1438, 75, 'ERKİN DENİZ'),
(1439, 75, 'SELİM KARDAŞ'),
(1440, 75, 'AYHAN ÇOBAN'),
(1441, 76, 'BARIŞ KÖKSAL'),
(1442, 76, 'EZGİ GİZEM TEOMAN'),
(1443, 76, 'İBRAHİM İPEK'),
(1444, 77, 'ÜMRAN AK'),
(1445, 77, 'BURAK İNSELÖZ'),
(1446, 77, 'KADİR GÜMÜRDÜ'),
(1447, 78, 'ASUMAN TAYFUR'),
(1448, 78, 'MEHTAP ÖZMEN'),
(1449, 78, 'YAŞAR BARBAROS ÖZGÜR'),
(1450, 79, 'CAHİT ZEYLİ'),
(1451, 79, 'ERDEM ÖRENÇ'),
(1452, 79, 'SELMA KAHRAMAN'),
(1453, 80, 'MEHMET EMRAH KAYA'),
(1454, 80, 'NURAY ERAT'),
(1455, 80, 'EDİP GÜVENÇ KARADUMAN'),
(1456, 81, 'SEVDA DÜZGÜN'),
(1457, 81, 'HİLAL TUNÇ'),
(1458, 81, 'HASAN CİNBİZ'),
(1459, 82, 'GÖZDE GİZEM KURALAY'),
(1460, 82, 'İBRAHİM BAKLACI'),
(1461, 82, 'TUBA KAYA'),
(1462, 83, 'ENNUR OCAK'),
(1463, 83, 'MÜŞERREF ALIM'),
(1464, 83, 'IŞIK KARAKOYUNLU'),
(1465, 84, 'SELAHATTİN KÖKSAL'),
(1466, 84, 'RÜŞTÜ SELVAN'),
(1467, 84, 'ZEHRA ÖZBEK'),
(1468, 85, 'ERDEM ÇİMEN'),
(1469, 85, 'ESRA DADALI'),
(1470, 85, 'MÜBERRA DEĞİRMENCİ'),
(1471, 86, 'HİKMET TAŞTEKİN'),
(1472, 86, 'GÖKMEN TOMBUL'),
(1473, 86, 'YAĞMUR ÖZCAN'),
(1474, 87, 'TAYYAR ALP DOĞAN'),
(1475, 87, 'FATİH BURULDAY'),
(1476, 87, 'KERİME RUMEYSA ZAİM'),
(1477, 88, 'MEDİHA KURT'),
(1478, 88, 'YUSUF KARAKAYA'),
(1479, 88, 'TAYFUN KÜTÜKOĞLU'),
(1480, 89, 'İPEK GÜZELKÜÇÜK'),
(1481, 89, 'TİMUÇİN GÖKTAŞ'),
(1482, 89, 'PINAR KAVUKOĞLU'),
(1483, 90, 'GÖZDE GİZEM KANKILIÇ'),
(1484, 90, 'YUSUF PAKSOY'),
(1485, 90, 'UMUT ÇİÇEK'),
(1486, 91, 'VOLKAN FİLİZAY'),
(1487, 91, 'TANSU KEVKİR'),
(1488, 91, 'HANDAN ÇEÇEN'),
(1489, 92, 'AYŞE KARABULUT'),
(1490, 92, 'ŞERİFE KOYUNCU'),
(1491, 92, 'DUYGU ALTAŞ'),
(1492, 93, 'EVRE UTLU'),
(1493, 93, 'YUSUF KAÇER'),
(1494, 93, 'FATİH KANNECİ'),
(1495, 94, 'SÜLEYMAN UZUN'),
(1496, 94, 'ALP DAĞ'),
(1497, 94, 'SERKAN ÖZCAN'),
(1498, 95, 'YASEMİN ŞENCAN'),
(1499, 95, 'TÜRKER TAŞ'),
(1500, 95, 'İREM KARAKOYUNLU'),
(1501, 96, 'ELİF NİHAL YILDIZ BULUT'),
(1502, 96, 'MEHMET ÖZBEK'),
(1503, 96, 'BARIŞ BAL'),
(1504, 97, 'KURTULUŞ ÇAVLI'),
(1505, 97, 'NECMİYE GÜL KANKILIÇ'),
(1506, 97, 'BİLGİN ÖZGÜR'),
(1507, 98, 'ŞEYMA MELİHA KOÇ'),
(1508, 98, 'SANEM GÖKÇEN MERVE YILDIZ'),
(1509, 98, 'DENİZ ARMAĞAN OLGEN'),
(1510, 99, 'HARUN SAYIN'),
(1511, 99, 'AHMET ORAK'),
(1512, 99, 'ŞÜKRÜ EROĞLU'),
(1513, 100, 'AKSEL DURSUN'),
(1514, 100, 'MERT KOCA'),
(1515, 100, 'YÜKSEL ŞAHİN'),
(1516, 101, 'NESLİHAN SÜMER'),
(1517, 101, 'TUTKU SEVİNÇ'),
(1518, 101, 'ERKİN ALTAŞ'),
(1519, 102, 'SELAHATTİN TAŞDELEN'),
(1520, 102, 'BİNNUR ŞAHİN'),
(1521, 102, 'NURCAN DEĞİRMENCİ'),
(1522, 103, 'EZGİ ATİLLA'),
(1523, 103, 'HACER KAYA'),
(1524, 103, 'FERHAT TEHLİ'),
(1525, 104, 'ÖMER DEMİR'),
(1526, 104, 'SERDAR BAL'),
(1527, 104, 'MEHMET HİLMİ VAROL'),
(1528, 105, 'HÜSEYİN KALKAN EREL'),
(1529, 105, 'BAKİ ÇELİK'),
(1530, 105, 'HAMDİYE BARAN'),
(1531, 106, 'EREM GÖKÇE'),
(1532, 106, 'AHMET KARA'),
(1533, 106, 'EMİR KAAN ZEYLİ'),
(1534, 107, 'İPEK KESKİN'),
(1535, 107, 'ERHAN BAŞAR'),
(1536, 107, 'MEHMET DENİZ TAŞDELEN'),
(1537, 108, 'NİLAY BAĞCI'),
(1538, 108, 'HİDAYET KELERCİOĞLU'),
(1539, 108, 'MEHMET EMRAH HAMDEMİRCİ'),
(1540, 109, 'EDA KOTTAŞ'),
(1541, 109, 'ÇAVLAN TURAN'),
(1542, 109, 'ÖZEN ÖZLEM GÜNEBAKAN'),
(1543, 110, 'YASEMİN ÇELİK'),
(1544, 110, 'YİĞİT TÜRKAY'),
(1545, 110, 'MEHMET ÖREN'),
(1546, 111, 'HASAN SÖKMEN'),
(1547, 111, 'TEKİN SEVEN'),
(1548, 111, 'ABİDE MERVE KÖKSAL'),
(1549, 112, 'CEYDA BERBER'),
(1550, 112, 'AHMET ERZURUM'),
(1551, 112, 'FUNDA VAROL'),
(1552, 113, 'UĞUR SÖKMEN'),
(1553, 113, 'BİLGİN TOKAT'),
(1554, 113, 'HAYRİYE AKAY'),
(1555, 114, 'URAL YAVUZ'),
(1556, 114, 'GÖKSEL SEVİMLİ'),
(1557, 114, 'TUNCAY BÜYÜKKAL'),
(1558, 115, 'ÖZGÜR EROĞLU'),
(1559, 115, 'MÜJDAT DEMİRTAŞ'),
(1560, 115, 'ASLI ÇAVLI'),
(1561, 116, 'MAHMUT ESAT EROĞLU'),
(1562, 116, 'FULYA YAVUZ SEZGİN'),
(1563, 116, 'HASAN ÇİÇEK'),
(1564, 117, 'DAMLA DOĞAN'),
(1565, 117, 'TUBA AVCU'),
(1566, 117, 'SERAY DOĞAN'),
(1567, 118, 'ŞENAY ŞEN'),
(1568, 118, 'YAVUZ SELİM KANKILIÇ'),
(1569, 118, 'EMİR KAAN ŞAHİN'),
(1570, 119, 'MUSTAFA ULAŞ ZAİM'),
(1571, 119, 'MEHMET DENİZ OLGEN'),
(1572, 119, 'HASAN ALTIN'),
(1573, 120, 'EVRE SARIKAYA'),
(1574, 120, 'OĞUZ KAĞAN PAKSOY'),
(1575, 120, 'ERKİN DENİZ'),
(1576, 121, 'SELİM KARDAŞ'),
(1577, 121, 'AYHAN ÇOBAN'),
(1578, 121, 'BARIŞ KÖKSAL'),
(1579, 122, 'EZGİ GİZEM TEOMAN'),
(1580, 122, 'İBRAHİM İPEK'),
(1581, 122, 'ÜMRAN AK'),
(1582, 123, 'BURAK İNSELÖZ'),
(1583, 123, 'KADİR GÜMÜRDÜ'),
(1584, 123, 'ASUMAN TAYFUR'),
(1585, 124, 'MEHTAP ÖZMEN'),
(1586, 124, 'YAŞAR BARBAROS ÖZGÜR'),
(1587, 124, 'CAHİT ZEYLİ'),
(1588, 125, 'ERDEM ÖRENÇ'),
(1589, 125, 'SELMA KAHRAMAN'),
(1590, 125, 'MEHMET EMRAH KAYA'),
(1591, 126, 'NURAY ERAT'),
(1592, 126, 'EDİP GÜVENÇ KARADUMAN'),
(1593, 126, 'SEVDA DÜZGÜN'),
(1594, 127, 'HİLAL TUNÇ'),
(1595, 127, 'HASAN CİNBİZ'),
(1596, 127, 'GÖZDE GİZEM KURALAY'),
(1597, 128, 'İBRAHİM BAKLACI'),
(1598, 128, 'TUBA KAYA'),
(1599, 128, 'ENNUR OCAK'),
(1600, 129, 'MÜŞERREF ALIM'),
(1601, 129, 'IŞIK KARAKOYUNLU'),
(1602, 129, 'SELAHATTİN KÖKSAL'),
(1603, 130, 'RÜŞTÜ SELVAN'),
(1604, 130, 'ZEHRA ÖZBEK'),
(1605, 130, 'ERDEM ÇİMEN'),
(1606, 131, 'ESRA DADALI'),
(1607, 131, 'MÜBERRA DEĞİRMENCİ'),
(1608, 131, 'HİKMET TAŞTEKİN'),
(1609, 132, 'GÖKMEN TOMBUL'),
(1610, 132, 'YAĞMUR ÖZCAN'),
(1611, 132, 'TAYYAR ALP DOĞAN'),
(1612, 133, 'FATİH BURULDAY'),
(1613, 133, 'KERİME RUMEYSA ZAİM'),
(1614, 133, 'MEDİHA KURT'),
(1615, 134, 'YUSUF KARAKAYA'),
(1616, 134, 'TAYFUN KÜTÜKOĞLU'),
(1617, 134, 'İPEK GÜZELKÜÇÜK'),
(1618, 135, 'TİMUÇİN GÖKTAŞ'),
(1619, 135, 'PINAR KAVUKOĞLU'),
(1620, 135, 'GÖZDE GİZEM KANKILIÇ'),
(1621, 136, 'YUSUF PAKSOY'),
(1622, 136, 'UMUT ÇİÇEK'),
(1623, 136, 'VOLKAN FİLİZAY'),
(1624, 137, 'TANSU KEVKİR'),
(1625, 137, 'HANDAN ÇEÇEN'),
(1626, 137, 'AYŞE KARABULUT'),
(1627, 138, 'ŞERİFE KOYUNCU'),
(1628, 138, 'DUYGU ALTAŞ'),
(1629, 138, 'EVRE UTLU'),
(1630, 139, 'YUSUF KAÇER'),
(1631, 139, 'FATİH KANNECİ'),
(1632, 139, 'SÜLEYMAN UZUN'),
(1633, 140, 'ALP DAĞ'),
(1634, 140, 'SERKAN ÖZCAN'),
(1635, 140, 'YASEMİN ŞENCAN'),
(1636, 141, 'TÜRKER TAŞ'),
(1637, 141, 'İREM KARAKOYUNLU'),
(1638, 141, 'ELİF NİHAL YILDIZ BULUT'),
(1639, 142, 'MEHMET ÖZBEK'),
(1640, 142, 'BARIŞ BAL'),
(1641, 142, 'KURTULUŞ ÇAVLI'),
(1642, 143, 'NECMİYE GÜL KANKILIÇ'),
(1643, 143, 'BİLGİN ÖZGÜR'),
(1644, 143, 'ŞEYMA MELİHA KOÇ'),
(1645, 144, 'SANEM GÖKÇEN MERVE YILDIZ'),
(1646, 144, 'DENİZ ARMAĞAN OLGEN'),
(1647, 144, 'HARUN SAYIN'),
(1648, 145, 'AHMET ORAK'),
(1649, 145, 'ŞÜKRÜ EROĞLU'),
(1650, 145, 'AKSEL DURSUN'),
(1651, 146, 'MERT KOCA'),
(1652, 146, 'YÜKSEL ŞAHİN'),
(1653, 146, 'NESLİHAN SÜMER'),
(1654, 147, 'TUTKU SEVİNÇ'),
(1655, 147, 'ERKİN ALTAŞ'),
(1656, 147, 'SELAHATTİN TAŞDELEN'),
(1657, 148, 'BİNNUR ŞAHİN'),
(1658, 148, 'NURCAN DEĞİRMENCİ'),
(1659, 148, 'EZGİ ATİLLA'),
(1660, 149, 'HACER KAYA'),
(1661, 149, 'FERHAT TEHLİ'),
(1662, 149, 'ÖMER DEMİR'),
(1663, 150, 'SERDAR BAL'),
(1664, 150, 'MEHMET HİLMİ VAROL'),
(1665, 150, 'HÜSEYİN KALKAN EREL'),
(1666, 151, 'BAKİ ÇELİK'),
(1667, 151, 'HAMDİYE BARAN'),
(1668, 151, 'EREM GÖKÇE'),
(1669, 152, 'AHMET KARA'),
(1670, 152, 'EMİR KAAN ZEYLİ'),
(1671, 152, 'İPEK KESKİN'),
(1672, 153, 'ERHAN BAŞAR'),
(1673, 153, 'MEHMET DENİZ TAŞDELEN'),
(1674, 153, 'NİLAY BAĞCI'),
(1675, 154, 'HİDAYET KELERCİOĞLU'),
(1676, 154, 'MEHMET EMRAH HAMDEMİRCİ'),
(1677, 154, 'EDA KOTTAŞ'),
(1678, 155, 'ÇAVLAN TURAN'),
(1679, 155, 'ÖZEN ÖZLEM GÜNEBAKAN'),
(1680, 155, 'YASEMİN ÇELİK'),
(1681, 156, 'YİĞİT TÜRKAY'),
(1682, 156, 'MEHMET ÖREN'),
(1683, 156, 'HASAN SÖKMEN'),
(1684, 157, 'TEKİN SEVEN'),
(1685, 157, 'ABİDE MERVE KÖKSAL'),
(1686, 157, 'CEYDA BERBER'),
(1687, 158, 'AHMET ERZURUM'),
(1688, 158, 'FUNDA VAROL'),
(1689, 158, 'UĞUR SÖKMEN'),
(1690, 159, 'BİLGİN TOKAT'),
(1691, 159, 'HAYRİYE AKAY'),
(1692, 159, 'URAL YAVUZ'),
(1693, 160, 'GÖKSEL SEVİMLİ'),
(1694, 160, 'TUNCAY BÜYÜKKAL'),
(1695, 160, 'ÖZGÜR EROĞLU'),
(1696, 161, 'MÜJDAT DEMİRTAŞ'),
(1697, 161, 'ASLI ÇAVLI'),
(1698, 161, 'MAHMUT ESAT EROĞLU'),
(1699, 162, 'FULYA YAVUZ SEZGİN'),
(1700, 162, 'HASAN ÇİÇEK'),
(1701, 162, 'DAMLA DOĞAN'),
(1702, 163, 'TUBA AVCU'),
(1703, 163, 'SERAY DOĞAN'),
(1704, 163, 'ŞENAY ŞEN'),
(1705, 164, 'YAVUZ SELİM KANKILIÇ'),
(1706, 164, 'EMİR KAAN ŞAHİN'),
(1707, 164, 'MUSTAFA ULAŞ ZAİM'),
(1708, 165, 'MEHMET DENİZ OLGEN'),
(1709, 165, 'HASAN ALTIN'),
(1710, 165, 'EVRE SARIKAYA'),
(1711, 166, 'OĞUZ KAĞAN PAKSOY'),
(1712, 166, 'ERKİN DENİZ'),
(1713, 166, 'SELİM KARDAŞ'),
(1714, 167, 'AYHAN ÇOBAN'),
(1715, 167, 'BARIŞ KÖKSAL'),
(1716, 167, 'EZGİ GİZEM TEOMAN'),
(1717, 168, 'İBRAHİM İPEK'),
(1718, 168, 'ÜMRAN AK'),
(1719, 168, 'BURAK İNSELÖZ'),
(1720, 169, 'KADİR GÜMÜRDÜ'),
(1721, 169, 'ASUMAN TAYFUR'),
(1722, 169, 'MEHTAP ÖZMEN'),
(1723, 170, 'YAŞAR BARBAROS ÖZGÜR'),
(1724, 170, 'CAHİT ZEYLİ'),
(1725, 170, 'ERDEM ÖRENÇ'),
(1726, 171, 'SELMA KAHRAMAN'),
(1727, 171, 'MEHMET EMRAH KAYA'),
(1728, 171, 'NURAY ERAT'),
(1729, 172, 'EDİP GÜVENÇ KARADUMAN'),
(1730, 172, 'SEVDA DÜZGÜN'),
(1731, 172, 'HİLAL TUNÇ'),
(1732, 173, 'HASAN CİNBİZ'),
(1733, 173, 'GÖZDE GİZEM KURALAY'),
(1734, 173, 'İBRAHİM BAKLACI'),
(1735, 174, 'TUBA KAYA'),
(1736, 174, 'ENNUR OCAK'),
(1737, 174, 'MÜŞERREF ALIM'),
(1738, 175, 'IŞIK KARAKOYUNLU'),
(1739, 175, 'SELAHATTİN KÖKSAL'),
(1740, 175, 'RÜŞTÜ SELVAN'),
(1741, 176, 'ZEHRA ÖZBEK'),
(1742, 176, 'ERDEM ÇİMEN'),
(1743, 176, 'ESRA DADALI'),
(1744, 177, 'MÜBERRA DEĞİRMENCİ'),
(1745, 177, 'HİKMET TAŞTEKİN'),
(1746, 177, 'GÖKMEN TOMBUL'),
(1747, 178, 'YAĞMUR ÖZCAN'),
(1748, 178, 'TAYYAR ALP DOĞAN'),
(1749, 178, 'FATİH BURULDAY'),
(1750, 179, 'KERİME RUMEYSA ZAİM'),
(1751, 179, 'MEDİHA KURT'),
(1752, 179, 'YUSUF KARAKAYA'),
(1753, 180, 'TAYFUN KÜTÜKOĞLU'),
(1754, 180, 'İPEK GÜZELKÜÇÜK'),
(1755, 180, 'TİMUÇİN GÖKTAŞ'),
(1756, 181, 'PINAR KAVUKOĞLU'),
(1757, 181, 'GÖZDE GİZEM KANKILIÇ'),
(1758, 181, 'YUSUF PAKSOY'),
(1759, 182, 'UMUT ÇİÇEK'),
(1760, 182, 'VOLKAN FİLİZAY'),
(1761, 182, 'TANSU KEVKİR'),
(1762, 183, 'HANDAN ÇEÇEN'),
(1763, 183, 'AYŞE KARABULUT'),
(1764, 183, 'ŞERİFE KOYUNCU'),
(1765, 184, 'DUYGU ALTAŞ'),
(1766, 184, 'EVRE UTLU'),
(1767, 184, 'YUSUF KAÇER'),
(1768, 185, 'FATİH KANNECİ'),
(1769, 185, 'SÜLEYMAN UZUN'),
(1770, 185, 'ALP DAĞ'),
(1771, 186, 'SERKAN ÖZCAN'),
(1772, 186, 'YASEMİN ŞENCAN'),
(1773, 186, 'TÜRKER TAŞ'),
(1774, 187, 'İREM KARAKOYUNLU'),
(1775, 187, 'ELİF NİHAL YILDIZ BULUT'),
(1776, 187, 'MEHMET ÖZBEK'),
(1777, 188, 'BARIŞ BAL'),
(1778, 188, 'KURTULUŞ ÇAVLI'),
(1779, 188, 'NECMİYE GÜL KANKILIÇ'),
(1780, 189, 'BİLGİN ÖZGÜR'),
(1781, 189, 'ŞEYMA MELİHA KOÇ'),
(1782, 189, 'SANEM GÖKÇEN MERVE YILDIZ'),
(1783, 190, 'DENİZ ARMAĞAN OLGEN'),
(1784, 190, 'HARUN SAYIN'),
(1785, 190, 'AHMET ORAK'),
(1786, 191, 'ŞÜKRÜ EROĞLU'),
(1787, 191, 'AKSEL DURSUN'),
(1788, 191, 'MERT KOCA'),
(1789, 192, 'YÜKSEL ŞAHİN'),
(1790, 192, 'NESLİHAN SÜMER'),
(1791, 192, 'TUTKU SEVİNÇ'),
(1792, 193, 'ERKİN ALTAŞ'),
(1793, 193, 'SELAHATTİN TAŞDELEN'),
(1794, 193, 'BİNNUR ŞAHİN'),
(1795, 194, 'NURCAN DEĞİRMENCİ'),
(1796, 194, 'EZGİ ATİLLA'),
(1797, 194, 'HACER KAYA'),
(1798, 195, 'FERHAT TEHLİ'),
(1799, 195, 'ÖMER DEMİR'),
(1800, 195, 'SERDAR BAL'),
(1801, 196, 'MEHMET HİLMİ VAROL'),
(1802, 196, 'HÜSEYİN KALKAN EREL'),
(1803, 196, 'BAKİ ÇELİK'),
(1804, 197, 'HAMDİYE BARAN'),
(1805, 197, 'EREM GÖKÇE'),
(1806, 197, 'AHMET KARA'),
(1807, 198, 'EMİR KAAN ZEYLİ'),
(1808, 198, 'İPEK KESKİN'),
(1809, 198, 'ERHAN BAŞAR'),
(1810, 199, 'MEHMET DENİZ TAŞDELEN'),
(1811, 199, 'NİLAY BAĞCI'),
(1812, 199, 'HİDAYET KELERCİOĞLU'),
(1813, 200, 'MEHMET EMRAH HAMDEMİRCİ'),
(1814, 200, 'EDA KOTTAŞ'),
(1815, 200, 'ÇAVLAN TURAN'),
(1816, 201, 'ÖZEN ÖZLEM GÜNEBAKAN');
INSERT INTO `salesmans` (`saleman_id`, `saleman_market_id`, `saleman_name`) VALUES
(1817, 201, 'YASEMİN ÇELİK'),
(1818, 201, 'YİĞİT TÜRKAY'),
(1819, 202, 'MEHMET ÖREN'),
(1820, 202, 'HASAN SÖKMEN'),
(1821, 202, 'TEKİN SEVEN'),
(1822, 203, 'ABİDE MERVE KÖKSAL'),
(1823, 203, 'CEYDA BERBER'),
(1824, 203, 'AHMET ERZURUM'),
(1825, 204, 'FUNDA VAROL'),
(1826, 204, 'UĞUR SÖKMEN'),
(1827, 204, 'BİLGİN TOKAT'),
(1828, 205, 'HAYRİYE AKAY'),
(1829, 205, 'URAL YAVUZ'),
(1830, 205, 'GÖKSEL SEVİMLİ'),
(1831, 206, 'TUNCAY BÜYÜKKAL'),
(1832, 206, 'ÖZGÜR EROĞLU'),
(1833, 206, 'MÜJDAT DEMİRTAŞ'),
(1834, 207, 'ASLI ÇAVLI'),
(1835, 207, 'MAHMUT ESAT EROĞLU'),
(1836, 207, 'FULYA YAVUZ SEZGİN'),
(1837, 208, 'HASAN ÇİÇEK'),
(1838, 208, 'DAMLA DOĞAN'),
(1839, 208, 'TUBA AVCU'),
(1840, 209, 'SERAY DOĞAN'),
(1841, 209, 'ŞENAY ŞEN'),
(1842, 209, 'YAVUZ SELİM KANKILIÇ'),
(1843, 210, 'EMİR KAAN ŞAHİN'),
(1844, 210, 'MUSTAFA ULAŞ ZAİM'),
(1845, 210, 'MEHMET DENİZ OLGEN'),
(1846, 211, 'HASAN ALTIN'),
(1847, 211, 'EVRE SARIKAYA'),
(1848, 211, 'OĞUZ KAĞAN PAKSOY'),
(1849, 212, 'ERKİN DENİZ'),
(1850, 212, 'SELİM KARDAŞ'),
(1851, 212, 'AYHAN ÇOBAN'),
(1852, 213, 'BARIŞ KÖKSAL'),
(1853, 213, 'EZGİ GİZEM TEOMAN'),
(1854, 213, 'İBRAHİM İPEK'),
(1855, 214, 'ÜMRAN AK'),
(1856, 214, 'BURAK İNSELÖZ'),
(1857, 214, 'KADİR GÜMÜRDÜ'),
(1858, 215, 'ASUMAN TAYFUR'),
(1859, 215, 'MEHTAP ÖZMEN'),
(1860, 215, 'YAŞAR BARBAROS ÖZGÜR'),
(1861, 216, 'CAHİT ZEYLİ'),
(1862, 216, 'ERDEM ÖRENÇ'),
(1863, 216, 'SELMA KAHRAMAN'),
(1864, 217, 'MEHMET EMRAH KAYA'),
(1865, 217, 'NURAY ERAT'),
(1866, 217, 'EDİP GÜVENÇ KARADUMAN'),
(1867, 218, 'SEVDA DÜZGÜN'),
(1868, 218, 'HİLAL TUNÇ'),
(1869, 218, 'HASAN CİNBİZ'),
(1870, 219, 'GÖZDE GİZEM KURALAY'),
(1871, 219, 'İBRAHİM BAKLACI'),
(1872, 219, 'TUBA KAYA'),
(1873, 220, 'ENNUR OCAK'),
(1874, 220, 'MÜŞERREF ALIM'),
(1875, 220, 'IŞIK KARAKOYUNLU'),
(1876, 221, 'SELAHATTİN KÖKSAL'),
(1877, 221, 'RÜŞTÜ SELVAN'),
(1878, 221, 'ZEHRA ÖZBEK'),
(1879, 222, 'ERDEM ÇİMEN'),
(1880, 222, 'ESRA DADALI'),
(1881, 222, 'MÜBERRA DEĞİRMENCİ'),
(1882, 223, 'HİKMET TAŞTEKİN'),
(1883, 223, 'GÖKMEN TOMBUL'),
(1884, 223, 'YAĞMUR ÖZCAN'),
(1885, 224, 'TAYYAR ALP DOĞAN'),
(1886, 224, 'FATİH BURULDAY'),
(1887, 224, 'KERİME RUMEYSA ZAİM'),
(1888, 225, 'MEDİHA KURT'),
(1889, 225, 'YUSUF KARAKAYA'),
(1890, 225, 'TAYFUN KÜTÜKOĞLU'),
(1891, 226, 'İPEK GÜZELKÜÇÜK'),
(1892, 226, 'TİMUÇİN GÖKTAŞ'),
(1893, 226, 'PINAR KAVUKOĞLU'),
(1894, 227, 'GÖZDE GİZEM KANKILIÇ'),
(1895, 227, 'YUSUF PAKSOY'),
(1896, 227, 'UMUT ÇİÇEK'),
(1897, 228, 'VOLKAN FİLİZAY'),
(1898, 228, 'TANSU KEVKİR'),
(1899, 228, 'HANDAN ÇEÇEN'),
(1900, 229, 'AYŞE KARABULUT'),
(1901, 229, 'ŞERİFE KOYUNCU'),
(1902, 229, 'DUYGU ALTAŞ'),
(1903, 230, 'EVRE UTLU'),
(1904, 230, 'YUSUF KAÇER'),
(1905, 230, 'FATİH KANNECİ'),
(1906, 231, 'SÜLEYMAN UZUN'),
(1907, 231, 'ALP DAĞ'),
(1908, 231, 'SERKAN ÖZCAN'),
(1909, 232, 'YASEMİN ŞENCAN'),
(1910, 232, 'TÜRKER TAŞ'),
(1911, 232, 'İREM KARAKOYUNLU'),
(1912, 233, 'ELİF NİHAL YILDIZ BULUT'),
(1913, 233, 'MEHMET ÖZBEK'),
(1914, 233, 'BARIŞ BAL'),
(1915, 234, 'KURTULUŞ ÇAVLI'),
(1916, 234, 'NECMİYE GÜL KANKILIÇ'),
(1917, 234, 'BİLGİN ÖZGÜR'),
(1918, 235, 'ŞEYMA MELİHA KOÇ'),
(1919, 235, 'SANEM GÖKÇEN MERVE YILDIZ'),
(1920, 235, 'DENİZ ARMAĞAN OLGEN'),
(1921, 236, 'HARUN SAYIN'),
(1922, 236, 'AHMET ORAK'),
(1923, 236, 'ŞÜKRÜ EROĞLU'),
(1924, 237, 'AKSEL DURSUN'),
(1925, 237, 'MERT KOCA'),
(1926, 237, 'YÜKSEL ŞAHİN'),
(1927, 238, 'NESLİHAN SÜMER'),
(1928, 238, 'TUTKU SEVİNÇ'),
(1929, 238, 'ERKİN ALTAŞ'),
(1930, 239, 'SELAHATTİN TAŞDELEN'),
(1931, 239, 'BİNNUR ŞAHİN'),
(1932, 239, 'NURCAN DEĞİRMENCİ'),
(1933, 240, 'EZGİ ATİLLA'),
(1934, 240, 'HACER KAYA'),
(1935, 240, 'FERHAT TEHLİ'),
(1936, 241, 'ÖMER DEMİR'),
(1937, 241, 'SERDAR BAL'),
(1938, 241, 'MEHMET HİLMİ VAROL'),
(1939, 242, 'HÜSEYİN KALKAN EREL'),
(1940, 242, 'BAKİ ÇELİK'),
(1941, 242, 'HAMDİYE BARAN'),
(1942, 243, 'EREM GÖKÇE'),
(1943, 243, 'AHMET KARA'),
(1944, 243, 'EMİR KAAN ZEYLİ'),
(1945, 244, 'İPEK KESKİN'),
(1946, 244, 'ERHAN BAŞAR'),
(1947, 244, 'MEHMET DENİZ TAŞDELEN'),
(1948, 245, 'NİLAY BAĞCI'),
(1949, 245, 'HİDAYET KELERCİOĞLU'),
(1950, 245, 'MEHMET EMRAH HAMDEMİRCİ'),
(1951, 246, 'EDA KOTTAŞ'),
(1952, 246, 'ÇAVLAN TURAN'),
(1953, 246, 'ÖZEN ÖZLEM GÜNEBAKAN'),
(1954, 247, 'YASEMİN ÇELİK'),
(1955, 247, 'YİĞİT TÜRKAY'),
(1956, 247, 'MEHMET ÖREN'),
(1957, 248, 'HASAN SÖKMEN'),
(1958, 248, 'TEKİN SEVEN'),
(1959, 248, 'ABİDE MERVE KÖKSAL'),
(1960, 249, 'CEYDA BERBER'),
(1961, 249, 'AHMET ERZURUM'),
(1962, 249, 'FUNDA VAROL'),
(1963, 250, 'UĞUR SÖKMEN'),
(1964, 250, 'BİLGİN TOKAT'),
(1965, 250, 'HAYRİYE AKAY'),
(1966, 251, 'URAL YAVUZ'),
(1967, 251, 'GÖKSEL SEVİMLİ'),
(1968, 251, 'TUNCAY BÜYÜKKAL'),
(1969, 252, 'ÖZGÜR EROĞLU'),
(1970, 252, 'MÜJDAT DEMİRTAŞ'),
(1971, 252, 'ASLI ÇAVLI'),
(1972, 253, 'MAHMUT ESAT EROĞLU'),
(1973, 253, 'FULYA YAVUZ SEZGİN'),
(1974, 253, 'HASAN ÇİÇEK'),
(1975, 254, 'DAMLA DOĞAN'),
(1976, 254, 'TUBA AVCU'),
(1977, 254, 'SERAY DOĞAN'),
(1978, 255, 'ŞENAY ŞEN'),
(1979, 255, 'YAVUZ SELİM KANKILIÇ'),
(1980, 255, 'EMİR KAAN ŞAHİN'),
(1981, 256, 'MUSTAFA ULAŞ ZAİM'),
(1982, 256, 'MEHMET DENİZ OLGEN'),
(1983, 256, 'HASAN ALTIN'),
(1984, 257, 'EVRE SARIKAYA'),
(1985, 257, 'OĞUZ KAĞAN PAKSOY'),
(1986, 257, 'ERKİN DENİZ'),
(1987, 258, 'SELİM KARDAŞ'),
(1988, 258, 'AYHAN ÇOBAN'),
(1989, 258, 'BARIŞ KÖKSAL'),
(1990, 259, 'EZGİ GİZEM TEOMAN'),
(1991, 259, 'İBRAHİM İPEK'),
(1992, 259, 'ÜMRAN AK'),
(1993, 260, 'BURAK İNSELÖZ'),
(1994, 260, 'KADİR GÜMÜRDÜ'),
(1995, 260, 'ASUMAN TAYFUR'),
(1996, 261, 'MEHTAP ÖZMEN'),
(1997, 261, 'YAŞAR BARBAROS ÖZGÜR'),
(1998, 261, 'CAHİT ZEYLİ'),
(1999, 262, 'ERDEM ÖRENÇ'),
(2000, 262, 'SELMA KAHRAMAN'),
(2001, 262, 'MEHMET EMRAH KAYA'),
(2002, 263, 'NURAY ERAT'),
(2003, 263, 'EDİP GÜVENÇ KARADUMAN'),
(2004, 263, 'SEVDA DÜZGÜN'),
(2005, 264, 'HİLAL TUNÇ'),
(2006, 264, 'HASAN CİNBİZ'),
(2007, 264, 'GÖZDE GİZEM KURALAY'),
(2008, 265, 'İBRAHİM BAKLACI'),
(2009, 265, 'TUBA KAYA'),
(2010, 265, 'ENNUR OCAK'),
(2011, 266, 'MÜŞERREF ALIM'),
(2012, 266, 'IŞIK KARAKOYUNLU'),
(2013, 266, 'SELAHATTİN KÖKSAL'),
(2014, 267, 'RÜŞTÜ SELVAN'),
(2015, 267, 'ZEHRA ÖZBEK'),
(2016, 267, 'ERDEM ÇİMEN'),
(2017, 268, 'ESRA DADALI'),
(2018, 268, 'MÜBERRA DEĞİRMENCİ'),
(2019, 268, 'HİKMET TAŞTEKİN'),
(2020, 269, 'GÖKMEN TOMBUL'),
(2021, 269, 'YAĞMUR ÖZCAN'),
(2022, 269, 'TAYYAR ALP DOĞAN'),
(2023, 270, 'FATİH BURULDAY'),
(2024, 270, 'KERİME RUMEYSA ZAİM'),
(2025, 270, 'MEDİHA KURT'),
(2026, 271, 'YUSUF KARAKAYA'),
(2027, 271, 'TAYFUN KÜTÜKOĞLU'),
(2028, 271, 'İPEK GÜZELKÜÇÜK'),
(2029, 272, 'TİMUÇİN GÖKTAŞ'),
(2030, 272, 'PINAR KAVUKOĞLU'),
(2031, 272, 'GÖZDE GİZEM KANKILIÇ'),
(2032, 273, 'YUSUF PAKSOY'),
(2033, 273, 'UMUT ÇİÇEK'),
(2034, 273, 'VOLKAN FİLİZAY'),
(2035, 274, 'TANSU KEVKİR'),
(2036, 274, 'HANDAN ÇEÇEN'),
(2037, 274, 'AYŞE KARABULUT'),
(2038, 275, 'ŞERİFE KOYUNCU'),
(2039, 275, 'DUYGU ALTAŞ'),
(2040, 275, 'EVRE UTLU'),
(2041, 276, 'YUSUF KAÇER'),
(2042, 276, 'FATİH KANNECİ'),
(2043, 276, 'SÜLEYMAN UZUN'),
(2044, 277, 'ALP DAĞ'),
(2045, 277, 'SERKAN ÖZCAN'),
(2046, 277, 'YASEMİN ŞENCAN'),
(2047, 278, 'TÜRKER TAŞ'),
(2048, 278, 'İREM KARAKOYUNLU'),
(2049, 278, 'ELİF NİHAL YILDIZ BULUT'),
(2050, 279, 'MEHMET ÖZBEK'),
(2051, 279, 'BARIŞ BAL'),
(2052, 279, 'KURTULUŞ ÇAVLI'),
(2053, 280, 'NECMİYE GÜL KANKILIÇ'),
(2054, 280, 'BİLGİN ÖZGÜR'),
(2055, 280, 'ŞEYMA MELİHA KOÇ'),
(2056, 281, 'SANEM GÖKÇEN MERVE YILDIZ'),
(2057, 281, 'DENİZ ARMAĞAN OLGEN'),
(2058, 281, 'HARUN SAYIN'),
(2059, 282, 'AHMET ORAK'),
(2060, 282, 'ŞÜKRÜ EROĞLU'),
(2061, 282, 'AKSEL DURSUN'),
(2062, 283, 'MERT KOCA'),
(2063, 283, 'YÜKSEL ŞAHİN'),
(2064, 283, 'NESLİHAN SÜMER'),
(2065, 284, 'TUTKU SEVİNÇ'),
(2066, 284, 'ERKİN ALTAŞ'),
(2067, 284, 'SELAHATTİN TAŞDELEN'),
(2068, 285, 'BİNNUR ŞAHİN'),
(2069, 285, 'NURCAN DEĞİRMENCİ'),
(2070, 285, 'EZGİ ATİLLA'),
(2071, 286, 'HACER KAYA'),
(2072, 286, 'FERHAT TEHLİ'),
(2073, 286, 'ÖMER DEMİR'),
(2074, 287, 'SERDAR BAL'),
(2075, 287, 'MEHMET HİLMİ VAROL'),
(2076, 287, 'HÜSEYİN KALKAN EREL'),
(2077, 288, 'BAKİ ÇELİK'),
(2078, 288, 'HAMDİYE BARAN'),
(2079, 288, 'EREM GÖKÇE'),
(2080, 289, 'AHMET KARA'),
(2081, 289, 'EMİR KAAN ZEYLİ'),
(2082, 289, 'İPEK KESKİN'),
(2083, 290, 'ERHAN BAŞAR'),
(2084, 290, 'MEHMET DENİZ TAŞDELEN'),
(2085, 290, 'NİLAY BAĞCI'),
(2086, 291, 'HİDAYET KELERCİOĞLU'),
(2087, 291, 'MEHMET EMRAH HAMDEMİRCİ'),
(2088, 291, 'EDA KOTTAŞ'),
(2089, 292, 'ÇAVLAN TURAN'),
(2090, 292, 'ÖZEN ÖZLEM GÜNEBAKAN'),
(2091, 292, 'YASEMİN ÇELİK'),
(2092, 293, 'YİĞİT TÜRKAY'),
(2093, 293, 'MEHMET ÖREN'),
(2094, 293, 'HASAN SÖKMEN'),
(2095, 294, 'TEKİN SEVEN'),
(2096, 294, 'ABİDE MERVE KÖKSAL'),
(2097, 294, 'CEYDA BERBER'),
(2098, 295, 'AHMET ERZURUM'),
(2099, 295, 'FUNDA VAROL'),
(2100, 295, 'UĞUR SÖKMEN'),
(2101, 296, 'BİLGİN TOKAT'),
(2102, 296, 'HAYRİYE AKAY'),
(2103, 296, 'URAL YAVUZ'),
(2104, 297, 'GÖKSEL SEVİMLİ'),
(2105, 297, 'TUNCAY BÜYÜKKAL'),
(2106, 297, 'ÖZGÜR EROĞLU'),
(2107, 298, 'MÜJDAT DEMİRTAŞ'),
(2108, 298, 'ASLI ÇAVLI'),
(2109, 298, 'MAHMUT ESAT EROĞLU'),
(2110, 299, 'FULYA YAVUZ SEZGİN'),
(2111, 299, 'HASAN ÇİÇEK'),
(2112, 299, 'DAMLA DOĞAN'),
(2113, 300, 'TUBA AVCU'),
(2114, 300, 'SERAY DOĞAN'),
(2115, 300, 'ŞENAY ŞEN'),
(2116, 301, 'YAVUZ SELİM KANKILIÇ'),
(2117, 301, 'EMİR KAAN ŞAHİN'),
(2118, 301, 'MUSTAFA ULAŞ ZAİM'),
(2119, 302, 'MEHMET DENİZ OLGEN'),
(2120, 302, 'HASAN ALTIN'),
(2121, 302, 'EVRE SARIKAYA'),
(2122, 303, 'OĞUZ KAĞAN PAKSOY'),
(2123, 303, 'ERKİN DENİZ'),
(2124, 303, 'SELİM KARDAŞ'),
(2125, 304, 'AYHAN ÇOBAN'),
(2126, 304, 'BARIŞ KÖKSAL'),
(2127, 304, 'EZGİ GİZEM TEOMAN'),
(2128, 305, 'İBRAHİM İPEK'),
(2129, 305, 'ÜMRAN AK'),
(2130, 305, 'BURAK İNSELÖZ'),
(2131, 306, 'KADİR GÜMÜRDÜ'),
(2132, 306, 'ASUMAN TAYFUR'),
(2133, 306, 'MEHTAP ÖZMEN'),
(2134, 307, 'YAŞAR BARBAROS ÖZGÜR'),
(2135, 307, 'CAHİT ZEYLİ'),
(2136, 307, 'ERDEM ÖRENÇ'),
(2137, 308, 'SELMA KAHRAMAN'),
(2138, 308, 'MEHMET EMRAH KAYA'),
(2139, 308, 'NURAY ERAT'),
(2140, 309, 'EDİP GÜVENÇ KARADUMAN'),
(2141, 309, 'SEVDA DÜZGÜN'),
(2142, 309, 'HİLAL TUNÇ'),
(2143, 310, 'HASAN CİNBİZ'),
(2144, 310, 'GÖZDE GİZEM KURALAY'),
(2145, 310, 'İBRAHİM BAKLACI'),
(2146, 311, 'TUBA KAYA'),
(2147, 311, 'ENNUR OCAK'),
(2148, 311, 'MÜŞERREF ALIM'),
(2149, 312, 'IŞIK KARAKOYUNLU'),
(2150, 312, 'SELAHATTİN KÖKSAL'),
(2151, 312, 'RÜŞTÜ SELVAN'),
(2152, 313, 'ZEHRA ÖZBEK'),
(2153, 313, 'ERDEM ÇİMEN'),
(2154, 313, 'ESRA DADALI'),
(2155, 314, 'MÜBERRA DEĞİRMENCİ'),
(2156, 314, 'HİKMET TAŞTEKİN'),
(2157, 314, 'GÖKMEN TOMBUL'),
(2158, 315, 'YAĞMUR ÖZCAN'),
(2159, 315, 'TAYYAR ALP DOĞAN'),
(2160, 315, 'FATİH BURULDAY'),
(2161, 316, 'KERİME RUMEYSA ZAİM'),
(2162, 316, 'MEDİHA KURT'),
(2163, 316, 'YUSUF KARAKAYA'),
(2164, 317, 'TAYFUN KÜTÜKOĞLU'),
(2165, 317, 'İPEK GÜZELKÜÇÜK'),
(2166, 317, 'TİMUÇİN GÖKTAŞ'),
(2167, 318, 'PINAR KAVUKOĞLU'),
(2168, 318, 'GÖZDE GİZEM KANKILIÇ'),
(2169, 318, 'YUSUF PAKSOY'),
(2170, 319, 'UMUT ÇİÇEK'),
(2171, 319, 'VOLKAN FİLİZAY'),
(2172, 319, 'TANSU KEVKİR'),
(2173, 320, 'HANDAN ÇEÇEN'),
(2174, 320, 'AYŞE KARABULUT'),
(2175, 320, 'ŞERİFE KOYUNCU'),
(2176, 321, 'DUYGU ALTAŞ'),
(2177, 321, 'EVRE UTLU'),
(2178, 321, 'YUSUF KAÇER'),
(2179, 322, 'FATİH KANNECİ'),
(2180, 322, 'SÜLEYMAN UZUN'),
(2181, 322, 'ALP DAĞ'),
(2182, 323, 'SERKAN ÖZCAN'),
(2183, 323, 'YASEMİN ŞENCAN'),
(2184, 323, 'TÜRKER TAŞ'),
(2185, 324, 'İREM KARAKOYUNLU'),
(2186, 324, 'ELİF NİHAL YILDIZ BULUT'),
(2187, 324, 'MEHMET ÖZBEK'),
(2188, 325, 'BARIŞ BAL'),
(2189, 325, 'KURTULUŞ ÇAVLI'),
(2190, 325, 'NECMİYE GÜL KANKILIÇ'),
(2191, 326, 'BİLGİN ÖZGÜR'),
(2192, 326, 'ŞEYMA MELİHA KOÇ'),
(2193, 326, 'SANEM GÖKÇEN MERVE YILDIZ'),
(2194, 327, 'DENİZ ARMAĞAN OLGEN'),
(2195, 327, 'HARUN SAYIN'),
(2196, 327, 'AHMET ORAK'),
(2197, 328, 'ŞÜKRÜ EROĞLU'),
(2198, 328, 'AKSEL DURSUN'),
(2199, 328, 'MERT KOCA'),
(2200, 329, 'YÜKSEL ŞAHİN'),
(2201, 329, 'NESLİHAN SÜMER'),
(2202, 329, 'TUTKU SEVİNÇ'),
(2203, 330, 'ERKİN ALTAŞ'),
(2204, 330, 'SELAHATTİN TAŞDELEN'),
(2205, 330, 'BİNNUR ŞAHİN'),
(2206, 331, 'NURCAN DEĞİRMENCİ'),
(2207, 331, 'EZGİ ATİLLA'),
(2208, 331, 'HACER KAYA'),
(2209, 332, 'FERHAT TEHLİ'),
(2210, 332, 'ÖMER DEMİR'),
(2211, 332, 'SERDAR BAL'),
(2212, 333, 'MEHMET HİLMİ VAROL'),
(2213, 333, 'HÜSEYİN KALKAN EREL'),
(2214, 333, 'BAKİ ÇELİK'),
(2215, 334, 'HAMDİYE BARAN'),
(2216, 334, 'EREM GÖKÇE'),
(2217, 334, 'AHMET KARA'),
(2218, 335, 'EMİR KAAN ZEYLİ'),
(2219, 335, 'İPEK KESKİN'),
(2220, 335, 'ERHAN BAŞAR'),
(2221, 336, 'MEHMET DENİZ TAŞDELEN'),
(2222, 336, 'NİLAY BAĞCI'),
(2223, 336, 'HİDAYET KELERCİOĞLU'),
(2224, 337, 'MEHMET EMRAH HAMDEMİRCİ'),
(2225, 337, 'EDA KOTTAŞ'),
(2226, 337, 'ÇAVLAN TURAN'),
(2227, 338, 'ÖZEN ÖZLEM GÜNEBAKAN'),
(2228, 338, 'YASEMİN ÇELİK'),
(2229, 338, 'YİĞİT TÜRKAY'),
(2230, 339, 'MEHMET ÖREN'),
(2231, 339, 'HASAN SÖKMEN'),
(2232, 339, 'TEKİN SEVEN'),
(2233, 340, 'ABİDE MERVE KÖKSAL'),
(2234, 340, 'CEYDA BERBER'),
(2235, 340, 'AHMET ERZURUM'),
(2236, 341, 'FUNDA VAROL'),
(2237, 341, 'UĞUR SÖKMEN'),
(2238, 341, 'BİLGİN TOKAT'),
(2239, 342, 'HAYRİYE AKAY'),
(2240, 342, 'URAL YAVUZ'),
(2241, 342, 'GÖKSEL SEVİMLİ'),
(2242, 343, 'TUNCAY BÜYÜKKAL'),
(2243, 343, 'ÖZGÜR EROĞLU'),
(2244, 343, 'MÜJDAT DEMİRTAŞ'),
(2245, 344, 'ASLI ÇAVLI'),
(2246, 344, 'MAHMUT ESAT EROĞLU'),
(2247, 344, 'FULYA YAVUZ SEZGİN'),
(2248, 345, 'HASAN ÇİÇEK'),
(2249, 345, 'DAMLA DOĞAN'),
(2250, 345, 'TUBA AVCU'),
(2251, 346, 'SERAY DOĞAN'),
(2252, 346, 'ŞENAY ŞEN'),
(2253, 346, 'YAVUZ SELİM KANKILIÇ'),
(2254, 347, 'EMİR KAAN ŞAHİN'),
(2255, 347, 'MUSTAFA ULAŞ ZAİM'),
(2256, 347, 'MEHMET DENİZ OLGEN'),
(2257, 348, 'HASAN ALTIN'),
(2258, 348, 'EVRE SARIKAYA'),
(2259, 348, 'OĞUZ KAĞAN PAKSOY'),
(2260, 349, 'ERKİN DENİZ'),
(2261, 349, 'SELİM KARDAŞ'),
(2262, 349, 'AYHAN ÇOBAN'),
(2263, 350, 'BARIŞ KÖKSAL'),
(2264, 350, 'EZGİ GİZEM TEOMAN'),
(2265, 350, 'İBRAHİM İPEK'),
(2266, 351, 'ÜMRAN AK'),
(2267, 351, 'BURAK İNSELÖZ'),
(2268, 351, 'KADİR GÜMÜRDÜ'),
(2269, 352, 'ASUMAN TAYFUR'),
(2270, 352, 'MEHTAP ÖZMEN'),
(2271, 352, 'YAŞAR BARBAROS ÖZGÜR'),
(2272, 353, 'CAHİT ZEYLİ'),
(2273, 353, 'ERDEM ÖRENÇ'),
(2274, 353, 'SELMA KAHRAMAN'),
(2275, 354, 'MEHMET EMRAH KAYA'),
(2276, 354, 'NURAY ERAT'),
(2277, 354, 'EDİP GÜVENÇ KARADUMAN'),
(2278, 355, 'SEVDA DÜZGÜN'),
(2279, 355, 'HİLAL TUNÇ'),
(2280, 355, 'HASAN CİNBİZ'),
(2281, 356, 'GÖZDE GİZEM KURALAY'),
(2282, 356, 'İBRAHİM BAKLACI'),
(2283, 356, 'TUBA KAYA'),
(2284, 357, 'ENNUR OCAK'),
(2285, 357, 'MÜŞERREF ALIM'),
(2286, 357, 'IŞIK KARAKOYUNLU'),
(2287, 358, 'SELAHATTİN KÖKSAL'),
(2288, 358, 'RÜŞTÜ SELVAN'),
(2289, 358, 'ZEHRA ÖZBEK'),
(2290, 359, 'ERDEM ÇİMEN'),
(2291, 359, 'ESRA DADALI'),
(2292, 359, 'MÜBERRA DEĞİRMENCİ'),
(2293, 360, 'HİKMET TAŞTEKİN'),
(2294, 360, 'GÖKMEN TOMBUL'),
(2295, 360, 'YAĞMUR ÖZCAN'),
(2296, 361, 'TAYYAR ALP DOĞAN'),
(2297, 361, 'FATİH BURULDAY'),
(2298, 361, 'KERİME RUMEYSA ZAİM'),
(2299, 362, 'MEDİHA KURT'),
(2300, 362, 'YUSUF KARAKAYA'),
(2301, 362, 'TAYFUN KÜTÜKOĞLU'),
(2302, 363, 'İPEK GÜZELKÜÇÜK'),
(2303, 363, 'TİMUÇİN GÖKTAŞ'),
(2304, 363, 'PINAR KAVUKOĞLU'),
(2305, 364, 'GÖZDE GİZEM KANKILIÇ'),
(2306, 364, 'YUSUF PAKSOY'),
(2307, 364, 'UMUT ÇİÇEK'),
(2308, 365, 'VOLKAN FİLİZAY'),
(2309, 365, 'TANSU KEVKİR'),
(2310, 365, 'HANDAN ÇEÇEN'),
(2311, 366, 'AYŞE KARABULUT'),
(2312, 366, 'ŞERİFE KOYUNCU'),
(2313, 366, 'DUYGU ALTAŞ'),
(2314, 367, 'EVRE UTLU'),
(2315, 367, 'YUSUF KAÇER'),
(2316, 367, 'FATİH KANNECİ'),
(2317, 368, 'SÜLEYMAN UZUN'),
(2318, 368, 'ALP DAĞ'),
(2319, 368, 'SERKAN ÖZCAN'),
(2320, 369, 'YASEMİN ŞENCAN'),
(2321, 369, 'TÜRKER TAŞ'),
(2322, 369, 'İREM KARAKOYUNLU'),
(2323, 370, 'ELİF NİHAL YILDIZ BULUT'),
(2324, 370, 'MEHMET ÖZBEK'),
(2325, 370, 'BARIŞ BAL'),
(2326, 371, 'KURTULUŞ ÇAVLI'),
(2327, 371, 'NECMİYE GÜL KANKILIÇ'),
(2328, 371, 'BİLGİN ÖZGÜR'),
(2329, 372, 'ŞEYMA MELİHA KOÇ'),
(2330, 372, 'SANEM GÖKÇEN MERVE YILDIZ'),
(2331, 372, 'DENİZ ARMAĞAN OLGEN'),
(2332, 373, 'HARUN SAYIN'),
(2333, 373, 'AHMET ORAK'),
(2334, 373, 'ŞÜKRÜ EROĞLU'),
(2335, 374, 'AKSEL DURSUN'),
(2336, 374, 'MERT KOCA'),
(2337, 374, 'YÜKSEL ŞAHİN'),
(2338, 375, 'NESLİHAN SÜMER'),
(2339, 375, 'TUTKU SEVİNÇ'),
(2340, 375, 'ERKİN ALTAŞ'),
(2341, 376, 'SELAHATTİN TAŞDELEN'),
(2342, 376, 'BİNNUR ŞAHİN'),
(2343, 376, 'NURCAN DEĞİRMENCİ'),
(2344, 377, 'EZGİ ATİLLA'),
(2345, 377, 'HACER KAYA'),
(2346, 377, 'FERHAT TEHLİ'),
(2347, 378, 'ÖMER DEMİR'),
(2348, 378, 'SERDAR BAL'),
(2349, 378, 'MEHMET HİLMİ VAROL'),
(2350, 379, 'HÜSEYİN KALKAN EREL'),
(2351, 379, 'BAKİ ÇELİK'),
(2352, 379, 'HAMDİYE BARAN'),
(2353, 380, 'EREM GÖKÇE'),
(2354, 380, 'AHMET KARA'),
(2355, 380, 'EMİR KAAN ZEYLİ'),
(2356, 381, 'İPEK KESKİN'),
(2357, 381, 'ERHAN BAŞAR'),
(2358, 381, 'MEHMET DENİZ TAŞDELEN'),
(2359, 382, 'NİLAY BAĞCI'),
(2360, 382, 'HİDAYET KELERCİOĞLU'),
(2361, 382, 'MEHMET EMRAH HAMDEMİRCİ'),
(2362, 383, 'EDA KOTTAŞ'),
(2363, 383, 'ÇAVLAN TURAN'),
(2364, 383, 'ÖZEN ÖZLEM GÜNEBAKAN'),
(2365, 384, 'YASEMİN ÇELİK'),
(2366, 384, 'YİĞİT TÜRKAY'),
(2367, 384, 'MEHMET ÖREN'),
(2368, 385, 'HASAN SÖKMEN'),
(2369, 385, 'TEKİN SEVEN'),
(2370, 385, 'ABİDE MERVE KÖKSAL'),
(2371, 386, 'CEYDA BERBER'),
(2372, 386, 'AHMET ERZURUM'),
(2373, 386, 'FUNDA VAROL'),
(2374, 387, 'UĞUR SÖKMEN'),
(2375, 387, 'BİLGİN TOKAT'),
(2376, 387, 'HAYRİYE AKAY'),
(2377, 388, 'URAL YAVUZ'),
(2378, 388, 'GÖKSEL SEVİMLİ'),
(2379, 388, 'TUNCAY BÜYÜKKAL'),
(2380, 389, 'ÖZGÜR EROĞLU'),
(2381, 389, 'MÜJDAT DEMİRTAŞ'),
(2382, 389, 'ASLI ÇAVLI'),
(2383, 390, 'MAHMUT ESAT EROĞLU'),
(2384, 390, 'FULYA YAVUZ SEZGİN'),
(2385, 390, 'HASAN ÇİÇEK'),
(2386, 391, 'DAMLA DOĞAN'),
(2387, 391, 'TUBA AVCU'),
(2388, 391, 'SERAY DOĞAN'),
(2389, 392, 'ŞENAY ŞEN'),
(2390, 392, 'YAVUZ SELİM KANKILIÇ'),
(2391, 392, 'EMİR KAAN ŞAHİN'),
(2392, 393, 'MUSTAFA ULAŞ ZAİM'),
(2393, 393, 'MEHMET DENİZ OLGEN'),
(2394, 393, 'HASAN ALTIN'),
(2395, 394, 'EVRE SARIKAYA'),
(2396, 394, 'OĞUZ KAĞAN PAKSOY'),
(2397, 394, 'ERKİN DENİZ'),
(2398, 395, 'SELİM KARDAŞ'),
(2399, 395, 'AYHAN ÇOBAN'),
(2400, 395, 'BARIŞ KÖKSAL'),
(2401, 396, 'EZGİ GİZEM TEOMAN'),
(2402, 396, 'İBRAHİM İPEK'),
(2403, 396, 'ÜMRAN AK'),
(2404, 397, 'BURAK İNSELÖZ'),
(2405, 397, 'KADİR GÜMÜRDÜ'),
(2406, 397, 'ASUMAN TAYFUR'),
(2407, 398, 'MEHTAP ÖZMEN'),
(2408, 398, 'YAŞAR BARBAROS ÖZGÜR'),
(2409, 398, 'CAHİT ZEYLİ'),
(2410, 399, 'ERDEM ÖRENÇ'),
(2411, 399, 'SELMA KAHRAMAN'),
(2412, 399, 'MEHMET EMRAH KAYA'),
(2413, 400, 'NURAY ERAT'),
(2414, 400, 'EDİP GÜVENÇ KARADUMAN'),
(2415, 400, 'SEVDA DÜZGÜN'),
(2416, 401, 'HİLAL TUNÇ'),
(2417, 401, 'HASAN CİNBİZ'),
(2418, 401, 'GÖZDE GİZEM KURALAY'),
(2419, 402, 'İBRAHİM BAKLACI'),
(2420, 402, 'TUBA KAYA'),
(2421, 402, 'ENNUR OCAK'),
(2422, 403, 'MÜŞERREF ALIM'),
(2423, 403, 'IŞIK KARAKOYUNLU'),
(2424, 403, 'SELAHATTİN KÖKSAL'),
(2425, 404, 'RÜŞTÜ SELVAN'),
(2426, 404, 'ZEHRA ÖZBEK'),
(2427, 404, 'ERDEM ÇİMEN'),
(2428, 405, 'ESRA DADALI'),
(2429, 405, 'MÜBERRA DEĞİRMENCİ'),
(2430, 405, 'HİKMET TAŞTEKİN');

--
-- Dökümü yapılmış tablolar için indeksler
--

--
-- Tablo için indeksler `citys`
--
ALTER TABLE `citys`
  ADD PRIMARY KEY (`city_id`);

--
-- Tablo için indeksler `customers`
--
ALTER TABLE `customers`
  ADD PRIMARY KEY (`customer_id`);

--
-- Tablo için indeksler `districts`
--
ALTER TABLE `districts`
  ADD PRIMARY KEY (`district_id`);

--
-- Tablo için indeksler `markets`
--
ALTER TABLE `markets`
  ADD PRIMARY KEY (`market_id`);

--
-- Tablo için indeksler `mid_table`
--
ALTER TABLE `mid_table`
  ADD PRIMARY KEY (`mid_id`);

--
-- Tablo için indeksler `products`
--
ALTER TABLE `products`
  ADD PRIMARY KEY (`product_id`);

--
-- Tablo için indeksler `sales`
--
ALTER TABLE `sales`
  ADD PRIMARY KEY (`sale_id`);

--
-- Tablo için indeksler `salesmans`
--
ALTER TABLE `salesmans`
  ADD PRIMARY KEY (`saleman_id`);

--
-- Dökümü yapılmış tablolar için AUTO_INCREMENT değeri
--

--
-- Tablo için AUTO_INCREMENT değeri `citys`
--
ALTER TABLE `citys`
  MODIFY `city_id` int(11) NOT NULL AUTO_INCREMENT,AUTO_INCREMENT=163;
--
-- Tablo için AUTO_INCREMENT değeri `customers`
--
ALTER TABLE `customers`
  MODIFY `customer_id` int(11) NOT NULL AUTO_INCREMENT,AUTO_INCREMENT=3241;
--
-- Tablo için AUTO_INCREMENT değeri `districts`
--
ALTER TABLE `districts`
  MODIFY `district_id` int(11) NOT NULL AUTO_INCREMENT,AUTO_INCREMENT=15;
--
-- Tablo için AUTO_INCREMENT değeri `markets`
--
ALTER TABLE `markets`
  MODIFY `market_id` int(11) NOT NULL AUTO_INCREMENT,AUTO_INCREMENT=21;
--
-- Tablo için AUTO_INCREMENT değeri `mid_table`
--
ALTER TABLE `mid_table`
  MODIFY `mid_id` int(11) NOT NULL AUTO_INCREMENT,AUTO_INCREMENT=811;
--
-- Tablo için AUTO_INCREMENT değeri `products`
--
ALTER TABLE `products`
  MODIFY `product_id` int(11) NOT NULL AUTO_INCREMENT,AUTO_INCREMENT=401;
--
-- Tablo için AUTO_INCREMENT değeri `sales`
--
ALTER TABLE `sales`
  MODIFY `sale_id` int(11) NOT NULL AUTO_INCREMENT,AUTO_INCREMENT=8101;
--
-- Tablo için AUTO_INCREMENT değeri `salesmans`
--
ALTER TABLE `salesmans`
  MODIFY `saleman_id` int(11) NOT NULL AUTO_INCREMENT,AUTO_INCREMENT=2431;
/*!40101 SET CHARACTER_SET_CLIENT=@OLD_CHARACTER_SET_CLIENT */;
/*!40101 SET CHARACTER_SET_RESULTS=@OLD_CHARACTER_SET_RESULTS */;
/*!40101 SET COLLATION_CONNECTION=@OLD_COLLATION_CONNECTION */;
